--------------------------------------------------------
-- Archivo creado  - lunes-abril-01-2024   
--------------------------------------------------------
--------------------------------------------------------
--  DDL for Table ASIGNACION_DIAS
--------------------------------------------------------

  CREATE TABLE "EDUQUIZ"."ASIGNACION_DIAS" 
   (	"IDASIGNACIONDIA" NUMBER(*,0), 
	"IDDIA" NUMBER(*,0), 
	"IDCURSO" NUMBER(*,0), 
	"IDLUGAR" NUMBER(*,0)
   ) SEGMENT CREATION IMMEDIATE 
  PCTFREE 10 PCTUSED 40 INITRANS 1 MAXTRANS 255 NOCOMPRESS LOGGING
  STORAGE(INITIAL 65536 NEXT 1048576 MINEXTENTS 1 MAXEXTENTS 2147483645
  PCTINCREASE 0 FREELISTS 1 FREELIST GROUPS 1 BUFFER_POOL DEFAULT FLASH_CACHE DEFAULT CELL_FLASH_CACHE DEFAULT)
  TABLESPACE "TS_TRANSACCIONES" ;
--------------------------------------------------------
--  DDL for Table ASIGNACIONES_ESTUDIANTES
--------------------------------------------------------

  CREATE TABLE "EDUQUIZ"."ASIGNACIONES_ESTUDIANTES" 
   (	"IDASIGNACION" NUMBER(*,0), 
	"IDESTUDIANTE" NUMBER(*,0), 
	"IDEXAMENES" NUMBER(*,0), 
	"HORA_INICIO" DATE, 
	"HORA_FIN" DATE, 
	"FECHA_ASIGNACION" DATE, 
	"NOTA" FLOAT(126)
   ) SEGMENT CREATION IMMEDIATE 
  PCTFREE 10 PCTUSED 40 INITRANS 1 MAXTRANS 255 NOCOMPRESS LOGGING
  STORAGE(INITIAL 65536 NEXT 1048576 MINEXTENTS 1 MAXEXTENTS 2147483645
  PCTINCREASE 0 FREELISTS 1 FREELIST GROUPS 1 BUFFER_POOL DEFAULT FLASH_CACHE DEFAULT CELL_FLASH_CACHE DEFAULT)
  TABLESPACE "TS_TRANSACCIONES" ;
--------------------------------------------------------
--  DDL for Table ASIGNACIONES_PREGUNTAS
--------------------------------------------------------

  CREATE TABLE "EDUQUIZ"."ASIGNACIONES_PREGUNTAS" 
   (	"IDASIGNACION" NUMBER(*,0), 
	"IDESTUDIANTE" NUMBER(*,0), 
	"IDPREGUNTAS" NUMBER(*,0)
   ) SEGMENT CREATION IMMEDIATE 
  PCTFREE 10 PCTUSED 40 INITRANS 1 MAXTRANS 255 NOCOMPRESS LOGGING
  STORAGE(INITIAL 65536 NEXT 1048576 MINEXTENTS 1 MAXEXTENTS 2147483645
  PCTINCREASE 0 FREELISTS 1 FREELIST GROUPS 1 BUFFER_POOL DEFAULT FLASH_CACHE DEFAULT CELL_FLASH_CACHE DEFAULT)
  TABLESPACE "TS_TRANSACCIONES" ;
--------------------------------------------------------
--  DDL for Table BANCOPREGUNTAS
--------------------------------------------------------

  CREATE TABLE "EDUQUIZ"."BANCOPREGUNTAS" 
   (	"IDBANCO" NUMBER(*,0), 
	"PREGUNTAS_IDPREGUNTA" NUMBER(*,0), 
	"EXAMENES_IDEXAMENEN" NUMBER(*,0)
   ) SEGMENT CREATION IMMEDIATE 
  PCTFREE 10 PCTUSED 40 INITRANS 1 MAXTRANS 255 NOCOMPRESS LOGGING
  STORAGE(INITIAL 65536 NEXT 1048576 MINEXTENTS 1 MAXEXTENTS 2147483645
  PCTINCREASE 0 FREELISTS 1 FREELIST GROUPS 1 BUFFER_POOL DEFAULT FLASH_CACHE DEFAULT CELL_FLASH_CACHE DEFAULT)
  TABLESPACE "TS_TRANSACCIONES" ;
--------------------------------------------------------
--  DDL for Table CONTENIDOS
--------------------------------------------------------

  CREATE TABLE "EDUQUIZ"."CONTENIDOS" 
   (	"IDCONTENIDO" NUMBER(*,0), 
	"DESCRICONTENIDO" VARCHAR2(60 BYTE), 
	"IDUNIDAD" NUMBER(*,0)
   ) SEGMENT CREATION IMMEDIATE 
  PCTFREE 10 PCTUSED 40 INITRANS 1 MAXTRANS 255 NOCOMPRESS LOGGING
  STORAGE(INITIAL 65536 NEXT 1048576 MINEXTENTS 1 MAXEXTENTS 2147483645
  PCTINCREASE 0 FREELISTS 1 FREELIST GROUPS 1 BUFFER_POOL DEFAULT FLASH_CACHE DEFAULT CELL_FLASH_CACHE DEFAULT)
  TABLESPACE "TS_DATOS" ;
--------------------------------------------------------
--  DDL for Table CURSOS
--------------------------------------------------------

  CREATE TABLE "EDUQUIZ"."CURSOS" 
   (	"IDCURSO" NUMBER(*,0), 
	"NOMBRECURSO" VARCHAR2(60 BYTE), 
	"DESCRIPCION" VARCHAR2(60 BYTE), 
	"IDDOCENTE" NUMBER(*,0), 
	"IDMATERIA" NUMBER(*,0)
   ) SEGMENT CREATION IMMEDIATE 
  PCTFREE 10 PCTUSED 40 INITRANS 1 MAXTRANS 255 NOCOMPRESS LOGGING
  STORAGE(INITIAL 65536 NEXT 1048576 MINEXTENTS 1 MAXEXTENTS 2147483645
  PCTINCREASE 0 FREELISTS 1 FREELIST GROUPS 1 BUFFER_POOL DEFAULT FLASH_CACHE DEFAULT CELL_FLASH_CACHE DEFAULT)
  TABLESPACE "TS_DATOS" ;
--------------------------------------------------------
--  DDL for Table DIAS
--------------------------------------------------------

  CREATE TABLE "EDUQUIZ"."DIAS" 
   (	"IDDIA" NUMBER(*,0), 
	"DESCRIPCION" VARCHAR2(40 BYTE)
   ) SEGMENT CREATION IMMEDIATE 
  PCTFREE 10 PCTUSED 40 INITRANS 1 MAXTRANS 255 NOCOMPRESS LOGGING
  STORAGE(INITIAL 65536 NEXT 1048576 MINEXTENTS 1 MAXEXTENTS 2147483645
  PCTINCREASE 0 FREELISTS 1 FREELIST GROUPS 1 BUFFER_POOL DEFAULT FLASH_CACHE DEFAULT CELL_FLASH_CACHE DEFAULT)
  TABLESPACE "TS_DATOS" ;
--------------------------------------------------------
--  DDL for Table DOCENTES
--------------------------------------------------------

  CREATE TABLE "EDUQUIZ"."DOCENTES" 
   (	"IDDOCENTE" NUMBER(*,0), 
	"NOMBRE" VARCHAR2(40 BYTE), 
	"APELLIDO" VARCHAR2(40 BYTE), 
	"USUARIO" VARCHAR2(40 BYTE), 
	"CORREO_ELECTRONICO" VARCHAR2(40 BYTE), 
	"PASSWORD" VARCHAR2(40 BYTE), 
	"TELEFONO" NUMBER(*,0), 
	"DIRECCION" VARCHAR2(40 BYTE), 
	"IDINSTITUCION" NUMBER(*,0)
   ) SEGMENT CREATION IMMEDIATE 
  PCTFREE 10 PCTUSED 40 INITRANS 1 MAXTRANS 255 NOCOMPRESS LOGGING
  STORAGE(INITIAL 65536 NEXT 1048576 MINEXTENTS 1 MAXEXTENTS 2147483645
  PCTINCREASE 0 FREELISTS 1 FREELIST GROUPS 1 BUFFER_POOL DEFAULT FLASH_CACHE DEFAULT CELL_FLASH_CACHE DEFAULT)
  TABLESPACE "TS_DATOS" ;
--------------------------------------------------------
--  DDL for Table EDIFICIOS
--------------------------------------------------------

  CREATE TABLE "EDUQUIZ"."EDIFICIOS" 
   (	"IDEDIFICIO" NUMBER(*,0), 
	"DESCRIPCION" VARCHAR2(40 BYTE)
   ) SEGMENT CREATION IMMEDIATE 
  PCTFREE 10 PCTUSED 40 INITRANS 1 MAXTRANS 255 NOCOMPRESS LOGGING
  STORAGE(INITIAL 65536 NEXT 1048576 MINEXTENTS 1 MAXEXTENTS 2147483645
  PCTINCREASE 0 FREELISTS 1 FREELIST GROUPS 1 BUFFER_POOL DEFAULT FLASH_CACHE DEFAULT CELL_FLASH_CACHE DEFAULT)
  TABLESPACE "TS_DATOS" ;
--------------------------------------------------------
--  DDL for Table ESTADOS
--------------------------------------------------------

  CREATE TABLE "EDUQUIZ"."ESTADOS" 
   (	"IDESTADO" NUMBER(*,0), 
	"DESCRIPCION" VARCHAR2(40 BYTE)
   ) SEGMENT CREATION IMMEDIATE 
  PCTFREE 10 PCTUSED 40 INITRANS 1 MAXTRANS 255 NOCOMPRESS LOGGING
  STORAGE(INITIAL 65536 NEXT 1048576 MINEXTENTS 1 MAXEXTENTS 2147483645
  PCTINCREASE 0 FREELISTS 1 FREELIST GROUPS 1 BUFFER_POOL DEFAULT FLASH_CACHE DEFAULT CELL_FLASH_CACHE DEFAULT)
  TABLESPACE "TS_DATOS" ;
--------------------------------------------------------
--  DDL for Table ESTUDIANTES
--------------------------------------------------------

  CREATE TABLE "EDUQUIZ"."ESTUDIANTES" 
   (	"IDESTUDIANTE" NUMBER(*,0), 
	"NOMBRE" VARCHAR2(40 BYTE), 
	"APELLIDO" VARCHAR2(40 BYTE), 
	"USUARIO" VARCHAR2(40 BYTE), 
	"EMAIL" VARCHAR2(40 BYTE), 
	"PASSWORD" VARCHAR2(40 BYTE), 
	"TELEFONO" NUMBER(*,0), 
	"IDCURSO" NUMBER(*,0), 
	"IDGRUPO" NUMBER(*,0)
   ) SEGMENT CREATION IMMEDIATE 
  PCTFREE 10 PCTUSED 40 INITRANS 1 MAXTRANS 255 NOCOMPRESS LOGGING
  STORAGE(INITIAL 65536 NEXT 1048576 MINEXTENTS 1 MAXEXTENTS 2147483645
  PCTINCREASE 0 FREELISTS 1 FREELIST GROUPS 1 BUFFER_POOL DEFAULT FLASH_CACHE DEFAULT CELL_FLASH_CACHE DEFAULT)
  TABLESPACE "TS_DATOS" ;
--------------------------------------------------------
--  DDL for Table EXAMENES
--------------------------------------------------------

  CREATE TABLE "EDUQUIZ"."EXAMENES" 
   (	"IDEXAMENEN" NUMBER(*,0), 
	"TITULO" VARCHAR2(80 BYTE), 
	"FECHAYHORACREACION" DATE, 
	"DURACIONEXAMEN" NUMBER(*,0), 
	"CANTIDADPREGUNTAS" NUMBER(*,0), 
	"CALIFICACION" FLOAT(126), 
	"IDHORARIO" NUMBER(*,0), 
	"IDCURSO" NUMBER(*,0)
   ) SEGMENT CREATION IMMEDIATE 
  PCTFREE 10 PCTUSED 40 INITRANS 1 MAXTRANS 255 NOCOMPRESS LOGGING
  STORAGE(INITIAL 65536 NEXT 1048576 MINEXTENTS 1 MAXEXTENTS 2147483645
  PCTINCREASE 0 FREELISTS 1 FREELIST GROUPS 1 BUFFER_POOL DEFAULT FLASH_CACHE DEFAULT CELL_FLASH_CACHE DEFAULT)
  TABLESPACE "TS_TRANSACCIONES" ;
--------------------------------------------------------
--  DDL for Table GRUPOS
--------------------------------------------------------

  CREATE TABLE "EDUQUIZ"."GRUPOS" 
   (	"IDGRUPO" NUMBER(*,0), 
	"NOMBREGRUPO" VARCHAR2(40 BYTE), 
	"AÑOACATEMICO" DATE, 
	"IDDOCENTE_TUTOR" NUMBER(*,0)
   ) SEGMENT CREATION IMMEDIATE 
  PCTFREE 10 PCTUSED 40 INITRANS 1 MAXTRANS 255 NOCOMPRESS LOGGING
  STORAGE(INITIAL 65536 NEXT 1048576 MINEXTENTS 1 MAXEXTENTS 2147483645
  PCTINCREASE 0 FREELISTS 1 FREELIST GROUPS 1 BUFFER_POOL DEFAULT FLASH_CACHE DEFAULT CELL_FLASH_CACHE DEFAULT)
  TABLESPACE "TS_DATOS" ;
--------------------------------------------------------
--  DDL for Table HORARIOS
--------------------------------------------------------

  CREATE TABLE "EDUQUIZ"."HORARIOS" 
   (	"IDHORARIO" NUMBER(*,0), 
	"HORA_INICIO" DATE, 
	"HORA_FIN" DATE, 
	"IDASIGNACIONDIA" NUMBER(*,0)
   ) SEGMENT CREATION IMMEDIATE 
  PCTFREE 10 PCTUSED 40 INITRANS 1 MAXTRANS 255 NOCOMPRESS LOGGING
  STORAGE(INITIAL 65536 NEXT 1048576 MINEXTENTS 1 MAXEXTENTS 2147483645
  PCTINCREASE 0 FREELISTS 1 FREELIST GROUPS 1 BUFFER_POOL DEFAULT FLASH_CACHE DEFAULT CELL_FLASH_CACHE DEFAULT)
  TABLESPACE "TS_TRANSACCIONES" ;
--------------------------------------------------------
--  DDL for Table INSTITUCIONES
--------------------------------------------------------

  CREATE TABLE "EDUQUIZ"."INSTITUCIONES" 
   (	"IDINSTITUCION" NUMBER(*,0), 
	"NOMBRENINSTITUCION" VARCHAR2(40 BYTE), 
	"DESCRIPCION" VARCHAR2(40 BYTE), 
	"DIRECCION" VARCHAR2(40 BYTE), 
	"TELEFONO" NUMBER(*,0)
   ) SEGMENT CREATION IMMEDIATE 
  PCTFREE 10 PCTUSED 40 INITRANS 1 MAXTRANS 255 NOCOMPRESS LOGGING
  STORAGE(INITIAL 65536 NEXT 1048576 MINEXTENTS 1 MAXEXTENTS 2147483645
  PCTINCREASE 0 FREELISTS 1 FREELIST GROUPS 1 BUFFER_POOL DEFAULT FLASH_CACHE DEFAULT CELL_FLASH_CACHE DEFAULT)
  TABLESPACE "TS_DATOS" ;
--------------------------------------------------------
--  DDL for Table LUGARES
--------------------------------------------------------

  CREATE TABLE "EDUQUIZ"."LUGARES" 
   (	"IDLUGAR" NUMBER(*,0), 
	"IDEDIFICIO" NUMBER(*,0), 
	"IDSALON" NUMBER(*,0)
   ) SEGMENT CREATION IMMEDIATE 
  PCTFREE 10 PCTUSED 40 INITRANS 1 MAXTRANS 255 NOCOMPRESS LOGGING
  STORAGE(INITIAL 65536 NEXT 1048576 MINEXTENTS 1 MAXEXTENTS 2147483645
  PCTINCREASE 0 FREELISTS 1 FREELIST GROUPS 1 BUFFER_POOL DEFAULT FLASH_CACHE DEFAULT CELL_FLASH_CACHE DEFAULT)
  TABLESPACE "TS_DATOS" ;
--------------------------------------------------------
--  DDL for Table MATERIAS
--------------------------------------------------------

  CREATE TABLE "EDUQUIZ"."MATERIAS" 
   (	"IDMATERIA" NUMBER(*,0), 
	"NOMBRE" VARCHAR2(60 BYTE), 
	"DESCRIPCION" VARCHAR2(60 BYTE)
   ) SEGMENT CREATION IMMEDIATE 
  PCTFREE 10 PCTUSED 40 INITRANS 1 MAXTRANS 255 NOCOMPRESS LOGGING
  STORAGE(INITIAL 65536 NEXT 1048576 MINEXTENTS 1 MAXEXTENTS 2147483645
  PCTINCREASE 0 FREELISTS 1 FREELIST GROUPS 1 BUFFER_POOL DEFAULT FLASH_CACHE DEFAULT CELL_FLASH_CACHE DEFAULT)
  TABLESPACE "TS_DATOS" ;
--------------------------------------------------------
--  DDL for Table PREGUNTAS
--------------------------------------------------------

  CREATE TABLE "EDUQUIZ"."PREGUNTAS" 
   (	"IDPREGUNTA" NUMBER(*,0), 
	"ENUNCIADO" VARCHAR2(100 BYTE), 
	"IDTEMA" NUMBER(*,0), 
	"IDESTADO" NUMBER(*,0), 
	"IDTIPOPREGUNTA" NUMBER(*,0)
   ) SEGMENT CREATION IMMEDIATE 
  PCTFREE 10 PCTUSED 40 INITRANS 1 MAXTRANS 255 NOCOMPRESS LOGGING
  STORAGE(INITIAL 65536 NEXT 1048576 MINEXTENTS 1 MAXEXTENTS 2147483645
  PCTINCREASE 0 FREELISTS 1 FREELIST GROUPS 1 BUFFER_POOL DEFAULT FLASH_CACHE DEFAULT CELL_FLASH_CACHE DEFAULT)
  TABLESPACE "TS_TRANSACCIONES" ;
--------------------------------------------------------
--  DDL for Table RESPUESTAS
--------------------------------------------------------

  CREATE TABLE "EDUQUIZ"."RESPUESTAS" 
   (	"IDRESPUESTA" NUMBER(*,0), 
	"OPCIONRESPUESTA" VARCHAR2(70 BYTE), 
	"CORRECTA" VARCHAR2(40 BYTE), 
	"IDPREGUNTAS" NUMBER(*,0)
   ) SEGMENT CREATION IMMEDIATE 
  PCTFREE 10 PCTUSED 40 INITRANS 1 MAXTRANS 255 NOCOMPRESS LOGGING
  STORAGE(INITIAL 65536 NEXT 1048576 MINEXTENTS 1 MAXEXTENTS 2147483645
  PCTINCREASE 0 FREELISTS 1 FREELIST GROUPS 1 BUFFER_POOL DEFAULT FLASH_CACHE DEFAULT CELL_FLASH_CACHE DEFAULT)
  TABLESPACE "TS_TRANSACCIONES" ;
--------------------------------------------------------
--  DDL for Table RESPUESTAS_ESTUDIANTES
--------------------------------------------------------

  CREATE TABLE "EDUQUIZ"."RESPUESTAS_ESTUDIANTES" 
   (	"IDRESPUESTAESTUDIANTE" NUMBER(*,0), 
	"IDESTUDIANTE" NUMBER(*,0), 
	"IDEXAMENES" NUMBER(*,0), 
	"IDPREGUNTAS" NUMBER(*,0), 
	"IDRESPUESTA" NUMBER(*,0)
   ) SEGMENT CREATION IMMEDIATE 
  PCTFREE 10 PCTUSED 40 INITRANS 1 MAXTRANS 255 NOCOMPRESS LOGGING
  STORAGE(INITIAL 65536 NEXT 1048576 MINEXTENTS 1 MAXEXTENTS 2147483645
  PCTINCREASE 0 FREELISTS 1 FREELIST GROUPS 1 BUFFER_POOL DEFAULT FLASH_CACHE DEFAULT CELL_FLASH_CACHE DEFAULT)
  TABLESPACE "TS_TRANSACCIONES" ;
--------------------------------------------------------
--  DDL for Table SALONES
--------------------------------------------------------

  CREATE TABLE "EDUQUIZ"."SALONES" 
   (	"IDSALON" NUMBER(*,0), 
	"DESCRIPCION" VARCHAR2(40 BYTE)
   ) SEGMENT CREATION IMMEDIATE 
  PCTFREE 10 PCTUSED 40 INITRANS 1 MAXTRANS 255 NOCOMPRESS LOGGING
  STORAGE(INITIAL 65536 NEXT 1048576 MINEXTENTS 1 MAXEXTENTS 2147483645
  PCTINCREASE 0 FREELISTS 1 FREELIST GROUPS 1 BUFFER_POOL DEFAULT FLASH_CACHE DEFAULT CELL_FLASH_CACHE DEFAULT)
  TABLESPACE "TS_DATOS" ;
--------------------------------------------------------
--  DDL for Table TEMAS
--------------------------------------------------------

  CREATE TABLE "EDUQUIZ"."TEMAS" 
   (	"IDTEMA" NUMBER(*,0), 
	"NOMBRE" VARCHAR2(60 BYTE), 
	"DESCRIPCION" VARCHAR2(100 BYTE), 
	"IDCONTENIDO" NUMBER(*,0)
   ) SEGMENT CREATION IMMEDIATE 
  PCTFREE 10 PCTUSED 40 INITRANS 1 MAXTRANS 255 NOCOMPRESS LOGGING
  STORAGE(INITIAL 65536 NEXT 1048576 MINEXTENTS 1 MAXEXTENTS 2147483645
  PCTINCREASE 0 FREELISTS 1 FREELIST GROUPS 1 BUFFER_POOL DEFAULT FLASH_CACHE DEFAULT CELL_FLASH_CACHE DEFAULT)
  TABLESPACE "TS_DATOS" ;
--------------------------------------------------------
--  DDL for Table TEMAS_EXAMENES
--------------------------------------------------------

  CREATE TABLE "EDUQUIZ"."TEMAS_EXAMENES" 
   (	"IDTEMA_EXAMEN" NUMBER(*,0), 
	"IDEXAMENES" NUMBER(*,0), 
	"IDTEMA" NUMBER(*,0)
   ) SEGMENT CREATION IMMEDIATE 
  PCTFREE 10 PCTUSED 40 INITRANS 1 MAXTRANS 255 NOCOMPRESS LOGGING
  STORAGE(INITIAL 65536 NEXT 1048576 MINEXTENTS 1 MAXEXTENTS 2147483645
  PCTINCREASE 0 FREELISTS 1 FREELIST GROUPS 1 BUFFER_POOL DEFAULT FLASH_CACHE DEFAULT CELL_FLASH_CACHE DEFAULT)
  TABLESPACE "TS_TRANSACCIONES" ;
--------------------------------------------------------
--  DDL for Table TIPOSPREGUNTAS
--------------------------------------------------------

  CREATE TABLE "EDUQUIZ"."TIPOSPREGUNTAS" 
   (	"IDTIPOPREGUNTA" NUMBER(*,0), 
	"DESCRIPCION" VARCHAR2(60 BYTE)
   ) SEGMENT CREATION IMMEDIATE 
  PCTFREE 10 PCTUSED 40 INITRANS 1 MAXTRANS 255 NOCOMPRESS LOGGING
  STORAGE(INITIAL 65536 NEXT 1048576 MINEXTENTS 1 MAXEXTENTS 2147483645
  PCTINCREASE 0 FREELISTS 1 FREELIST GROUPS 1 BUFFER_POOL DEFAULT FLASH_CACHE DEFAULT CELL_FLASH_CACHE DEFAULT)
  TABLESPACE "TS_DATOS" ;
--------------------------------------------------------
--  DDL for Table UNIDADESESTUDIO
--------------------------------------------------------

  CREATE TABLE "EDUQUIZ"."UNIDADESESTUDIO" 
   (	"IDUNIDAD" NUMBER(*,0), 
	"NOMBRE_UNIDAD" VARCHAR2(40 BYTE), 
	"DESCRIPCION" VARCHAR2(40 BYTE), 
	"IDMATERIA" NUMBER(*,0)
   ) SEGMENT CREATION IMMEDIATE 
  PCTFREE 10 PCTUSED 40 INITRANS 1 MAXTRANS 255 NOCOMPRESS LOGGING
  STORAGE(INITIAL 65536 NEXT 1048576 MINEXTENTS 1 MAXEXTENTS 2147483645
  PCTINCREASE 0 FREELISTS 1 FREELIST GROUPS 1 BUFFER_POOL DEFAULT FLASH_CACHE DEFAULT CELL_FLASH_CACHE DEFAULT)
  TABLESPACE "TS_DATOS" ;
REM INSERTING into EDUQUIZ.ASIGNACION_DIAS
SET DEFINE OFF;
Insert into EDUQUIZ.ASIGNACION_DIAS (IDASIGNACIONDIA,IDDIA,IDCURSO,IDLUGAR) values ('1','1','1','1');
Insert into EDUQUIZ.ASIGNACION_DIAS (IDASIGNACIONDIA,IDDIA,IDCURSO,IDLUGAR) values ('2','2','2','2');
Insert into EDUQUIZ.ASIGNACION_DIAS (IDASIGNACIONDIA,IDDIA,IDCURSO,IDLUGAR) values ('3','3','3','3');
Insert into EDUQUIZ.ASIGNACION_DIAS (IDASIGNACIONDIA,IDDIA,IDCURSO,IDLUGAR) values ('4','4','4','4');
Insert into EDUQUIZ.ASIGNACION_DIAS (IDASIGNACIONDIA,IDDIA,IDCURSO,IDLUGAR) values ('5','5','5','5');
Insert into EDUQUIZ.ASIGNACION_DIAS (IDASIGNACIONDIA,IDDIA,IDCURSO,IDLUGAR) values ('6','1','6','6');
Insert into EDUQUIZ.ASIGNACION_DIAS (IDASIGNACIONDIA,IDDIA,IDCURSO,IDLUGAR) values ('7','2','7','7');
Insert into EDUQUIZ.ASIGNACION_DIAS (IDASIGNACIONDIA,IDDIA,IDCURSO,IDLUGAR) values ('8','2','8','8');
Insert into EDUQUIZ.ASIGNACION_DIAS (IDASIGNACIONDIA,IDDIA,IDCURSO,IDLUGAR) values ('9','3','9','9');
Insert into EDUQUIZ.ASIGNACION_DIAS (IDASIGNACIONDIA,IDDIA,IDCURSO,IDLUGAR) values ('10','4','10','10');
Insert into EDUQUIZ.ASIGNACION_DIAS (IDASIGNACIONDIA,IDDIA,IDCURSO,IDLUGAR) values ('11','5','11','11');
Insert into EDUQUIZ.ASIGNACION_DIAS (IDASIGNACIONDIA,IDDIA,IDCURSO,IDLUGAR) values ('12','1','12','12');
Insert into EDUQUIZ.ASIGNACION_DIAS (IDASIGNACIONDIA,IDDIA,IDCURSO,IDLUGAR) values ('13','2','13','13');
Insert into EDUQUIZ.ASIGNACION_DIAS (IDASIGNACIONDIA,IDDIA,IDCURSO,IDLUGAR) values ('14','3','14','14');
Insert into EDUQUIZ.ASIGNACION_DIAS (IDASIGNACIONDIA,IDDIA,IDCURSO,IDLUGAR) values ('15','4','15','15');
Insert into EDUQUIZ.ASIGNACION_DIAS (IDASIGNACIONDIA,IDDIA,IDCURSO,IDLUGAR) values ('16','5','16','16');
Insert into EDUQUIZ.ASIGNACION_DIAS (IDASIGNACIONDIA,IDDIA,IDCURSO,IDLUGAR) values ('17','1','17','17');
Insert into EDUQUIZ.ASIGNACION_DIAS (IDASIGNACIONDIA,IDDIA,IDCURSO,IDLUGAR) values ('18','2','18','18');
Insert into EDUQUIZ.ASIGNACION_DIAS (IDASIGNACIONDIA,IDDIA,IDCURSO,IDLUGAR) values ('19','3','19','19');
Insert into EDUQUIZ.ASIGNACION_DIAS (IDASIGNACIONDIA,IDDIA,IDCURSO,IDLUGAR) values ('20','4','20','20');
Insert into EDUQUIZ.ASIGNACION_DIAS (IDASIGNACIONDIA,IDDIA,IDCURSO,IDLUGAR) values ('21','5','21','21');
Insert into EDUQUIZ.ASIGNACION_DIAS (IDASIGNACIONDIA,IDDIA,IDCURSO,IDLUGAR) values ('22','1','22','22');
Insert into EDUQUIZ.ASIGNACION_DIAS (IDASIGNACIONDIA,IDDIA,IDCURSO,IDLUGAR) values ('23','2','23','23');
Insert into EDUQUIZ.ASIGNACION_DIAS (IDASIGNACIONDIA,IDDIA,IDCURSO,IDLUGAR) values ('24','3','24','24');
Insert into EDUQUIZ.ASIGNACION_DIAS (IDASIGNACIONDIA,IDDIA,IDCURSO,IDLUGAR) values ('25','4','25','25');
Insert into EDUQUIZ.ASIGNACION_DIAS (IDASIGNACIONDIA,IDDIA,IDCURSO,IDLUGAR) values ('26','5','26','26');
Insert into EDUQUIZ.ASIGNACION_DIAS (IDASIGNACIONDIA,IDDIA,IDCURSO,IDLUGAR) values ('27','1','27','27');
Insert into EDUQUIZ.ASIGNACION_DIAS (IDASIGNACIONDIA,IDDIA,IDCURSO,IDLUGAR) values ('28','2','28','28');
Insert into EDUQUIZ.ASIGNACION_DIAS (IDASIGNACIONDIA,IDDIA,IDCURSO,IDLUGAR) values ('29','3','29','29');
Insert into EDUQUIZ.ASIGNACION_DIAS (IDASIGNACIONDIA,IDDIA,IDCURSO,IDLUGAR) values ('30','4','30','31');
Insert into EDUQUIZ.ASIGNACION_DIAS (IDASIGNACIONDIA,IDDIA,IDCURSO,IDLUGAR) values ('31','5','31','31');
Insert into EDUQUIZ.ASIGNACION_DIAS (IDASIGNACIONDIA,IDDIA,IDCURSO,IDLUGAR) values ('32','1','32','32');
Insert into EDUQUIZ.ASIGNACION_DIAS (IDASIGNACIONDIA,IDDIA,IDCURSO,IDLUGAR) values ('33','2','33','33');
Insert into EDUQUIZ.ASIGNACION_DIAS (IDASIGNACIONDIA,IDDIA,IDCURSO,IDLUGAR) values ('34','3','34','34');
Insert into EDUQUIZ.ASIGNACION_DIAS (IDASIGNACIONDIA,IDDIA,IDCURSO,IDLUGAR) values ('35','4','35','35');
Insert into EDUQUIZ.ASIGNACION_DIAS (IDASIGNACIONDIA,IDDIA,IDCURSO,IDLUGAR) values ('36','5','36','36');
Insert into EDUQUIZ.ASIGNACION_DIAS (IDASIGNACIONDIA,IDDIA,IDCURSO,IDLUGAR) values ('37','1','37','37');
Insert into EDUQUIZ.ASIGNACION_DIAS (IDASIGNACIONDIA,IDDIA,IDCURSO,IDLUGAR) values ('38','2','38','38');
Insert into EDUQUIZ.ASIGNACION_DIAS (IDASIGNACIONDIA,IDDIA,IDCURSO,IDLUGAR) values ('39','3','39','39');
Insert into EDUQUIZ.ASIGNACION_DIAS (IDASIGNACIONDIA,IDDIA,IDCURSO,IDLUGAR) values ('40','4','40','40');
REM INSERTING into EDUQUIZ.ASIGNACIONES_ESTUDIANTES
SET DEFINE OFF;
Insert into EDUQUIZ.ASIGNACIONES_ESTUDIANTES (IDASIGNACION,IDESTUDIANTE,IDEXAMENES,HORA_INICIO,HORA_FIN,FECHA_ASIGNACION,NOTA) values ('1','1','1',to_date('01/04/24','DD/MM/RR'),to_date('01/04/24','DD/MM/RR'),to_date('01/04/24','DD/MM/RR'),'5');
Insert into EDUQUIZ.ASIGNACIONES_ESTUDIANTES (IDASIGNACION,IDESTUDIANTE,IDEXAMENES,HORA_INICIO,HORA_FIN,FECHA_ASIGNACION,NOTA) values ('2','2','2',to_date('01/04/24','DD/MM/RR'),to_date('01/04/24','DD/MM/RR'),to_date('01/04/24','DD/MM/RR'),'5');
Insert into EDUQUIZ.ASIGNACIONES_ESTUDIANTES (IDASIGNACION,IDESTUDIANTE,IDEXAMENES,HORA_INICIO,HORA_FIN,FECHA_ASIGNACION,NOTA) values ('3','3','3',to_date('01/04/24','DD/MM/RR'),to_date('01/04/24','DD/MM/RR'),to_date('01/04/24','DD/MM/RR'),'5');
Insert into EDUQUIZ.ASIGNACIONES_ESTUDIANTES (IDASIGNACION,IDESTUDIANTE,IDEXAMENES,HORA_INICIO,HORA_FIN,FECHA_ASIGNACION,NOTA) values ('4','4','4',to_date('01/04/24','DD/MM/RR'),to_date('01/04/24','DD/MM/RR'),to_date('25/04/24','DD/MM/RR'),'5');
Insert into EDUQUIZ.ASIGNACIONES_ESTUDIANTES (IDASIGNACION,IDESTUDIANTE,IDEXAMENES,HORA_INICIO,HORA_FIN,FECHA_ASIGNACION,NOTA) values ('5','5','5',to_date('01/04/24','DD/MM/RR'),to_date('01/04/24','DD/MM/RR'),to_date('25/04/24','DD/MM/RR'),'5');
Insert into EDUQUIZ.ASIGNACIONES_ESTUDIANTES (IDASIGNACION,IDESTUDIANTE,IDEXAMENES,HORA_INICIO,HORA_FIN,FECHA_ASIGNACION,NOTA) values ('6','6','6',to_date('01/04/24','DD/MM/RR'),to_date('01/04/24','DD/MM/RR'),to_date('25/04/24','DD/MM/RR'),'5');
Insert into EDUQUIZ.ASIGNACIONES_ESTUDIANTES (IDASIGNACION,IDESTUDIANTE,IDEXAMENES,HORA_INICIO,HORA_FIN,FECHA_ASIGNACION,NOTA) values ('7','7','7',to_date('01/04/24','DD/MM/RR'),to_date('01/04/24','DD/MM/RR'),to_date('14/04/24','DD/MM/RR'),'5');
Insert into EDUQUIZ.ASIGNACIONES_ESTUDIANTES (IDASIGNACION,IDESTUDIANTE,IDEXAMENES,HORA_INICIO,HORA_FIN,FECHA_ASIGNACION,NOTA) values ('8','8','8',to_date('01/04/24','DD/MM/RR'),to_date('01/04/24','DD/MM/RR'),to_date('14/04/24','DD/MM/RR'),'5');
Insert into EDUQUIZ.ASIGNACIONES_ESTUDIANTES (IDASIGNACION,IDESTUDIANTE,IDEXAMENES,HORA_INICIO,HORA_FIN,FECHA_ASIGNACION,NOTA) values ('9','9','9',to_date('01/04/24','DD/MM/RR'),to_date('01/04/24','DD/MM/RR'),to_date('14/04/24','DD/MM/RR'),'5');
Insert into EDUQUIZ.ASIGNACIONES_ESTUDIANTES (IDASIGNACION,IDESTUDIANTE,IDEXAMENES,HORA_INICIO,HORA_FIN,FECHA_ASIGNACION,NOTA) values ('10','10','10',to_date('01/04/24','DD/MM/RR'),to_date('01/04/24','DD/MM/RR'),to_date('14/04/24','DD/MM/RR'),'5');
Insert into EDUQUIZ.ASIGNACIONES_ESTUDIANTES (IDASIGNACION,IDESTUDIANTE,IDEXAMENES,HORA_INICIO,HORA_FIN,FECHA_ASIGNACION,NOTA) values ('11','11','11',to_date('01/04/24','DD/MM/RR'),to_date('01/04/24','DD/MM/RR'),to_date('22/04/24','DD/MM/RR'),'5');
Insert into EDUQUIZ.ASIGNACIONES_ESTUDIANTES (IDASIGNACION,IDESTUDIANTE,IDEXAMENES,HORA_INICIO,HORA_FIN,FECHA_ASIGNACION,NOTA) values ('12','12','12',to_date('01/04/24','DD/MM/RR'),to_date('01/04/24','DD/MM/RR'),to_date('22/04/24','DD/MM/RR'),'5');
Insert into EDUQUIZ.ASIGNACIONES_ESTUDIANTES (IDASIGNACION,IDESTUDIANTE,IDEXAMENES,HORA_INICIO,HORA_FIN,FECHA_ASIGNACION,NOTA) values ('13','13','13',to_date('01/04/24','DD/MM/RR'),to_date('01/04/24','DD/MM/RR'),to_date('22/04/24','DD/MM/RR'),'5');
Insert into EDUQUIZ.ASIGNACIONES_ESTUDIANTES (IDASIGNACION,IDESTUDIANTE,IDEXAMENES,HORA_INICIO,HORA_FIN,FECHA_ASIGNACION,NOTA) values ('14','14','14',to_date('01/04/24','DD/MM/RR'),to_date('01/04/24','DD/MM/RR'),to_date('15/04/24','DD/MM/RR'),'5');
Insert into EDUQUIZ.ASIGNACIONES_ESTUDIANTES (IDASIGNACION,IDESTUDIANTE,IDEXAMENES,HORA_INICIO,HORA_FIN,FECHA_ASIGNACION,NOTA) values ('15','15','15',to_date('01/04/24','DD/MM/RR'),to_date('01/04/24','DD/MM/RR'),to_date('15/04/24','DD/MM/RR'),'5');
Insert into EDUQUIZ.ASIGNACIONES_ESTUDIANTES (IDASIGNACION,IDESTUDIANTE,IDEXAMENES,HORA_INICIO,HORA_FIN,FECHA_ASIGNACION,NOTA) values ('16','16','16',to_date('01/04/24','DD/MM/RR'),to_date('01/04/24','DD/MM/RR'),to_date('15/04/24','DD/MM/RR'),'5');
Insert into EDUQUIZ.ASIGNACIONES_ESTUDIANTES (IDASIGNACION,IDESTUDIANTE,IDEXAMENES,HORA_INICIO,HORA_FIN,FECHA_ASIGNACION,NOTA) values ('17','17','17',to_date('01/04/24','DD/MM/RR'),to_date('01/04/24','DD/MM/RR'),to_date('22/04/24','DD/MM/RR'),'5');
Insert into EDUQUIZ.ASIGNACIONES_ESTUDIANTES (IDASIGNACION,IDESTUDIANTE,IDEXAMENES,HORA_INICIO,HORA_FIN,FECHA_ASIGNACION,NOTA) values ('18','18','18',to_date('01/04/24','DD/MM/RR'),to_date('01/04/24','DD/MM/RR'),to_date('22/04/24','DD/MM/RR'),'5');
Insert into EDUQUIZ.ASIGNACIONES_ESTUDIANTES (IDASIGNACION,IDESTUDIANTE,IDEXAMENES,HORA_INICIO,HORA_FIN,FECHA_ASIGNACION,NOTA) values ('19','19','19',to_date('01/04/24','DD/MM/RR'),to_date('01/04/24','DD/MM/RR'),to_date('22/04/24','DD/MM/RR'),'5');
Insert into EDUQUIZ.ASIGNACIONES_ESTUDIANTES (IDASIGNACION,IDESTUDIANTE,IDEXAMENES,HORA_INICIO,HORA_FIN,FECHA_ASIGNACION,NOTA) values ('20','20','20',to_date('01/04/24','DD/MM/RR'),to_date('01/04/24','DD/MM/RR'),to_date('15/04/24','DD/MM/RR'),'5');
Insert into EDUQUIZ.ASIGNACIONES_ESTUDIANTES (IDASIGNACION,IDESTUDIANTE,IDEXAMENES,HORA_INICIO,HORA_FIN,FECHA_ASIGNACION,NOTA) values ('21','21','21',to_date('01/04/24','DD/MM/RR'),to_date('01/04/24','DD/MM/RR'),to_date('15/04/24','DD/MM/RR'),'5');
Insert into EDUQUIZ.ASIGNACIONES_ESTUDIANTES (IDASIGNACION,IDESTUDIANTE,IDEXAMENES,HORA_INICIO,HORA_FIN,FECHA_ASIGNACION,NOTA) values ('22','22','22',to_date('01/04/24','DD/MM/RR'),to_date('01/04/24','DD/MM/RR'),to_date('15/04/24','DD/MM/RR'),'5');
Insert into EDUQUIZ.ASIGNACIONES_ESTUDIANTES (IDASIGNACION,IDESTUDIANTE,IDEXAMENES,HORA_INICIO,HORA_FIN,FECHA_ASIGNACION,NOTA) values ('23','23','23',to_date('01/04/24','DD/MM/RR'),to_date('01/04/24','DD/MM/RR'),to_date('29/04/24','DD/MM/RR'),'5');
Insert into EDUQUIZ.ASIGNACIONES_ESTUDIANTES (IDASIGNACION,IDESTUDIANTE,IDEXAMENES,HORA_INICIO,HORA_FIN,FECHA_ASIGNACION,NOTA) values ('24','24','24',to_date('01/04/24','DD/MM/RR'),to_date('01/04/24','DD/MM/RR'),to_date('29/04/24','DD/MM/RR'),'5');
Insert into EDUQUIZ.ASIGNACIONES_ESTUDIANTES (IDASIGNACION,IDESTUDIANTE,IDEXAMENES,HORA_INICIO,HORA_FIN,FECHA_ASIGNACION,NOTA) values ('25','25','25',to_date('01/04/24','DD/MM/RR'),to_date('01/04/24','DD/MM/RR'),to_date('29/04/24','DD/MM/RR'),'5');
Insert into EDUQUIZ.ASIGNACIONES_ESTUDIANTES (IDASIGNACION,IDESTUDIANTE,IDEXAMENES,HORA_INICIO,HORA_FIN,FECHA_ASIGNACION,NOTA) values ('26','26','26',to_date('01/04/24','DD/MM/RR'),to_date('01/04/24','DD/MM/RR'),to_date('06/05/24','DD/MM/RR'),'5');
Insert into EDUQUIZ.ASIGNACIONES_ESTUDIANTES (IDASIGNACION,IDESTUDIANTE,IDEXAMENES,HORA_INICIO,HORA_FIN,FECHA_ASIGNACION,NOTA) values ('27','27','27',to_date('01/04/24','DD/MM/RR'),to_date('01/04/24','DD/MM/RR'),to_date('06/05/24','DD/MM/RR'),'5');
Insert into EDUQUIZ.ASIGNACIONES_ESTUDIANTES (IDASIGNACION,IDESTUDIANTE,IDEXAMENES,HORA_INICIO,HORA_FIN,FECHA_ASIGNACION,NOTA) values ('28','28','28',to_date('01/04/24','DD/MM/RR'),to_date('01/04/24','DD/MM/RR'),to_date('06/05/24','DD/MM/RR'),'5');
Insert into EDUQUIZ.ASIGNACIONES_ESTUDIANTES (IDASIGNACION,IDESTUDIANTE,IDEXAMENES,HORA_INICIO,HORA_FIN,FECHA_ASIGNACION,NOTA) values ('29','29','29',to_date('01/04/24','DD/MM/RR'),to_date('01/04/24','DD/MM/RR'),to_date('06/05/24','DD/MM/RR'),'5');
Insert into EDUQUIZ.ASIGNACIONES_ESTUDIANTES (IDASIGNACION,IDESTUDIANTE,IDEXAMENES,HORA_INICIO,HORA_FIN,FECHA_ASIGNACION,NOTA) values ('30','30','30',to_date('01/04/24','DD/MM/RR'),to_date('01/04/24','DD/MM/RR'),to_date('06/05/24','DD/MM/RR'),'5');
Insert into EDUQUIZ.ASIGNACIONES_ESTUDIANTES (IDASIGNACION,IDESTUDIANTE,IDEXAMENES,HORA_INICIO,HORA_FIN,FECHA_ASIGNACION,NOTA) values ('31','31','31',to_date('01/04/24','DD/MM/RR'),to_date('01/04/24','DD/MM/RR'),to_date('06/05/24','DD/MM/RR'),'5');
Insert into EDUQUIZ.ASIGNACIONES_ESTUDIANTES (IDASIGNACION,IDESTUDIANTE,IDEXAMENES,HORA_INICIO,HORA_FIN,FECHA_ASIGNACION,NOTA) values ('32','32','32',to_date('01/04/24','DD/MM/RR'),to_date('01/04/24','DD/MM/RR'),to_date('15/04/24','DD/MM/RR'),'5');
Insert into EDUQUIZ.ASIGNACIONES_ESTUDIANTES (IDASIGNACION,IDESTUDIANTE,IDEXAMENES,HORA_INICIO,HORA_FIN,FECHA_ASIGNACION,NOTA) values ('33','33','33',to_date('01/04/24','DD/MM/RR'),to_date('01/04/24','DD/MM/RR'),to_date('15/04/24','DD/MM/RR'),'5');
Insert into EDUQUIZ.ASIGNACIONES_ESTUDIANTES (IDASIGNACION,IDESTUDIANTE,IDEXAMENES,HORA_INICIO,HORA_FIN,FECHA_ASIGNACION,NOTA) values ('34','34','34',to_date('01/04/24','DD/MM/RR'),to_date('01/04/24','DD/MM/RR'),to_date('15/04/24','DD/MM/RR'),'5');
Insert into EDUQUIZ.ASIGNACIONES_ESTUDIANTES (IDASIGNACION,IDESTUDIANTE,IDEXAMENES,HORA_INICIO,HORA_FIN,FECHA_ASIGNACION,NOTA) values ('35','35','35',to_date('01/04/24','DD/MM/RR'),to_date('01/04/24','DD/MM/RR'),to_date('22/04/24','DD/MM/RR'),'5');
Insert into EDUQUIZ.ASIGNACIONES_ESTUDIANTES (IDASIGNACION,IDESTUDIANTE,IDEXAMENES,HORA_INICIO,HORA_FIN,FECHA_ASIGNACION,NOTA) values ('36','36','36',to_date('01/04/24','DD/MM/RR'),to_date('01/04/24','DD/MM/RR'),to_date('22/04/24','DD/MM/RR'),'5');
Insert into EDUQUIZ.ASIGNACIONES_ESTUDIANTES (IDASIGNACION,IDESTUDIANTE,IDEXAMENES,HORA_INICIO,HORA_FIN,FECHA_ASIGNACION,NOTA) values ('37','37','37',to_date('01/04/24','DD/MM/RR'),to_date('01/04/24','DD/MM/RR'),to_date('22/04/24','DD/MM/RR'),'5');
Insert into EDUQUIZ.ASIGNACIONES_ESTUDIANTES (IDASIGNACION,IDESTUDIANTE,IDEXAMENES,HORA_INICIO,HORA_FIN,FECHA_ASIGNACION,NOTA) values ('38','38','38',to_date('01/04/24','DD/MM/RR'),to_date('01/04/24','DD/MM/RR'),to_date('29/04/24','DD/MM/RR'),'5');
Insert into EDUQUIZ.ASIGNACIONES_ESTUDIANTES (IDASIGNACION,IDESTUDIANTE,IDEXAMENES,HORA_INICIO,HORA_FIN,FECHA_ASIGNACION,NOTA) values ('39','39','39',to_date('01/04/24','DD/MM/RR'),to_date('01/04/24','DD/MM/RR'),to_date('29/04/24','DD/MM/RR'),'5');
Insert into EDUQUIZ.ASIGNACIONES_ESTUDIANTES (IDASIGNACION,IDESTUDIANTE,IDEXAMENES,HORA_INICIO,HORA_FIN,FECHA_ASIGNACION,NOTA) values ('40','40','40',to_date('01/04/24','DD/MM/RR'),to_date('01/04/24','DD/MM/RR'),to_date('29/04/24','DD/MM/RR'),'5');
REM INSERTING into EDUQUIZ.ASIGNACIONES_PREGUNTAS
SET DEFINE OFF;
Insert into EDUQUIZ.ASIGNACIONES_PREGUNTAS (IDASIGNACION,IDESTUDIANTE,IDPREGUNTAS) values ('1','1','1');
Insert into EDUQUIZ.ASIGNACIONES_PREGUNTAS (IDASIGNACION,IDESTUDIANTE,IDPREGUNTAS) values ('2','2','2');
Insert into EDUQUIZ.ASIGNACIONES_PREGUNTAS (IDASIGNACION,IDESTUDIANTE,IDPREGUNTAS) values ('3','3','3');
Insert into EDUQUIZ.ASIGNACIONES_PREGUNTAS (IDASIGNACION,IDESTUDIANTE,IDPREGUNTAS) values ('4','4','4');
Insert into EDUQUIZ.ASIGNACIONES_PREGUNTAS (IDASIGNACION,IDESTUDIANTE,IDPREGUNTAS) values ('5','5','5');
Insert into EDUQUIZ.ASIGNACIONES_PREGUNTAS (IDASIGNACION,IDESTUDIANTE,IDPREGUNTAS) values ('6','6','6');
Insert into EDUQUIZ.ASIGNACIONES_PREGUNTAS (IDASIGNACION,IDESTUDIANTE,IDPREGUNTAS) values ('7','7','7');
Insert into EDUQUIZ.ASIGNACIONES_PREGUNTAS (IDASIGNACION,IDESTUDIANTE,IDPREGUNTAS) values ('8','8','8');
Insert into EDUQUIZ.ASIGNACIONES_PREGUNTAS (IDASIGNACION,IDESTUDIANTE,IDPREGUNTAS) values ('9','9','9');
Insert into EDUQUIZ.ASIGNACIONES_PREGUNTAS (IDASIGNACION,IDESTUDIANTE,IDPREGUNTAS) values ('10','10','10');
Insert into EDUQUIZ.ASIGNACIONES_PREGUNTAS (IDASIGNACION,IDESTUDIANTE,IDPREGUNTAS) values ('11','11','11');
Insert into EDUQUIZ.ASIGNACIONES_PREGUNTAS (IDASIGNACION,IDESTUDIANTE,IDPREGUNTAS) values ('12','12','12');
Insert into EDUQUIZ.ASIGNACIONES_PREGUNTAS (IDASIGNACION,IDESTUDIANTE,IDPREGUNTAS) values ('13','13','13');
Insert into EDUQUIZ.ASIGNACIONES_PREGUNTAS (IDASIGNACION,IDESTUDIANTE,IDPREGUNTAS) values ('14','14','14');
Insert into EDUQUIZ.ASIGNACIONES_PREGUNTAS (IDASIGNACION,IDESTUDIANTE,IDPREGUNTAS) values ('15','15','15');
Insert into EDUQUIZ.ASIGNACIONES_PREGUNTAS (IDASIGNACION,IDESTUDIANTE,IDPREGUNTAS) values ('16','16','16');
Insert into EDUQUIZ.ASIGNACIONES_PREGUNTAS (IDASIGNACION,IDESTUDIANTE,IDPREGUNTAS) values ('17','17','17');
Insert into EDUQUIZ.ASIGNACIONES_PREGUNTAS (IDASIGNACION,IDESTUDIANTE,IDPREGUNTAS) values ('18','18','18');
Insert into EDUQUIZ.ASIGNACIONES_PREGUNTAS (IDASIGNACION,IDESTUDIANTE,IDPREGUNTAS) values ('19','19','19');
Insert into EDUQUIZ.ASIGNACIONES_PREGUNTAS (IDASIGNACION,IDESTUDIANTE,IDPREGUNTAS) values ('20','20','20');
Insert into EDUQUIZ.ASIGNACIONES_PREGUNTAS (IDASIGNACION,IDESTUDIANTE,IDPREGUNTAS) values ('21','21','21');
Insert into EDUQUIZ.ASIGNACIONES_PREGUNTAS (IDASIGNACION,IDESTUDIANTE,IDPREGUNTAS) values ('22','22','22');
Insert into EDUQUIZ.ASIGNACIONES_PREGUNTAS (IDASIGNACION,IDESTUDIANTE,IDPREGUNTAS) values ('23','23','23');
Insert into EDUQUIZ.ASIGNACIONES_PREGUNTAS (IDASIGNACION,IDESTUDIANTE,IDPREGUNTAS) values ('24','24','24');
Insert into EDUQUIZ.ASIGNACIONES_PREGUNTAS (IDASIGNACION,IDESTUDIANTE,IDPREGUNTAS) values ('25','25','25');
Insert into EDUQUIZ.ASIGNACIONES_PREGUNTAS (IDASIGNACION,IDESTUDIANTE,IDPREGUNTAS) values ('26','26','26');
Insert into EDUQUIZ.ASIGNACIONES_PREGUNTAS (IDASIGNACION,IDESTUDIANTE,IDPREGUNTAS) values ('27','27','27');
Insert into EDUQUIZ.ASIGNACIONES_PREGUNTAS (IDASIGNACION,IDESTUDIANTE,IDPREGUNTAS) values ('28','28','28');
Insert into EDUQUIZ.ASIGNACIONES_PREGUNTAS (IDASIGNACION,IDESTUDIANTE,IDPREGUNTAS) values ('29','29','29');
Insert into EDUQUIZ.ASIGNACIONES_PREGUNTAS (IDASIGNACION,IDESTUDIANTE,IDPREGUNTAS) values ('30','30','30');
Insert into EDUQUIZ.ASIGNACIONES_PREGUNTAS (IDASIGNACION,IDESTUDIANTE,IDPREGUNTAS) values ('31','31','31');
Insert into EDUQUIZ.ASIGNACIONES_PREGUNTAS (IDASIGNACION,IDESTUDIANTE,IDPREGUNTAS) values ('32','32','32');
Insert into EDUQUIZ.ASIGNACIONES_PREGUNTAS (IDASIGNACION,IDESTUDIANTE,IDPREGUNTAS) values ('33','33','33');
Insert into EDUQUIZ.ASIGNACIONES_PREGUNTAS (IDASIGNACION,IDESTUDIANTE,IDPREGUNTAS) values ('34','34','34');
Insert into EDUQUIZ.ASIGNACIONES_PREGUNTAS (IDASIGNACION,IDESTUDIANTE,IDPREGUNTAS) values ('35','35','35');
Insert into EDUQUIZ.ASIGNACIONES_PREGUNTAS (IDASIGNACION,IDESTUDIANTE,IDPREGUNTAS) values ('36','36','36');
Insert into EDUQUIZ.ASIGNACIONES_PREGUNTAS (IDASIGNACION,IDESTUDIANTE,IDPREGUNTAS) values ('37','37','37');
Insert into EDUQUIZ.ASIGNACIONES_PREGUNTAS (IDASIGNACION,IDESTUDIANTE,IDPREGUNTAS) values ('38','38','38');
Insert into EDUQUIZ.ASIGNACIONES_PREGUNTAS (IDASIGNACION,IDESTUDIANTE,IDPREGUNTAS) values ('39','39','39');
Insert into EDUQUIZ.ASIGNACIONES_PREGUNTAS (IDASIGNACION,IDESTUDIANTE,IDPREGUNTAS) values ('40','40','40');
REM INSERTING into EDUQUIZ.BANCOPREGUNTAS
SET DEFINE OFF;
REM INSERTING into EDUQUIZ.CONTENIDOS
SET DEFINE OFF;
Insert into EDUQUIZ.CONTENIDOS (IDCONTENIDO,DESCRICONTENIDO,IDUNIDAD) values ('1','Introducción al tema - Contenido 1','1');
Insert into EDUQUIZ.CONTENIDOS (IDCONTENIDO,DESCRICONTENIDO,IDUNIDAD) values ('2','Conceptos básicos - Contenido 1','2');
Insert into EDUQUIZ.CONTENIDOS (IDCONTENIDO,DESCRICONTENIDO,IDUNIDAD) values ('3','Cálculo de límites - Contenido 1','3');
Insert into EDUQUIZ.CONTENIDOS (IDCONTENIDO,DESCRICONTENIDO,IDUNIDAD) values ('5','Edad Media - Contenido 1','5');
Insert into EDUQUIZ.CONTENIDOS (IDCONTENIDO,DESCRICONTENIDO,IDUNIDAD) values ('6','Siglo de Oro - Contenido 1','6');
Insert into EDUQUIZ.CONTENIDOS (IDCONTENIDO,DESCRICONTENIDO,IDUNIDAD) values ('8','Leyes de Newton - Contenido 1','8');
Insert into EDUQUIZ.CONTENIDOS (IDCONTENIDO,DESCRICONTENIDO,IDUNIDAD) values ('9','Trabajo y energía - Contenido 1','9');
Insert into EDUQUIZ.CONTENIDOS (IDCONTENIDO,DESCRICONTENIDO,IDUNIDAD) values ('11','Reacciones orgánicas - Contenido 1','11');
Insert into EDUQUIZ.CONTENIDOS (IDCONTENIDO,DESCRICONTENIDO,IDUNIDAD) values ('13','Estructuras celulares - Contenido 1','13');
Insert into EDUQUIZ.CONTENIDOS (IDCONTENIDO,DESCRICONTENIDO,IDUNIDAD) values ('14','Funciones celulares - Contenido 1','14');
Insert into EDUQUIZ.CONTENIDOS (IDCONTENIDO,DESCRICONTENIDO,IDUNIDAD) values ('19','Relieve terrestre - Contenido 1','19');
Insert into EDUQUIZ.CONTENIDOS (IDCONTENIDO,DESCRICONTENIDO,IDUNIDAD) values ('20','Climatología - Contenido 1','20');
Insert into EDUQUIZ.CONTENIDOS (IDCONTENIDO,DESCRICONTENIDO,IDUNIDAD) values ('22','Gramática avanzada - Contenido 1','22');
Insert into EDUQUIZ.CONTENIDOS (IDCONTENIDO,DESCRICONTENIDO,IDUNIDAD) values ('24','Técnicas de natación - Contenido 1','24');
Insert into EDUQUIZ.CONTENIDOS (IDCONTENIDO,DESCRICONTENIDO,IDUNIDAD) values ('25','Estilos de nado - Contenido 1','25');
Insert into EDUQUIZ.CONTENIDOS (IDCONTENIDO,DESCRICONTENIDO,IDUNIDAD) values ('26','Actividades acuáticas - Contenido 1','26');
Insert into EDUQUIZ.CONTENIDOS (IDCONTENIDO,DESCRICONTENIDO,IDUNIDAD) values ('28','Materiales y herramientas - Contenido 1','28');
Insert into EDUQUIZ.CONTENIDOS (IDCONTENIDO,DESCRICONTENIDO,IDUNIDAD) values ('29','Técnicas de aplicación - Contenido 1','29');
Insert into EDUQUIZ.CONTENIDOS (IDCONTENIDO,DESCRICONTENIDO,IDUNIDAD) values ('31','Géneros musicales - Contenido 1','31');
Insert into EDUQUIZ.CONTENIDOS (IDCONTENIDO,DESCRICONTENIDO,IDUNIDAD) values ('32','Análisis de obras - Contenido 1','32');
Insert into EDUQUIZ.CONTENIDOS (IDCONTENIDO,DESCRICONTENIDO,IDUNIDAD) values ('34','Desarrollo frontend - Contenido 1','34');
Insert into EDUQUIZ.CONTENIDOS (IDCONTENIDO,DESCRICONTENIDO,IDUNIDAD) values ('35','Desarrollo backend - Contenido 1','35');
Insert into EDUQUIZ.CONTENIDOS (IDCONTENIDO,DESCRICONTENIDO,IDUNIDAD) values ('37','Pensamiento presocrático - Contenido 1','37');
Insert into EDUQUIZ.CONTENIDOS (IDCONTENIDO,DESCRICONTENIDO,IDUNIDAD) values ('38','Filosofía clásica - Contenido 1','38');
Insert into EDUQUIZ.CONTENIDOS (IDCONTENIDO,DESCRICONTENIDO,IDUNIDAD) values ('40','Oferta y demanda - Contenido 1','40');
Insert into EDUQUIZ.CONTENIDOS (IDCONTENIDO,DESCRICONTENIDO,IDUNIDAD) values ('41','Elasticidad y aplicaciones - Contenido 1','41');
Insert into EDUQUIZ.CONTENIDOS (IDCONTENIDO,DESCRICONTENIDO,IDUNIDAD) values ('43','Registro contable - Contenido 1','43');
Insert into EDUQUIZ.CONTENIDOS (IDCONTENIDO,DESCRICONTENIDO,IDUNIDAD) values ('44','Análisis financiero - Contenido 1','44');
Insert into EDUQUIZ.CONTENIDOS (IDCONTENIDO,DESCRICONTENIDO,IDUNIDAD) values ('46','Delitos y sanciones - Contenido 1','46');
Insert into EDUQUIZ.CONTENIDOS (IDCONTENIDO,DESCRICONTENIDO,IDUNIDAD) values ('47','Procedimiento penal - Contenido 1','47');
Insert into EDUQUIZ.CONTENIDOS (IDCONTENIDO,DESCRICONTENIDO,IDUNIDAD) values ('4','Introducción a la literatura española - Contenido 1','4');
Insert into EDUQUIZ.CONTENIDOS (IDCONTENIDO,DESCRICONTENIDO,IDUNIDAD) values ('7','Introducción a la mecánica clásica - Contenido 1','7');
Insert into EDUQUIZ.CONTENIDOS (IDCONTENIDO,DESCRICONTENIDO,IDUNIDAD) values ('10','Introducción a la química orgánica - Contenido 1','10');
Insert into EDUQUIZ.CONTENIDOS (IDCONTENIDO,DESCRICONTENIDO,IDUNIDAD) values ('12','Introducción a la biología celular - Contenido 1','12');
Insert into EDUQUIZ.CONTENIDOS (IDCONTENIDO,DESCRICONTENIDO,IDUNIDAD) values ('15','Introducción a la historia antigua - Contenido 1','15');
Insert into EDUQUIZ.CONTENIDOS (IDCONTENIDO,DESCRICONTENIDO,IDUNIDAD) values ('16','Civilizaciones del Mediterráneo - Contenido 1','16');
Insert into EDUQUIZ.CONTENIDOS (IDCONTENIDO,DESCRICONTENIDO,IDUNIDAD) values ('17','Imperios del Lejano Oriente - Contenido 1','17');
Insert into EDUQUIZ.CONTENIDOS (IDCONTENIDO,DESCRICONTENIDO,IDUNIDAD) values ('18','Introducción a la geografía física - Contenido 1','18');
Insert into EDUQUIZ.CONTENIDOS (IDCONTENIDO,DESCRICONTENIDO,IDUNIDAD) values ('21','Nociones básicas de inglés - Contenido 1','21');
Insert into EDUQUIZ.CONTENIDOS (IDCONTENIDO,DESCRICONTENIDO,IDUNIDAD) values ('23','Conversación y comprensión auditiva - Contenido 1','23');
Insert into EDUQUIZ.CONTENIDOS (IDCONTENIDO,DESCRICONTENIDO,IDUNIDAD) values ('27','Introducción a la pintura al óleo - Contenido 1','27');
Insert into EDUQUIZ.CONTENIDOS (IDCONTENIDO,DESCRICONTENIDO,IDUNIDAD) values ('30','Introducción a la apreciación musical - Contenido 1','30');
Insert into EDUQUIZ.CONTENIDOS (IDCONTENIDO,DESCRICONTENIDO,IDUNIDAD) values ('33','Fundamentos de la programación web - Contenido 1','33');
Insert into EDUQUIZ.CONTENIDOS (IDCONTENIDO,DESCRICONTENIDO,IDUNIDAD) values ('36','Orígenes de la filosofía antigua - Contenido 1','36');
Insert into EDUQUIZ.CONTENIDOS (IDCONTENIDO,DESCRICONTENIDO,IDUNIDAD) values ('39','Principios de la microeconomía - Contenido 1','39');
Insert into EDUQUIZ.CONTENIDOS (IDCONTENIDO,DESCRICONTENIDO,IDUNIDAD) values ('42','Conceptos básicos de contabilidad - Contenido 1','42');
Insert into EDUQUIZ.CONTENIDOS (IDCONTENIDO,DESCRICONTENIDO,IDUNIDAD) values ('45','Fundamentos del derecho penal - Contenido 1','45');
Insert into EDUQUIZ.CONTENIDOS (IDCONTENIDO,DESCRICONTENIDO,IDUNIDAD) values ('48','Teorías del desarrollo humano - Contenido 1','48');
Insert into EDUQUIZ.CONTENIDOS (IDCONTENIDO,DESCRICONTENIDO,IDUNIDAD) values ('49','Desarrollo prenatal y neonatal - Contenido 1','49');
Insert into EDUQUIZ.CONTENIDOS (IDCONTENIDO,DESCRICONTENIDO,IDUNIDAD) values ('50','Desarrollo infantil y adolescente - Contenido 1','50');
REM INSERTING into EDUQUIZ.CURSOS
SET DEFINE OFF;
Insert into EDUQUIZ.CURSOS (IDCURSO,NOMBRECURSO,DESCRIPCION,IDDOCENTE,IDMATERIA) values ('1','Cálculo Diferencial','Fundamentos del cálculo diferencial','1','1');
Insert into EDUQUIZ.CURSOS (IDCURSO,NOMBRECURSO,DESCRIPCION,IDDOCENTE,IDMATERIA) values ('2','Literatura Española','Estudio de obras literarias españolas','3','2');
Insert into EDUQUIZ.CURSOS (IDCURSO,NOMBRECURSO,DESCRIPCION,IDDOCENTE,IDMATERIA) values ('3','Mecánica Clásica','Leyes fundamentales de la mecánica','5','3');
Insert into EDUQUIZ.CURSOS (IDCURSO,NOMBRECURSO,DESCRIPCION,IDDOCENTE,IDMATERIA) values ('4','Química Orgánica','Estudio de compuestos orgánicos','4','4');
Insert into EDUQUIZ.CURSOS (IDCURSO,NOMBRECURSO,DESCRIPCION,IDDOCENTE,IDMATERIA) values ('5','Biología Celular','Estructura y función de las células','6','5');
Insert into EDUQUIZ.CURSOS (IDCURSO,NOMBRECURSO,DESCRIPCION,IDDOCENTE,IDMATERIA) values ('6','Historia Antigua','Civilizaciones de la antigüedad','7','6');
Insert into EDUQUIZ.CURSOS (IDCURSO,NOMBRECURSO,DESCRIPCION,IDDOCENTE,IDMATERIA) values ('7','Geografía Física','Estudio de la superficie terrestre','8','7');
Insert into EDUQUIZ.CURSOS (IDCURSO,NOMBRECURSO,DESCRIPCION,IDDOCENTE,IDMATERIA) values ('8','Inglés Avanzado','Perfeccionamiento del idioma inglés','15','8');
Insert into EDUQUIZ.CURSOS (IDCURSO,NOMBRECURSO,DESCRIPCION,IDDOCENTE,IDMATERIA) values ('9','Deportes Acuáticos','Práctica de natación y actividades acuáticas','20','9');
Insert into EDUQUIZ.CURSOS (IDCURSO,NOMBRECURSO,DESCRIPCION,IDDOCENTE,IDMATERIA) values ('10','Pintura al Óleo','Técnicas de pintura con óleo','49','10');
Insert into EDUQUIZ.CURSOS (IDCURSO,NOMBRECURSO,DESCRIPCION,IDDOCENTE,IDMATERIA) values ('11','Apreciación Musical','Análisis y comprensión de obras musicales','11','11');
Insert into EDUQUIZ.CURSOS (IDCURSO,NOMBRECURSO,DESCRIPCION,IDDOCENTE,IDMATERIA) values ('12','Programación Web','Desarrollo de sitios y aplicaciones web','30','12');
Insert into EDUQUIZ.CURSOS (IDCURSO,NOMBRECURSO,DESCRIPCION,IDDOCENTE,IDMATERIA) values ('13','Filosofía Antigua','Pensadores clásicos de la antigüedad','13','13');
Insert into EDUQUIZ.CURSOS (IDCURSO,NOMBRECURSO,DESCRIPCION,IDDOCENTE,IDMATERIA) values ('14','Microeconomía','Estudio del comportamiento económico individual','24','14');
Insert into EDUQUIZ.CURSOS (IDCURSO,NOMBRECURSO,DESCRIPCION,IDDOCENTE,IDMATERIA) values ('15','Contabilidad Financiera','Registro y análisis de operaciones financieras','15','15');
Insert into EDUQUIZ.CURSOS (IDCURSO,NOMBRECURSO,DESCRIPCION,IDDOCENTE,IDMATERIA) values ('16','Derecho Penal','Estudio de las leyes penales','16','16');
Insert into EDUQUIZ.CURSOS (IDCURSO,NOMBRECURSO,DESCRIPCION,IDDOCENTE,IDMATERIA) values ('17','Psicología del Desarrollo','Etapas y cambios en el desarrollo humano','17','17');
Insert into EDUQUIZ.CURSOS (IDCURSO,NOMBRECURSO,DESCRIPCION,IDDOCENTE,IDMATERIA) values ('18','Sociología Urbana','Análisis de las ciudades y sus dinámicas','18','18');
Insert into EDUQUIZ.CURSOS (IDCURSO,NOMBRECURSO,DESCRIPCION,IDDOCENTE,IDMATERIA) values ('19','Ética Profesional','Principios éticos en el ámbito laboral','19','19');
Insert into EDUQUIZ.CURSOS (IDCURSO,NOMBRECURSO,DESCRIPCION,IDDOCENTE,IDMATERIA) values ('20','Anatomía Humana','Estudio de la estructura del cuerpo humano','20','20');
Insert into EDUQUIZ.CURSOS (IDCURSO,NOMBRECURSO,DESCRIPCION,IDDOCENTE,IDMATERIA) values ('21','Programación Orientada a Objetos','Desarrollo de software con paradigma OOP','30','21');
Insert into EDUQUIZ.CURSOS (IDCURSO,NOMBRECURSO,DESCRIPCION,IDDOCENTE,IDMATERIA) values ('22','Diseño Web','Creación de interfaces gráficas para la web','26','22');
Insert into EDUQUIZ.CURSOS (IDCURSO,NOMBRECURSO,DESCRIPCION,IDDOCENTE,IDMATERIA) values ('23','Arquitectura Contemporánea','Tendencias actuales en arquitectura','33','23');
Insert into EDUQUIZ.CURSOS (IDCURSO,NOMBRECURSO,DESCRIPCION,IDDOCENTE,IDMATERIA) values ('24','Métodos Cuantitativos','Técnicas cuantitativas aplicadas a la industria','28','28');
Insert into EDUQUIZ.CURSOS (IDCURSO,NOMBRECURSO,DESCRIPCION,IDDOCENTE,IDMATERIA) values ('25','Gestión Ambiental','Protección y conservación del medio ambiente','22','29');
Insert into EDUQUIZ.CURSOS (IDCURSO,NOMBRECURSO,DESCRIPCION,IDDOCENTE,IDMATERIA) values ('26','Patología Médica','Estudio de enfermedades y sus causas','34','30');
Insert into EDUQUIZ.CURSOS (IDCURSO,NOMBRECURSO,DESCRIPCION,IDDOCENTE,IDMATERIA) values ('27','Cuidados Intensivos','Atención de pacientes en estado crítico','31','31');
Insert into EDUQUIZ.CURSOS (IDCURSO,NOMBRECURSO,DESCRIPCION,IDDOCENTE,IDMATERIA) values ('28','Odontología Pediátrica','Tratamientos dentales en niños','35','32');
Insert into EDUQUIZ.CURSOS (IDCURSO,NOMBRECURSO,DESCRIPCION,IDDOCENTE,IDMATERIA) values ('29','Farmacología Clínica','Uso de medicamentos en el tratamiento','33','33');
Insert into EDUQUIZ.CURSOS (IDCURSO,NOMBRECURSO,DESCRIPCION,IDDOCENTE,IDMATERIA) values ('30','Nutrición Deportiva','Alimentación para el rendimiento atlético','34','34');
Insert into EDUQUIZ.CURSOS (IDCURSO,NOMBRECURSO,DESCRIPCION,IDDOCENTE,IDMATERIA) values ('31','Cocina Internacional','Preparación de platillos de diversas culturas','25','35');
Insert into EDUQUIZ.CURSOS (IDCURSO,NOMBRECURSO,DESCRIPCION,IDDOCENTE,IDMATERIA) values ('32','Planificación Turística','Diseño y gestión de paquetes turísticos','40','36');
Insert into EDUQUIZ.CURSOS (IDCURSO,NOMBRECURSO,DESCRIPCION,IDDOCENTE,IDMATERIA) values ('33','Deportes de Conjunto','Práctica de deportes en equipo','23','37');
Insert into EDUQUIZ.CURSOS (IDCURSO,NOMBRECURSO,DESCRIPCION,IDDOCENTE,IDMATERIA) values ('34','Teatro Contemporáneo','Interpretación y montaje de obras actuales','29','38');
Insert into EDUQUIZ.CURSOS (IDCURSO,NOMBRECURSO,DESCRIPCION,IDDOCENTE,IDMATERIA) values ('35','Comunicación Organizacional','Estrategias de comunicación en empresas','36','39');
Insert into EDUQUIZ.CURSOS (IDCURSO,NOMBRECURSO,DESCRIPCION,IDDOCENTE,IDMATERIA) values ('36','Periodismo Digital','Producción de contenido periodístico en línea','36','40');
Insert into EDUQUIZ.CURSOS (IDCURSO,NOMBRECURSO,DESCRIPCION,IDDOCENTE,IDMATERIA) values ('37','Cálculo Integral','Fundamentos del cálculo integral','1','1');
Insert into EDUQUIZ.CURSOS (IDCURSO,NOMBRECURSO,DESCRIPCION,IDDOCENTE,IDMATERIA) values ('38','Literatura Latinoamericana','Estudio de obras literarias latinoamericanas','3','2');
Insert into EDUQUIZ.CURSOS (IDCURSO,NOMBRECURSO,DESCRIPCION,IDDOCENTE,IDMATERIA) values ('39','Electricidad y Magnetismo','Fenómenos eléctricos y magnéticos','5','3');
Insert into EDUQUIZ.CURSOS (IDCURSO,NOMBRECURSO,DESCRIPCION,IDDOCENTE,IDMATERIA) values ('40','Química Inorgánica','Estudio de compuestos inorgánicos','4','4');
Insert into EDUQUIZ.CURSOS (IDCURSO,NOMBRECURSO,DESCRIPCION,IDDOCENTE,IDMATERIA) values ('41','Ecología','Estudio de los ecosistemas y sus interacciones','6','5');
Insert into EDUQUIZ.CURSOS (IDCURSO,NOMBRECURSO,DESCRIPCION,IDDOCENTE,IDMATERIA) values ('42','Historia Moderna','Acontecimientos históricos desde el siglo XV','7','6');
Insert into EDUQUIZ.CURSOS (IDCURSO,NOMBRECURSO,DESCRIPCION,IDDOCENTE,IDMATERIA) values ('43','Geografía Humana','Estudio de la sociedad y su entorno','8','7');
Insert into EDUQUIZ.CURSOS (IDCURSO,NOMBRECURSO,DESCRIPCION,IDDOCENTE,IDMATERIA) values ('44','Francés Intermedio','Perfeccionamiento del idioma francés','45','8');
Insert into EDUQUIZ.CURSOS (IDCURSO,NOMBRECURSO,DESCRIPCION,IDDOCENTE,IDMATERIA) values ('45','Deportes de Raqueta','Práctica de tenis, bádminton y squash','20','9');
Insert into EDUQUIZ.CURSOS (IDCURSO,NOMBRECURSO,DESCRIPCION,IDDOCENTE,IDMATERIA) values ('46','Escultura','Técnicas de modelado y talla','49','10');
REM INSERTING into EDUQUIZ.DIAS
SET DEFINE OFF;
Insert into EDUQUIZ.DIAS (IDDIA,DESCRIPCION) values ('1','Lunes');
Insert into EDUQUIZ.DIAS (IDDIA,DESCRIPCION) values ('2','Martes');
Insert into EDUQUIZ.DIAS (IDDIA,DESCRIPCION) values ('3','Miercoles');
Insert into EDUQUIZ.DIAS (IDDIA,DESCRIPCION) values ('4','Jueves');
Insert into EDUQUIZ.DIAS (IDDIA,DESCRIPCION) values ('5','Viernes');
Insert into EDUQUIZ.DIAS (IDDIA,DESCRIPCION) values ('6','Sabado');
Insert into EDUQUIZ.DIAS (IDDIA,DESCRIPCION) values ('7','Domingo');
REM INSERTING into EDUQUIZ.DOCENTES
SET DEFINE OFF;
Insert into EDUQUIZ.DOCENTES (IDDOCENTE,NOMBRE,APELLIDO,USUARIO,CORREO_ELECTRONICO,PASSWORD,TELEFONO,DIRECCION,IDINSTITUCION) values ('1','Juan','Pérez','jperez','jperez@universidad.edu','password1','5551234','Calle Principal 123','1');
Insert into EDUQUIZ.DOCENTES (IDDOCENTE,NOMBRE,APELLIDO,USUARIO,CORREO_ELECTRONICO,PASSWORD,TELEFONO,DIRECCION,IDINSTITUCION) values ('2','María','González','mgonzalez','mgonzalez@colegio.edu','password2','5557890','Avenida Secundaria 456','2');
Insert into EDUQUIZ.DOCENTES (IDDOCENTE,NOMBRE,APELLIDO,USUARIO,CORREO_ELECTRONICO,PASSWORD,TELEFONO,DIRECCION,IDINSTITUCION) values ('3','Carlos','Rodríguez','crodriguez','crodriguez@idiomas.edu','password3','5559876','Plaza Central 789','3');
Insert into EDUQUIZ.DOCENTES (IDDOCENTE,NOMBRE,APELLIDO,USUARIO,CORREO_ELECTRONICO,PASSWORD,TELEFONO,DIRECCION,IDINSTITUCION) values ('4','Ana','López','alopez','alopez@primaria.edu','password4','5553456','Avenida del Parque 234','4');
Insert into EDUQUIZ.DOCENTES (IDDOCENTE,NOMBRE,APELLIDO,USUARIO,CORREO_ELECTRONICO,PASSWORD,TELEFONO,DIRECCION,IDINSTITUCION) values ('5','Pedro','Martínez','pmartinez','pmartinez@arte.edu','password5','5556789','Bulevar de las Artes 567','5');
Insert into EDUQUIZ.DOCENTES (IDDOCENTE,NOMBRE,APELLIDO,USUARIO,CORREO_ELECTRONICO,PASSWORD,TELEFONO,DIRECCION,IDINSTITUCION) values ('6','Laura','Sánchez','lsanchez','lsanchez@universidad.edu','password6','5558901','Calle Principal 890','6');
Insert into EDUQUIZ.DOCENTES (IDDOCENTE,NOMBRE,APELLIDO,USUARIO,CORREO_ELECTRONICO,PASSWORD,TELEFONO,DIRECCION,IDINSTITUCION) values ('7','Javier','Ramírez','jramirez','jramirez@colegio.edu','password7','5552345','Avenida Internacional 345','7');
Insert into EDUQUIZ.DOCENTES (IDDOCENTE,NOMBRE,APELLIDO,USUARIO,CORREO_ELECTRONICO,PASSWORD,TELEFONO,DIRECCION,IDINSTITUCION) values ('8','Sofía','Torres','storres','storres@capacitacion.edu','password8','5557678','Calle Comercial 678','8');
Insert into EDUQUIZ.DOCENTES (IDDOCENTE,NOMBRE,APELLIDO,USUARIO,CORREO_ELECTRONICO,PASSWORD,TELEFONO,DIRECCION,IDINSTITUCION) values ('9','Miguel','Fernández','mfernandez','mfernandez@secundaria.edu','password9','5559012','Bulevar Estudiantil 901','9');
Insert into EDUQUIZ.DOCENTES (IDDOCENTE,NOMBRE,APELLIDO,USUARIO,CORREO_ELECTRONICO,PASSWORD,TELEFONO,DIRECCION,IDINSTITUCION) values ('10','Lucía','García','lgarcia','lgarcia@tecnologico.edu','password10','5554567','Avenida Tecnológica 234','10');
Insert into EDUQUIZ.DOCENTES (IDDOCENTE,NOMBRE,APELLIDO,USUARIO,CORREO_ELECTRONICO,PASSWORD,TELEFONO,DIRECCION,IDINSTITUCION) values ('11','Diego','Hernández','dhernandez','dhernandez@musica.edu','password11','5557890','Plaza de la Música 567','11');
Insert into EDUQUIZ.DOCENTES (IDDOCENTE,NOMBRE,APELLIDO,USUARIO,CORREO_ELECTRONICO,PASSWORD,TELEFONO,DIRECCION,IDINSTITUCION) values ('12','Marta','Jiménez','mjimenez','mjimenez@montessori.edu','password12','5550123','Calle Alternativa 890','12');
Insert into EDUQUIZ.DOCENTES (IDDOCENTE,NOMBRE,APELLIDO,USUARIO,CORREO_ELECTRONICO,PASSWORD,TELEFONO,DIRECCION,IDINSTITUCION) values ('13','Andrés','Ruiz','aruiz','aruiz@agricola.edu','password13','5556789','Ruta Rural 345','13');
Insert into EDUQUIZ.DOCENTES (IDDOCENTE,NOMBRE,APELLIDO,USUARIO,CORREO_ELECTRONICO,PASSWORD,TELEFONO,DIRECCION,IDINSTITUCION) values ('14','Claudia','Díaz','cdiaz','cdiaz@artesyoficios.edu','password14','5552345','Avenida Artesanal 678','14');
Insert into EDUQUIZ.DOCENTES (IDDOCENTE,NOMBRE,APELLIDO,USUARIO,CORREO_ELECTRONICO,PASSWORD,TELEFONO,DIRECCION,IDINSTITUCION) values ('15','Sergio','Gómez','sgomez','sgomez@idiomas.edu','password15','5557890','Plaza Internacional 901','15');
Insert into EDUQUIZ.DOCENTES (IDDOCENTE,NOMBRE,APELLIDO,USUARIO,CORREO_ELECTRONICO,PASSWORD,TELEFONO,DIRECCION,IDINSTITUCION) values ('16','Adriana','Morales','amorales','amorales@tecnico.edu','password16','5553456','Calle Industrial 234','16');
Insert into EDUQUIZ.DOCENTES (IDDOCENTE,NOMBRE,APELLIDO,USUARIO,CORREO_ELECTRONICO,PASSWORD,TELEFONO,DIRECCION,IDINSTITUCION) values ('17','Julio','Ortiz','jortiz','jortiz@virtual.edu','password17','5556789','Avenida Virtual 567','17');
Insert into EDUQUIZ.DOCENTES (IDDOCENTE,NOMBRE,APELLIDO,USUARIO,CORREO_ELECTRONICO,PASSWORD,TELEFONO,DIRECCION,IDINSTITUCION) values ('18','Carla','Castillo','ccastillo','ccastillo@bellasartes.edu','password18','5559012','Bulevar Artístico 890','18');
Insert into EDUQUIZ.DOCENTES (IDDOCENTE,NOMBRE,APELLIDO,USUARIO,CORREO_ELECTRONICO,PASSWORD,TELEFONO,DIRECCION,IDINSTITUCION) values ('19','Ricardo','Navarro','rnavarro','rnavarro@liderazgo.edu','password19','5554567','Calle Empresarial 345','19');
Insert into EDUQUIZ.DOCENTES (IDDOCENTE,NOMBRE,APELLIDO,USUARIO,CORREO_ELECTRONICO,PASSWORD,TELEFONO,DIRECCION,IDINSTITUCION) values ('20','Valentina','Aguilar','vaguilar','vaguilar@danza.edu','password20','5557890','Plaza del Ballet 678','20');
Insert into EDUQUIZ.DOCENTES (IDDOCENTE,NOMBRE,APELLIDO,USUARIO,CORREO_ELECTRONICO,PASSWORD,TELEFONO,DIRECCION,IDINSTITUCION) values ('21','Jorge','Vargas','jvargas','jvargas@tecnico.edu','password21','5550123','Avenida Industrial 901','21');
Insert into EDUQUIZ.DOCENTES (IDDOCENTE,NOMBRE,APELLIDO,USUARIO,CORREO_ELECTRONICO,PASSWORD,TELEFONO,DIRECCION,IDINSTITUCION) values ('22','Gabriela','Herrera','gherrera','gherrera@ciencias.edu','password22','5556789','Ruta Científica 234','22');
Insert into EDUQUIZ.DOCENTES (IDDOCENTE,NOMBRE,APELLIDO,USUARIO,CORREO_ELECTRONICO,PASSWORD,TELEFONO,DIRECCION,IDINSTITUCION) values ('23','Tomás','Gutiérrez','tgutierrez','tgutierrez@deportes.edu','password23','5552345','Calle Olímpica 567','23');
Insert into EDUQUIZ.DOCENTES (IDDOCENTE,NOMBRE,APELLIDO,USUARIO,CORREO_ELECTRONICO,PASSWORD,TELEFONO,DIRECCION,IDINSTITUCION) values ('24','Mariana','Rojas','mrojas','mrojas@negocios.edu','password24','5557890','Avenida Empresarial 890','24');
Insert into EDUQUIZ.DOCENTES (IDDOCENTE,NOMBRE,APELLIDO,USUARIO,CORREO_ELECTRONICO,PASSWORD,TELEFONO,DIRECCION,IDINSTITUCION) values ('25','Santiago','Flores','sflores','sflores@cocina.edu','password25','5553456','Plaza Gastronómica 345','25');
Insert into EDUQUIZ.DOCENTES (IDDOCENTE,NOMBRE,APELLIDO,USUARIO,CORREO_ELECTRONICO,PASSWORD,TELEFONO,DIRECCION,IDINSTITUCION) values ('26','Valeria','Mendoza','vmendoza','vmendoza@diseno.edu','password26','5558901','Calle Creativa 678','26');
Insert into EDUQUIZ.DOCENTES (IDDOCENTE,NOMBRE,APELLIDO,USUARIO,CORREO_ELECTRONICO,PASSWORD,TELEFONO,DIRECCION,IDINSTITUCION) values ('27','David','Castro','dcastro','dcastro@idiomas.edu','password27','5552345','Avenida Lingüística 901','27');
Insert into EDUQUIZ.DOCENTES (IDDOCENTE,NOMBRE,APELLIDO,USUARIO,CORREO_ELECTRONICO,PASSWORD,TELEFONO,DIRECCION,IDINSTITUCION) values ('28','Camila','Núñez','cnunez','cnunez@tecnologica.edu','password28','5557890','Bulevar Innovador 234','28');
Insert into EDUQUIZ.DOCENTES (IDDOCENTE,NOMBRE,APELLIDO,USUARIO,CORREO_ELECTRONICO,PASSWORD,TELEFONO,DIRECCION,IDINSTITUCION) values ('29','Alejandro','Molina','amolina','amolina@artesescenicas.edu','password29','5550123','Plaza del Espectáculo 567','29');
Insert into EDUQUIZ.DOCENTES (IDDOCENTE,NOMBRE,APELLIDO,USUARIO,CORREO_ELECTRONICO,PASSWORD,TELEFONO,DIRECCION,IDINSTITUCION) values ('30','Rebeca','Ríos','rrios','rrios@computacion.edu','password30','5556789','Avenida Digital 890','30');
Insert into EDUQUIZ.DOCENTES (IDDOCENTE,NOMBRE,APELLIDO,USUARIO,CORREO_ELECTRONICO,PASSWORD,TELEFONO,DIRECCION,IDINSTITUCION) values ('31','Martín','Ramos','mramos','mramos@formaciondocente.edu','password31','5559012','Calle Pedagógica 345','31');
Insert into EDUQUIZ.DOCENTES (IDDOCENTE,NOMBRE,APELLIDO,USUARIO,CORREO_ELECTRONICO,PASSWORD,TELEFONO,DIRECCION,IDINSTITUCION) values ('32','Luciana','Vega','lvega','lvega@robotica.edu','password32','5554567','Bulevar Tecnológico 678','32');
Insert into EDUQUIZ.DOCENTES (IDDOCENTE,NOMBRE,APELLIDO,USUARIO,CORREO_ELECTRONICO,PASSWORD,TELEFONO,DIRECCION,IDINSTITUCION) values ('33','Daniel','Salazar','dsalazar','dsalazar@artesvisuales.edu','password33','5557890','Plaza Artística 901','33');
Insert into EDUQUIZ.DOCENTES (IDDOCENTE,NOMBRE,APELLIDO,USUARIO,CORREO_ELECTRONICO,PASSWORD,TELEFONO,DIRECCION,IDINSTITUCION) values ('34','Carolina','Mora','cmora','cmora@musica.edu','password34','5553456','Avenida Melódica 234','34');
Insert into EDUQUIZ.DOCENTES (IDDOCENTE,NOMBRE,APELLIDO,USUARIO,CORREO_ELECTRONICO,PASSWORD,TELEFONO,DIRECCION,IDINSTITUCION) values ('35','Sebastián','Muñoz','smunoz','smunoz@cine.edu','password35','5558901','Calle del Cine 567','35');
Insert into EDUQUIZ.DOCENTES (IDDOCENTE,NOMBRE,APELLIDO,USUARIO,CORREO_ELECTRONICO,PASSWORD,TELEFONO,DIRECCION,IDINSTITUCION) values ('36','Natalia','Contreras','ncontreras','ncontreras@periodismo.edu','password36','5552345','Avenida Informativa 890','36');
Insert into EDUQUIZ.DOCENTES (IDDOCENTE,NOMBRE,APELLIDO,USUARIO,CORREO_ELECTRONICO,PASSWORD,TELEFONO,DIRECCION,IDINSTITUCION) values ('37','Matías','Fuentes','mfuentes','mfuentes@fotografia.edu','password37','5557890','Plaza del Lente 345','37');
Insert into EDUQUIZ.DOCENTES (IDDOCENTE,NOMBRE,APELLIDO,USUARIO,CORREO_ELECTRONICO,PASSWORD,TELEFONO,DIRECCION,IDINSTITUCION) values ('38','Renata','Espinoza','respinoza','respinoza@diseno-interiores.edu','password38','5550123','Bulevar Estético 678','38');
Insert into EDUQUIZ.DOCENTES (IDDOCENTE,NOMBRE,APELLIDO,USUARIO,CORREO_ELECTRONICO,PASSWORD,TELEFONO,DIRECCION,IDINSTITUCION) values ('39','Emilio','Romero','eromero','eromero@moda.edu','password39','5556789','Calle de la Moda 901','39');
Insert into EDUQUIZ.DOCENTES (IDDOCENTE,NOMBRE,APELLIDO,USUARIO,CORREO_ELECTRONICO,PASSWORD,TELEFONO,DIRECCION,IDINSTITUCION) values ('40','Antonella','Mendoza','amendoza','amendoza@turismo.edu','password40','5559012','Avenida del Viajero 234','40');
Insert into EDUQUIZ.DOCENTES (IDDOCENTE,NOMBRE,APELLIDO,USUARIO,CORREO_ELECTRONICO,PASSWORD,TELEFONO,DIRECCION,IDINSTITUCION) values ('41','Isabel','Lara','ilara','ilara@universidad.edu','password41','5551234','Calle Principal 123','1');
Insert into EDUQUIZ.DOCENTES (IDDOCENTE,NOMBRE,APELLIDO,USUARIO,CORREO_ELECTRONICO,PASSWORD,TELEFONO,DIRECCION,IDINSTITUCION) values ('42','Raúl','Ponce','rponce','rponce@universidad.edu','password42','5551234','Calle Principal 123','1');
Insert into EDUQUIZ.DOCENTES (IDDOCENTE,NOMBRE,APELLIDO,USUARIO,CORREO_ELECTRONICO,PASSWORD,TELEFONO,DIRECCION,IDINSTITUCION) values ('43','Mónica','Robles','mrobles','mrobles@colegio.edu','password43','5557890','Avenida Secundaria 456','2');
Insert into EDUQUIZ.DOCENTES (IDDOCENTE,NOMBRE,APELLIDO,USUARIO,CORREO_ELECTRONICO,PASSWORD,TELEFONO,DIRECCION,IDINSTITUCION) values ('44','Fernando','Tapia','ftapia','ftapia@colegio.edu','password44','5557890','Avenida Secundaria 456','2');
Insert into EDUQUIZ.DOCENTES (IDDOCENTE,NOMBRE,APELLIDO,USUARIO,CORREO_ELECTRONICO,PASSWORD,TELEFONO,DIRECCION,IDINSTITUCION) values ('45','Catalina','Soto','csoto','csoto@idiomas.edu','password45','5559876','Plaza Central 789','3');
Insert into EDUQUIZ.DOCENTES (IDDOCENTE,NOMBRE,APELLIDO,USUARIO,CORREO_ELECTRONICO,PASSWORD,TELEFONO,DIRECCION,IDINSTITUCION) values ('46','Leonardo','Valdivia','lvaldivia','lvaldivia@idiomas.edu','password46','5559876','Plaza Central 789','3');
Insert into EDUQUIZ.DOCENTES (IDDOCENTE,NOMBRE,APELLIDO,USUARIO,CORREO_ELECTRONICO,PASSWORD,TELEFONO,DIRECCION,IDINSTITUCION) values ('47','Florencia','Núñez','fnunez','fnunez@primaria.edu','password47','5553456','Avenida del Parque 234','4');
Insert into EDUQUIZ.DOCENTES (IDDOCENTE,NOMBRE,APELLIDO,USUARIO,CORREO_ELECTRONICO,PASSWORD,TELEFONO,DIRECCION,IDINSTITUCION) values ('48','Ignacio','Olivares','iolivares','iolivares@primaria.edu','password48','5553456','Avenida del Parque 234','4');
Insert into EDUQUIZ.DOCENTES (IDDOCENTE,NOMBRE,APELLIDO,USUARIO,CORREO_ELECTRONICO,PASSWORD,TELEFONO,DIRECCION,IDINSTITUCION) values ('49','Julieta','Parra','jparra','jparra@arte.edu','password49','5556789','Bulevar de las Artes 567','5');
Insert into EDUQUIZ.DOCENTES (IDDOCENTE,NOMBRE,APELLIDO,USUARIO,CORREO_ELECTRONICO,PASSWORD,TELEFONO,DIRECCION,IDINSTITUCION) values ('50','Maximiliano','Quintana','mquintana','mquintana@arte.edu','password50','5556789','Bulevar de las Artes 567','5');
REM INSERTING into EDUQUIZ.EDIFICIOS
SET DEFINE OFF;
Insert into EDUQUIZ.EDIFICIOS (IDEDIFICIO,DESCRIPCION) values ('1','Biblioteca Central');
Insert into EDUQUIZ.EDIFICIOS (IDEDIFICIO,DESCRIPCION) values ('2','Laboratorio de Ciencias');
Insert into EDUQUIZ.EDIFICIOS (IDEDIFICIO,DESCRIPCION) values ('3','Centro de Investigación Tecnológica');
Insert into EDUQUIZ.EDIFICIOS (IDEDIFICIO,DESCRIPCION) values ('4','Centro civico');
Insert into EDUQUIZ.EDIFICIOS (IDEDIFICIO,DESCRIPCION) values ('5','Edificio de Ingeniería');
Insert into EDUQUIZ.EDIFICIOS (IDEDIFICIO,DESCRIPCION) values ('6','Facultad de Ciencias Sociales');
Insert into EDUQUIZ.EDIFICIOS (IDEDIFICIO,DESCRIPCION) values ('7','Edificio de Humanidades');
Insert into EDUQUIZ.EDIFICIOS (IDEDIFICIO,DESCRIPCION) values ('8','Facultad de Artes');
Insert into EDUQUIZ.EDIFICIOS (IDEDIFICIO,DESCRIPCION) values ('9','Centro de Idiomas');
Insert into EDUQUIZ.EDIFICIOS (IDEDIFICIO,DESCRIPCION) values ('10','Facultad de Economía');
Insert into EDUQUIZ.EDIFICIOS (IDEDIFICIO,DESCRIPCION) values ('11','Centro de Recursos Educativos');
Insert into EDUQUIZ.EDIFICIOS (IDEDIFICIO,DESCRIPCION) values ('12','Laboratorio de Informática');
Insert into EDUQUIZ.EDIFICIOS (IDEDIFICIO,DESCRIPCION) values ('13','Facultad de Matemáticas');
Insert into EDUQUIZ.EDIFICIOS (IDEDIFICIO,DESCRIPCION) values ('14','Centro de Formación Docente');
Insert into EDUQUIZ.EDIFICIOS (IDEDIFICIO,DESCRIPCION) values ('15','Facultad de Negocios');
Insert into EDUQUIZ.EDIFICIOS (IDEDIFICIO,DESCRIPCION) values ('16','Centro de Innovación Educativa');
Insert into EDUQUIZ.EDIFICIOS (IDEDIFICIO,DESCRIPCION) values ('17','Laboratorio de Química Orgánica');
Insert into EDUQUIZ.EDIFICIOS (IDEDIFICIO,DESCRIPCION) values ('18','Instituto de Investigación Científica');
Insert into EDUQUIZ.EDIFICIOS (IDEDIFICIO,DESCRIPCION) values ('19','Facultad de Medicina');
Insert into EDUQUIZ.EDIFICIOS (IDEDIFICIO,DESCRIPCION) values ('20','Centro de Educación Ambiental');
Insert into EDUQUIZ.EDIFICIOS (IDEDIFICIO,DESCRIPCION) values ('21','Edificio de Psicología');
Insert into EDUQUIZ.EDIFICIOS (IDEDIFICIO,DESCRIPCION) values ('22','Centro de Tecnología Educativa');
Insert into EDUQUIZ.EDIFICIOS (IDEDIFICIO,DESCRIPCION) values ('23','Facultad de Derecho');
Insert into EDUQUIZ.EDIFICIOS (IDEDIFICIO,DESCRIPCION) values ('24','Laboratorio de Biología Molecular');
Insert into EDUQUIZ.EDIFICIOS (IDEDIFICIO,DESCRIPCION) values ('25','Facultad de Ciencias Aplicadas');
Insert into EDUQUIZ.EDIFICIOS (IDEDIFICIO,DESCRIPCION) values ('26','Centro de Estudios Avanzados');
Insert into EDUQUIZ.EDIFICIOS (IDEDIFICIO,DESCRIPCION) values ('27','Facultad de Música');
Insert into EDUQUIZ.EDIFICIOS (IDEDIFICIO,DESCRIPCION) values ('28','Laboratorio de Física Cuántica');
Insert into EDUQUIZ.EDIFICIOS (IDEDIFICIO,DESCRIPCION) values ('29','Facultad de Estudios Literarios');
Insert into EDUQUIZ.EDIFICIOS (IDEDIFICIO,DESCRIPCION) values ('30','Centro de Ciencias de la Salud');
Insert into EDUQUIZ.EDIFICIOS (IDEDIFICIO,DESCRIPCION) values ('31','Facultad de Comunicación');
Insert into EDUQUIZ.EDIFICIOS (IDEDIFICIO,DESCRIPCION) values ('32','Centro de Formación Continua');
Insert into EDUQUIZ.EDIFICIOS (IDEDIFICIO,DESCRIPCION) values ('33','Instituto de Investigación Educativa');
Insert into EDUQUIZ.EDIFICIOS (IDEDIFICIO,DESCRIPCION) values ('34','Facultad de Medicina');
Insert into EDUQUIZ.EDIFICIOS (IDEDIFICIO,DESCRIPCION) values ('35','Centro de Recursos Audiovisuales');
Insert into EDUQUIZ.EDIFICIOS (IDEDIFICIO,DESCRIPCION) values ('36','Facultad de Turismo');
Insert into EDUQUIZ.EDIFICIOS (IDEDIFICIO,DESCRIPCION) values ('37','Laboratorio de Geología');
Insert into EDUQUIZ.EDIFICIOS (IDEDIFICIO,DESCRIPCION) values ('38','Centro de Estudios Internacionales');
Insert into EDUQUIZ.EDIFICIOS (IDEDIFICIO,DESCRIPCION) values ('39','Instituto de Neurociencias');
Insert into EDUQUIZ.EDIFICIOS (IDEDIFICIO,DESCRIPCION) values ('40','Facultad de Arquitectura');
Insert into EDUQUIZ.EDIFICIOS (IDEDIFICIO,DESCRIPCION) values ('41','Centro de Educación Inclusiva');
Insert into EDUQUIZ.EDIFICIOS (IDEDIFICIO,DESCRIPCION) values ('42','Facultad de Robótica');
Insert into EDUQUIZ.EDIFICIOS (IDEDIFICIO,DESCRIPCION) values ('43','Laboratorio de Energías Renovables');
Insert into EDUQUIZ.EDIFICIOS (IDEDIFICIO,DESCRIPCION) values ('44','Instituto de Estudios Históricos');
Insert into EDUQUIZ.EDIFICIOS (IDEDIFICIO,DESCRIPCION) values ('45','Centro de Desarrollo Profesional');
Insert into EDUQUIZ.EDIFICIOS (IDEDIFICIO,DESCRIPCION) values ('46','Facultad de Filosofía');
Insert into EDUQUIZ.EDIFICIOS (IDEDIFICIO,DESCRIPCION) values ('47','Facultad de Diseño Gráfico');
Insert into EDUQUIZ.EDIFICIOS (IDEDIFICIO,DESCRIPCION) values ('48','Laboratorio de Nanotecnología');
Insert into EDUQUIZ.EDIFICIOS (IDEDIFICIO,DESCRIPCION) values ('49','Facultad de Estudios Sociales');
Insert into EDUQUIZ.EDIFICIOS (IDEDIFICIO,DESCRIPCION) values ('50','Centro de Educación Primaria');
REM INSERTING into EDUQUIZ.ESTADOS
SET DEFINE OFF;
Insert into EDUQUIZ.ESTADOS (IDESTADO,DESCRIPCION) values ('1','Publico');
Insert into EDUQUIZ.ESTADOS (IDESTADO,DESCRIPCION) values ('2','Privado');
REM INSERTING into EDUQUIZ.ESTUDIANTES
SET DEFINE OFF;
Insert into EDUQUIZ.ESTUDIANTES (IDESTUDIANTE,NOMBRE,APELLIDO,USUARIO,EMAIL,PASSWORD,TELEFONO,IDCURSO,IDGRUPO) values ('1','Juan','García','juan.garcia','juangarcia@example.com','juan123','123456789','1','1');
Insert into EDUQUIZ.ESTUDIANTES (IDESTUDIANTE,NOMBRE,APELLIDO,USUARIO,EMAIL,PASSWORD,TELEFONO,IDCURSO,IDGRUPO) values ('2','María','López','maria.lopez','marialopez@example.com','maria456','123456790','1','1');
Insert into EDUQUIZ.ESTUDIANTES (IDESTUDIANTE,NOMBRE,APELLIDO,USUARIO,EMAIL,PASSWORD,TELEFONO,IDCURSO,IDGRUPO) values ('3','Carlos','Martínez','carlos.martinez','carlosmartinez@example.com','carlos789','123456791','1','1');
Insert into EDUQUIZ.ESTUDIANTES (IDESTUDIANTE,NOMBRE,APELLIDO,USUARIO,EMAIL,PASSWORD,TELEFONO,IDCURSO,IDGRUPO) values ('4','Ana','Sánchez','ana.sanchez','anasanchez@example.com','ana123','123456792','2','1');
Insert into EDUQUIZ.ESTUDIANTES (IDESTUDIANTE,NOMBRE,APELLIDO,USUARIO,EMAIL,PASSWORD,TELEFONO,IDCURSO,IDGRUPO) values ('5','David','Gómez','david.gomez','davidgomez@example.com','david456','123456793','2','1');
Insert into EDUQUIZ.ESTUDIANTES (IDESTUDIANTE,NOMBRE,APELLIDO,USUARIO,EMAIL,PASSWORD,TELEFONO,IDCURSO,IDGRUPO) values ('6','Laura','Pérez','laura.perez','lauraperez@example.com','laura789','123456794','2','1');
Insert into EDUQUIZ.ESTUDIANTES (IDESTUDIANTE,NOMBRE,APELLIDO,USUARIO,EMAIL,PASSWORD,TELEFONO,IDCURSO,IDGRUPO) values ('7','Miguel','Fernández','miguel.fernandez','miguelfernandez@example.com','miguel123','123456795','3','2');
Insert into EDUQUIZ.ESTUDIANTES (IDESTUDIANTE,NOMBRE,APELLIDO,USUARIO,EMAIL,PASSWORD,TELEFONO,IDCURSO,IDGRUPO) values ('8','Carmen','Rodríguez','carmen.rodriguez','carmenrodriguez@example.com','carmen456','123456796','3','2');
Insert into EDUQUIZ.ESTUDIANTES (IDESTUDIANTE,NOMBRE,APELLIDO,USUARIO,EMAIL,PASSWORD,TELEFONO,IDCURSO,IDGRUPO) values ('9','Pablo','López','pablo.lopez','pablolopez@example.com','pablo789','123456797','3','2');
Insert into EDUQUIZ.ESTUDIANTES (IDESTUDIANTE,NOMBRE,APELLIDO,USUARIO,EMAIL,PASSWORD,TELEFONO,IDCURSO,IDGRUPO) values ('10','Lucía','Martínez','lucia.martinez','luciamartinez@example.com','lucia123','123456798','4','2');
Insert into EDUQUIZ.ESTUDIANTES (IDESTUDIANTE,NOMBRE,APELLIDO,USUARIO,EMAIL,PASSWORD,TELEFONO,IDCURSO,IDGRUPO) values ('11','Alejandro','Sánchez','alejandro.sanchez','alejandrosanchez@example.com','alejandro456','123456799','4','2');
Insert into EDUQUIZ.ESTUDIANTES (IDESTUDIANTE,NOMBRE,APELLIDO,USUARIO,EMAIL,PASSWORD,TELEFONO,IDCURSO,IDGRUPO) values ('12','Sofía','González','sofia.gonzalez','sofiagonzalez@example.com','sofia789','123456800','4','2');
Insert into EDUQUIZ.ESTUDIANTES (IDESTUDIANTE,NOMBRE,APELLIDO,USUARIO,EMAIL,PASSWORD,TELEFONO,IDCURSO,IDGRUPO) values ('13','Daniel','López','daniel.lopez','danielopez@example.com','daniel123','123456801','5','3');
Insert into EDUQUIZ.ESTUDIANTES (IDESTUDIANTE,NOMBRE,APELLIDO,USUARIO,EMAIL,PASSWORD,TELEFONO,IDCURSO,IDGRUPO) values ('14','Elena','Martínez','elena.martinez','elenamartinez@example.com','elena456','123456802','5','3');
Insert into EDUQUIZ.ESTUDIANTES (IDESTUDIANTE,NOMBRE,APELLIDO,USUARIO,EMAIL,PASSWORD,TELEFONO,IDCURSO,IDGRUPO) values ('15','Alejandro','García','alejandro.garcia','alejandrogarcia@example.com','alejandro789','123456803','5','3');
Insert into EDUQUIZ.ESTUDIANTES (IDESTUDIANTE,NOMBRE,APELLIDO,USUARIO,EMAIL,PASSWORD,TELEFONO,IDCURSO,IDGRUPO) values ('16','Ana','Hernández','ana.hernandez','anahernandez@example.com','ana123','123456804','6','6');
Insert into EDUQUIZ.ESTUDIANTES (IDESTUDIANTE,NOMBRE,APELLIDO,USUARIO,EMAIL,PASSWORD,TELEFONO,IDCURSO,IDGRUPO) values ('17','Diego','Gómez','diego.gomez','diegogomez@example.com','diego456','123456805','6','6');
Insert into EDUQUIZ.ESTUDIANTES (IDESTUDIANTE,NOMBRE,APELLIDO,USUARIO,EMAIL,PASSWORD,TELEFONO,IDCURSO,IDGRUPO) values ('18','Cristina','López','cristina.lopez','cristinalopez@example.com','cristina789','123456806','6','6');
Insert into EDUQUIZ.ESTUDIANTES (IDESTUDIANTE,NOMBRE,APELLIDO,USUARIO,EMAIL,PASSWORD,TELEFONO,IDCURSO,IDGRUPO) values ('19','Javier','Fernández','javier.fernandez','javierfernandez@example.com','javier123','123456807','7','7');
Insert into EDUQUIZ.ESTUDIANTES (IDESTUDIANTE,NOMBRE,APELLIDO,USUARIO,EMAIL,PASSWORD,TELEFONO,IDCURSO,IDGRUPO) values ('20','Sara','Martínez','sara.martinez','saramartinez@example.com','sara456','123456808','7','7');
Insert into EDUQUIZ.ESTUDIANTES (IDESTUDIANTE,NOMBRE,APELLIDO,USUARIO,EMAIL,PASSWORD,TELEFONO,IDCURSO,IDGRUPO) values ('21','Ángela','González','angela.gonzalez','angelagonzalez@example.com','angela789','123456809','7','7');
Insert into EDUQUIZ.ESTUDIANTES (IDESTUDIANTE,NOMBRE,APELLIDO,USUARIO,EMAIL,PASSWORD,TELEFONO,IDCURSO,IDGRUPO) values ('22','Pablo','Rodríguez','pablo.rodriguez','pablorodriguez@example.com','pablo123','123456810','8','8');
Insert into EDUQUIZ.ESTUDIANTES (IDESTUDIANTE,NOMBRE,APELLIDO,USUARIO,EMAIL,PASSWORD,TELEFONO,IDCURSO,IDGRUPO) values ('23','Lucía','García','lucia.garcia','luciagarcia@example.com','lucia456','123456811','8','8');
Insert into EDUQUIZ.ESTUDIANTES (IDESTUDIANTE,NOMBRE,APELLIDO,USUARIO,EMAIL,PASSWORD,TELEFONO,IDCURSO,IDGRUPO) values ('24','Pedro','Hernández','pedro.hernandez','pedrohernandez@example.com','pedro789','123456812','8','8');
Insert into EDUQUIZ.ESTUDIANTES (IDESTUDIANTE,NOMBRE,APELLIDO,USUARIO,EMAIL,PASSWORD,TELEFONO,IDCURSO,IDGRUPO) values ('25','Marta','Sánchez','marta.sanchez','martasanchez@example.com','marta123','123456813','9','9');
Insert into EDUQUIZ.ESTUDIANTES (IDESTUDIANTE,NOMBRE,APELLIDO,USUARIO,EMAIL,PASSWORD,TELEFONO,IDCURSO,IDGRUPO) values ('26','Jorge','Martínez','jorge.martinez','jorgemartinez@example.com','jorge456','123456814','9','9');
Insert into EDUQUIZ.ESTUDIANTES (IDESTUDIANTE,NOMBRE,APELLIDO,USUARIO,EMAIL,PASSWORD,TELEFONO,IDCURSO,IDGRUPO) values ('27','Ana','Gómez','ana.gomez','anagomez@example.com','ana789','123456815','9','9');
Insert into EDUQUIZ.ESTUDIANTES (IDESTUDIANTE,NOMBRE,APELLIDO,USUARIO,EMAIL,PASSWORD,TELEFONO,IDCURSO,IDGRUPO) values ('28','Sergio','Fernández','sergio.fernandez','sergiofernandez@example.com','sergio123','123456816','10','10');
Insert into EDUQUIZ.ESTUDIANTES (IDESTUDIANTE,NOMBRE,APELLIDO,USUARIO,EMAIL,PASSWORD,TELEFONO,IDCURSO,IDGRUPO) values ('29','Elena','Pérez','elena.perez','elenaperez@example.com','elena456','123456817','10','10');
Insert into EDUQUIZ.ESTUDIANTES (IDESTUDIANTE,NOMBRE,APELLIDO,USUARIO,EMAIL,PASSWORD,TELEFONO,IDCURSO,IDGRUPO) values ('30','Alejandro','García','alejandro.garcia','alejandrogarcia@example.com','alejandro789','123456818','10','10');
Insert into EDUQUIZ.ESTUDIANTES (IDESTUDIANTE,NOMBRE,APELLIDO,USUARIO,EMAIL,PASSWORD,TELEFONO,IDCURSO,IDGRUPO) values ('31','Lucía','Martínez','lucia.martinez','luciamartinez@example.com','lucia123','123456819','11','11');
Insert into EDUQUIZ.ESTUDIANTES (IDESTUDIANTE,NOMBRE,APELLIDO,USUARIO,EMAIL,PASSWORD,TELEFONO,IDCURSO,IDGRUPO) values ('32','Carlos','Gómez','carlos.gomez','carlosgomez@example.com','carlos456','123456820','11','11');
Insert into EDUQUIZ.ESTUDIANTES (IDESTUDIANTE,NOMBRE,APELLIDO,USUARIO,EMAIL,PASSWORD,TELEFONO,IDCURSO,IDGRUPO) values ('33','Sofía','Fernández','sofia.fernandez','sofiafernandez@example.com','sofia789','123456821','11','11');
Insert into EDUQUIZ.ESTUDIANTES (IDESTUDIANTE,NOMBRE,APELLIDO,USUARIO,EMAIL,PASSWORD,TELEFONO,IDCURSO,IDGRUPO) values ('34','Juan','Hernández','juan.hernandez','juanhernandez@example.com','juan123','123456822','12','12');
Insert into EDUQUIZ.ESTUDIANTES (IDESTUDIANTE,NOMBRE,APELLIDO,USUARIO,EMAIL,PASSWORD,TELEFONO,IDCURSO,IDGRUPO) values ('35','Paula','Gómez','paula.gomez','paulagomez@example.com','paula456','123456823','12','12');
Insert into EDUQUIZ.ESTUDIANTES (IDESTUDIANTE,NOMBRE,APELLIDO,USUARIO,EMAIL,PASSWORD,TELEFONO,IDCURSO,IDGRUPO) values ('36','Daniel','Martínez','daniel.martinez','danielmartinez@example.com','daniel789','123456824','12','12');
Insert into EDUQUIZ.ESTUDIANTES (IDESTUDIANTE,NOMBRE,APELLIDO,USUARIO,EMAIL,PASSWORD,TELEFONO,IDCURSO,IDGRUPO) values ('37','María','Rodríguez','maria.rodriguez','mariarodriguez@example.com','maria123','123456825','13','13');
Insert into EDUQUIZ.ESTUDIANTES (IDESTUDIANTE,NOMBRE,APELLIDO,USUARIO,EMAIL,PASSWORD,TELEFONO,IDCURSO,IDGRUPO) values ('38','Javier','Pérez','javier.perez','javierperez@example.com','javier456','123456826','13','13');
Insert into EDUQUIZ.ESTUDIANTES (IDESTUDIANTE,NOMBRE,APELLIDO,USUARIO,EMAIL,PASSWORD,TELEFONO,IDCURSO,IDGRUPO) values ('39','Laura','González','laura.gonzalez','lauragonzalez@example.com','laura789','123456827','13','13');
Insert into EDUQUIZ.ESTUDIANTES (IDESTUDIANTE,NOMBRE,APELLIDO,USUARIO,EMAIL,PASSWORD,TELEFONO,IDCURSO,IDGRUPO) values ('40','Marcos','Sánchez','marcos.sanchez','marcossanchez@example.com','marcos123','123456828','14','14');
Insert into EDUQUIZ.ESTUDIANTES (IDESTUDIANTE,NOMBRE,APELLIDO,USUARIO,EMAIL,PASSWORD,TELEFONO,IDCURSO,IDGRUPO) values ('41','Carmen','Martínez','carmen.martinez','carmenmartinez@example.com','carmen456','123456829','14','14');
Insert into EDUQUIZ.ESTUDIANTES (IDESTUDIANTE,NOMBRE,APELLIDO,USUARIO,EMAIL,PASSWORD,TELEFONO,IDCURSO,IDGRUPO) values ('42','Hugo','Fernández','hugo.fernandez','hugofernandez@example.com','hugo789','123456830','14','14');
Insert into EDUQUIZ.ESTUDIANTES (IDESTUDIANTE,NOMBRE,APELLIDO,USUARIO,EMAIL,PASSWORD,TELEFONO,IDCURSO,IDGRUPO) values ('43','Sara','Gómez','sara.gomez','saragomez@example.com','sara123','123456831','15','15');
Insert into EDUQUIZ.ESTUDIANTES (IDESTUDIANTE,NOMBRE,APELLIDO,USUARIO,EMAIL,PASSWORD,TELEFONO,IDCURSO,IDGRUPO) values ('44','Miguel','Hernández','miguel.hernandez','miguelhernandez@example.com','miguel456','123456832','15','15');
Insert into EDUQUIZ.ESTUDIANTES (IDESTUDIANTE,NOMBRE,APELLIDO,USUARIO,EMAIL,PASSWORD,TELEFONO,IDCURSO,IDGRUPO) values ('45','Elena','Rodríguez','elena.rodriguez','elenarodriguez@example.com','elena789','123456833','15','15');
Insert into EDUQUIZ.ESTUDIANTES (IDESTUDIANTE,NOMBRE,APELLIDO,USUARIO,EMAIL,PASSWORD,TELEFONO,IDCURSO,IDGRUPO) values ('46','Diego','Martínez','diego.martinez','diegomartinez@example.com','diego123','123456834','16','16');
Insert into EDUQUIZ.ESTUDIANTES (IDESTUDIANTE,NOMBRE,APELLIDO,USUARIO,EMAIL,PASSWORD,TELEFONO,IDCURSO,IDGRUPO) values ('47','Paula','Gómez','paula.gomez','paulagomez@example.com','paula456','123456835','16','16');
Insert into EDUQUIZ.ESTUDIANTES (IDESTUDIANTE,NOMBRE,APELLIDO,USUARIO,EMAIL,PASSWORD,TELEFONO,IDCURSO,IDGRUPO) values ('48','Mario','Fernández','mario.fernandez','mariofernandez@example.com','mario789','123456836','16','16');
Insert into EDUQUIZ.ESTUDIANTES (IDESTUDIANTE,NOMBRE,APELLIDO,USUARIO,EMAIL,PASSWORD,TELEFONO,IDCURSO,IDGRUPO) values ('49','Lucía','Hernández','lucia.hernandez','luciahernandez@example.com','lucia123','123456837','17','17');
Insert into EDUQUIZ.ESTUDIANTES (IDESTUDIANTE,NOMBRE,APELLIDO,USUARIO,EMAIL,PASSWORD,TELEFONO,IDCURSO,IDGRUPO) values ('50','Marcos','Gómez','marcos.gomez','marcosgomez@example.com','marcos456','123456838','17','17');
REM INSERTING into EDUQUIZ.EXAMENES
SET DEFINE OFF;
Insert into EDUQUIZ.EXAMENES (IDEXAMENEN,TITULO,FECHAYHORACREACION,DURACIONEXAMEN,CANTIDADPREGUNTAS,CALIFICACION,IDHORARIO,IDCURSO) values ('1','El Siglo de Oro Español: Explorando la Cumbre Literaria',to_date('01/04/24','DD/MM/RR'),'120','5','5','1','2');
Insert into EDUQUIZ.EXAMENES (IDEXAMENEN,TITULO,FECHAYHORACREACION,DURACIONEXAMEN,CANTIDADPREGUNTAS,CALIFICACION,IDHORARIO,IDCURSO) values ('3','Travesía por la Literatura Medieval Española',to_date('01/04/24','DD/MM/RR'),'120','5','5','3','2');
Insert into EDUQUIZ.EXAMENES (IDEXAMENEN,TITULO,FECHAYHORACREACION,DURACIONEXAMEN,CANTIDADPREGUNTAS,CALIFICACION,IDHORARIO,IDCURSO) values ('5','Entre Luces y Sombras: El Teatro del Siglo de Oro',to_date('01/04/24','DD/MM/RR'),'110','5','5','5','2');
Insert into EDUQUIZ.EXAMENES (IDEXAMENEN,TITULO,FECHAYHORACREACION,DURACIONEXAMEN,CANTIDADPREGUNTAS,CALIFICACION,IDHORARIO,IDCURSO) values ('6','Desentrañando los Principios de la Mecánica Clásica',to_date('01/04/24','DD/MM/RR'),'90','5','5','6','3');
Insert into EDUQUIZ.EXAMENES (IDEXAMENEN,TITULO,FECHAYHORACREACION,DURACIONEXAMEN,CANTIDADPREGUNTAS,CALIFICACION,IDHORARIO,IDCURSO) values ('7','Las Leyes de Newton en Acción: Aplicaciones y Consecuencias',to_date('01/04/24','DD/MM/RR'),'120','5','5','7','3');
Insert into EDUQUIZ.EXAMENES (IDEXAMENEN,TITULO,FECHAYHORACREACION,DURACIONEXAMEN,CANTIDADPREGUNTAS,CALIFICACION,IDHORARIO,IDCURSO) values ('9','Fuerza en Acción: Explorando las Leyes de Newton',to_date('01/04/24','DD/MM/RR'),'100','5','5','9','3');
Insert into EDUQUIZ.EXAMENES (IDEXAMENEN,TITULO,FECHAYHORACREACION,DURACIONEXAMEN,CANTIDADPREGUNTAS,CALIFICACION,IDHORARIO,IDCURSO) values ('14','Reacciones Orgánicas: Clasificación y Características',to_date('01/04/24','DD/MM/RR'),'110','5','5','14','4');
Insert into EDUQUIZ.EXAMENES (IDEXAMENEN,TITULO,FECHAYHORACREACION,DURACIONEXAMEN,CANTIDADPREGUNTAS,CALIFICACION,IDHORARIO,IDCURSO) values ('16','La Membrana Celular: Estructura y Función en Detalle',to_date('01/04/24','DD/MM/RR'),'90','5','5','16','5');
Insert into EDUQUIZ.EXAMENES (IDEXAMENEN,TITULO,FECHAYHORACREACION,DURACIONEXAMEN,CANTIDADPREGUNTAS,CALIFICACION,IDHORARIO,IDCURSO) values ('17','Organelos Celulares: Los Guardianes de la Funcionalidad',to_date('01/04/24','DD/MM/RR'),'100','5','5','17','5');
Insert into EDUQUIZ.EXAMENES (IDEXAMENEN,TITULO,FECHAYHORACREACION,DURACIONEXAMEN,CANTIDADPREGUNTAS,CALIFICACION,IDHORARIO,IDCURSO) values ('18','Núcleo Celular: El Centro de Control de la Vida',to_date('01/04/24','DD/MM/RR'),'110','5','5','18','5');
Insert into EDUQUIZ.EXAMENES (IDEXAMENEN,TITULO,FECHAYHORACREACION,DURACIONEXAMEN,CANTIDADPREGUNTAS,CALIFICACION,IDHORARIO,IDCURSO) values ('19','Exploración Profunda de los Organelos Citoplasmáticos',to_date('01/04/24','DD/MM/RR'),'120','5','5','19','5');
Insert into EDUQUIZ.EXAMENES (IDEXAMENEN,TITULO,FECHAYHORACREACION,DURACIONEXAMEN,CANTIDADPREGUNTAS,CALIFICACION,IDHORARIO,IDCURSO) values ('20','Metabolismo Celular: Anabolismo vs. Catabolismo',to_date('01/04/24','DD/MM/RR'),'90','5','5','20','5');
Insert into EDUQUIZ.EXAMENES (IDEXAMENEN,TITULO,FECHAYHORACREACION,DURACIONEXAMEN,CANTIDADPREGUNTAS,CALIFICACION,IDHORARIO,IDCURSO) values ('22','Travesía por las Grandes Civilizaciones de la Antigüedad',to_date('01/04/24','DD/MM/RR'),'120','5','5','22','6');
Insert into EDUQUIZ.EXAMENES (IDEXAMENEN,TITULO,FECHAYHORACREACION,DURACIONEXAMEN,CANTIDADPREGUNTAS,CALIFICACION,IDHORARIO,IDCURSO) values ('24','La Magnificencia de la Grecia Antigua: Una Visión Profunda',to_date('01/04/24','DD/MM/RR'),'100','5','5','24','6');
Insert into EDUQUIZ.EXAMENES (IDEXAMENEN,TITULO,FECHAYHORACREACION,DURACIONEXAMEN,CANTIDADPREGUNTAS,CALIFICACION,IDHORARIO,IDCURSO) values ('25','Egipto Antiguo: Misterios y Grandeza en el Nilo',to_date('01/04/24','DD/MM/RR'),'110','5','5','25','6');
Insert into EDUQUIZ.EXAMENES (IDEXAMENEN,TITULO,FECHAYHORACREACION,DURACIONEXAMEN,CANTIDADPREGUNTAS,CALIFICACION,IDHORARIO,IDCURSO) values ('26','El Imperio Chino: Una Saga Milenaria desde la Antigüedad',to_date('01/04/24','DD/MM/RR'),'120','5','5','26','6');
Insert into EDUQUIZ.EXAMENES (IDEXAMENEN,TITULO,FECHAYHORACREACION,DURACIONEXAMEN,CANTIDADPREGUNTAS,CALIFICACION,IDHORARIO,IDCURSO) values ('27','El Japón de Antaño: Desde el Período Heian al Shogunato',to_date('01/04/24','DD/MM/RR'),'90','5','5','27','6');
Insert into EDUQUIZ.EXAMENES (IDEXAMENEN,TITULO,FECHAYHORACREACION,DURACIONEXAMEN,CANTIDADPREGUNTAS,CALIFICACION,IDHORARIO,IDCURSO) values ('28','Modelando la Tierra: Tectónica de Placas y Relieve',to_date('01/04/24','DD/MM/RR'),'100','5','5','28','7');
Insert into EDUQUIZ.EXAMENES (IDEXAMENEN,TITULO,FECHAYHORACREACION,DURACIONEXAMEN,CANTIDADPREGUNTAS,CALIFICACION,IDHORARIO,IDCURSO) values ('31','Shaping the Earth''s Surface: Agentes Exógenos y su Impacto',to_date('01/04/24','DD/MM/RR'),'90','5','5','31','7');
Insert into EDUQUIZ.EXAMENES (IDEXAMENEN,TITULO,FECHAYHORACREACION,DURACIONEXAMEN,CANTIDADPREGUNTAS,CALIFICACION,IDHORARIO,IDCURSO) values ('32','Entendiendo los Factores que Configuran el Clima',to_date('01/04/24','DD/MM/RR'),'100','5','5','32','7');
Insert into EDUQUIZ.EXAMENES (IDEXAMENEN,TITULO,FECHAYHORACREACION,DURACIONEXAMEN,CANTIDADPREGUNTAS,CALIFICACION,IDHORARIO,IDCURSO) values ('34','Numbers and Dates in English: Mastering the Basics',to_date('01/04/24','DD/MM/RR'),'120','5','5','34','8');
Insert into EDUQUIZ.EXAMENES (IDEXAMENEN,TITULO,FECHAYHORACREACION,DURACIONEXAMEN,CANTIDADPREGUNTAS,CALIFICACION,IDHORARIO,IDCURSO) values ('35','Mastering Advanced Verb Tenses: A Journey through Time',to_date('01/04/24','DD/MM/RR'),'90','5','5','35','8');
Insert into EDUQUIZ.EXAMENES (IDEXAMENEN,TITULO,FECHAYHORACREACION,DURACIONEXAMEN,CANTIDADPREGUNTAS,CALIFICACION,IDHORARIO,IDCURSO) values ('36','Crafting Complex Sentences and Syntax: The Art of Expression',to_date('01/04/24','DD/MM/RR'),'100','5','5','36','8');
Insert into EDUQUIZ.EXAMENES (IDEXAMENEN,TITULO,FECHAYHORACREACION,DURACIONEXAMEN,CANTIDADPREGUNTAS,CALIFICACION,IDHORARIO,IDCURSO) values ('38','Listening Comprehension across Various Accents and Speeds',to_date('01/04/24','DD/MM/RR'),'120','5','5','38','8');
Insert into EDUQUIZ.EXAMENES (IDEXAMENEN,TITULO,FECHAYHORACREACION,DURACIONEXAMEN,CANTIDADPREGUNTAS,CALIFICACION,IDHORARIO,IDCURSO) values ('40','Perfecting Swimming Strokes: Techniques for Mastery',to_date('01/04/24','DD/MM/RR'),'100','5','5','40','8');
Insert into EDUQUIZ.EXAMENES (IDEXAMENEN,TITULO,FECHAYHORACREACION,DURACIONEXAMEN,CANTIDADPREGUNTAS,CALIFICACION,IDHORARIO,IDCURSO) values ('2','La Era Dorada de la Literatura Española: El Modernismo en Foco',to_date('01/04/24','DD/MM/RR'),'90','5','5','2','2');
Insert into EDUQUIZ.EXAMENES (IDEXAMENEN,TITULO,FECHAYHORACREACION,DURACIONEXAMEN,CANTIDADPREGUNTAS,CALIFICACION,IDHORARIO,IDCURSO) values ('4','La Prosa en su Máxima Expresión: El Siglo de Oro en Detalle',to_date('01/04/24','DD/MM/RR'),'100','5','5','4','2');
Insert into EDUQUIZ.EXAMENES (IDEXAMENEN,TITULO,FECHAYHORACREACION,DURACIONEXAMEN,CANTIDADPREGUNTAS,CALIFICACION,IDHORARIO,IDCURSO) values ('8','La Primera Ley de Newton al Descubierto: Inercia en Movimiento',to_date('01/04/24','DD/MM/RR'),'80','5','5','8','3');
Insert into EDUQUIZ.EXAMENES (IDEXAMENEN,TITULO,FECHAYHORACREACION,DURACIONEXAMEN,CANTIDADPREGUNTAS,CALIFICACION,IDHORARIO,IDCURSO) values ('10','Trabajando en el Mundo de la Física: Conceptos y Aplicaciones',to_date('01/04/24','DD/MM/RR'),'110','5','5','10','3');
Insert into EDUQUIZ.EXAMENES (IDEXAMENEN,TITULO,FECHAYHORACREACION,DURACIONEXAMEN,CANTIDADPREGUNTAS,CALIFICACION,IDHORARIO,IDCURSO) values ('11','De la Potencialidad a la Cinética: Un Viaje por los Tipos de Energía',to_date('01/04/24','DD/MM/RR'),'120','5','5','11','3');
Insert into EDUQUIZ.EXAMENES (IDEXAMENEN,TITULO,FECHAYHORACREACION,DURACIONEXAMEN,CANTIDADPREGUNTAS,CALIFICACION,IDHORARIO,IDCURSO) values ('12','Nomenclatura y Estructura: Aventurándose en los Compuestos Orgánicos',to_date('01/04/24','DD/MM/RR'),'90','5','5','12','4');
Insert into EDUQUIZ.EXAMENES (IDEXAMENEN,TITULO,FECHAYHORACREACION,DURACIONEXAMEN,CANTIDADPREGUNTAS,CALIFICACION,IDHORARIO,IDCURSO) values ('13','Enlaces que Marcan la Diferencia: Explorando el Enlace Químico Orgánico',to_date('01/04/24','DD/MM/RR'),'100','5','5','13','4');
Insert into EDUQUIZ.EXAMENES (IDEXAMENEN,TITULO,FECHAYHORACREACION,DURACIONEXAMEN,CANTIDADPREGUNTAS,CALIFICACION,IDHORARIO,IDCURSO) values ('15','Descifrando los Mecanismos de Reacción en Química Orgánica',to_date('01/04/24','DD/MM/RR'),'120','5','5','15','4');
Insert into EDUQUIZ.EXAMENES (IDEXAMENEN,TITULO,FECHAYHORACREACION,DURACIONEXAMEN,CANTIDADPREGUNTAS,CALIFICACION,IDHORARIO,IDCURSO) values ('21','Comunicación Celular: Señalización y Transducción de Mensajes',to_date('01/04/24','DD/MM/RR'),'100','5','5','21','5');
Insert into EDUQUIZ.EXAMENES (IDEXAMENEN,TITULO,FECHAYHORACREACION,DURACIONEXAMEN,CANTIDADPREGUNTAS,CALIFICACION,IDHORARIO,IDCURSO) values ('23','El Camino de la Escritura: Desarrollo y Difusión en la Antigüedad',to_date('01/04/24','DD/MM/RR'),'90','5','5','23','6');
Insert into EDUQUIZ.EXAMENES (IDEXAMENEN,TITULO,FECHAYHORACREACION,DURACIONEXAMEN,CANTIDADPREGUNTAS,CALIFICACION,IDHORARIO,IDCURSO) values ('29','Climas y Ecosistemas: Factores Determinantes y Zonas de Influencia',to_date('01/04/24','DD/MM/RR'),'110','5','5','29','7');
Insert into EDUQUIZ.EXAMENES (IDEXAMENEN,TITULO,FECHAYHORACREACION,DURACIONEXAMEN,CANTIDADPREGUNTAS,CALIFICACION,IDHORARIO,IDCURSO) values ('30','Sculpting the Earth: Agentes Endógenos y sus Formas de Relieve',to_date('01/04/24','DD/MM/RR'),'120','5','5','30','7');
Insert into EDUQUIZ.EXAMENES (IDEXAMENEN,TITULO,FECHAYHORACREACION,DURACIONEXAMEN,CANTIDADPREGUNTAS,CALIFICACION,IDHORARIO,IDCURSO) values ('33','Greetings and Introductions in English: Navigating Social Interactions',to_date('01/04/24','DD/MM/RR'),'110','5','5','33','8');
Insert into EDUQUIZ.EXAMENES (IDEXAMENEN,TITULO,FECHAYHORACREACION,DURACIONEXAMEN,CANTIDADPREGUNTAS,CALIFICACION,IDHORARIO,IDCURSO) values ('37','Conversational Practice in Everyday Situations: Building Fluency',to_date('01/04/24','DD/MM/RR'),'110','5','5','37','8');
Insert into EDUQUIZ.EXAMENES (IDEXAMENEN,TITULO,FECHAYHORACREACION,DURACIONEXAMEN,CANTIDADPREGUNTAS,CALIFICACION,IDHORARIO,IDCURSO) values ('39','Breathing Techniques in Swimming: Achieving Efficiency and Performance',to_date('01/04/24','DD/MM/RR'),'90','5','5','39','8');
REM INSERTING into EDUQUIZ.GRUPOS
SET DEFINE OFF;
Insert into EDUQUIZ.GRUPOS (IDGRUPO,NOMBREGRUPO,"AÑOACATEMICO",IDDOCENTE_TUTOR) values ('1','01-A',to_date('01/01/24','DD/MM/RR'),'1');
Insert into EDUQUIZ.GRUPOS (IDGRUPO,NOMBREGRUPO,"AÑOACATEMICO",IDDOCENTE_TUTOR) values ('2','02-A',to_date('01/01/24','DD/MM/RR'),'2');
Insert into EDUQUIZ.GRUPOS (IDGRUPO,NOMBREGRUPO,"AÑOACATEMICO",IDDOCENTE_TUTOR) values ('3','03-A',to_date('01/01/24','DD/MM/RR'),'3');
Insert into EDUQUIZ.GRUPOS (IDGRUPO,NOMBREGRUPO,"AÑOACATEMICO",IDDOCENTE_TUTOR) values ('4','01-B',to_date('01/01/24','DD/MM/RR'),'4');
Insert into EDUQUIZ.GRUPOS (IDGRUPO,NOMBREGRUPO,"AÑOACATEMICO",IDDOCENTE_TUTOR) values ('5','02-B',to_date('01/01/24','DD/MM/RR'),'5');
Insert into EDUQUIZ.GRUPOS (IDGRUPO,NOMBREGRUPO,"AÑOACATEMICO",IDDOCENTE_TUTOR) values ('6','03-B',to_date('01/01/24','DD/MM/RR'),'6');
Insert into EDUQUIZ.GRUPOS (IDGRUPO,NOMBREGRUPO,"AÑOACATEMICO",IDDOCENTE_TUTOR) values ('7','01-C',to_date('01/01/24','DD/MM/RR'),'7');
Insert into EDUQUIZ.GRUPOS (IDGRUPO,NOMBREGRUPO,"AÑOACATEMICO",IDDOCENTE_TUTOR) values ('8','02-C',to_date('01/01/24','DD/MM/RR'),'8');
Insert into EDUQUIZ.GRUPOS (IDGRUPO,NOMBREGRUPO,"AÑOACATEMICO",IDDOCENTE_TUTOR) values ('9','03-C',to_date('01/01/24','DD/MM/RR'),'9');
Insert into EDUQUIZ.GRUPOS (IDGRUPO,NOMBREGRUPO,"AÑOACATEMICO",IDDOCENTE_TUTOR) values ('10','01-D',to_date('01/01/24','DD/MM/RR'),'10');
Insert into EDUQUIZ.GRUPOS (IDGRUPO,NOMBREGRUPO,"AÑOACATEMICO",IDDOCENTE_TUTOR) values ('11','02-D',to_date('01/01/24','DD/MM/RR'),'11');
Insert into EDUQUIZ.GRUPOS (IDGRUPO,NOMBREGRUPO,"AÑOACATEMICO",IDDOCENTE_TUTOR) values ('12','03-D',to_date('01/01/24','DD/MM/RR'),'12');
Insert into EDUQUIZ.GRUPOS (IDGRUPO,NOMBREGRUPO,"AÑOACATEMICO",IDDOCENTE_TUTOR) values ('13','01-E',to_date('01/01/24','DD/MM/RR'),'13');
Insert into EDUQUIZ.GRUPOS (IDGRUPO,NOMBREGRUPO,"AÑOACATEMICO",IDDOCENTE_TUTOR) values ('14','02-E',to_date('01/01/24','DD/MM/RR'),'14');
Insert into EDUQUIZ.GRUPOS (IDGRUPO,NOMBREGRUPO,"AÑOACATEMICO",IDDOCENTE_TUTOR) values ('15','03-E',to_date('01/01/24','DD/MM/RR'),'15');
Insert into EDUQUIZ.GRUPOS (IDGRUPO,NOMBREGRUPO,"AÑOACATEMICO",IDDOCENTE_TUTOR) values ('16','01-F',to_date('01/01/24','DD/MM/RR'),'16');
Insert into EDUQUIZ.GRUPOS (IDGRUPO,NOMBREGRUPO,"AÑOACATEMICO",IDDOCENTE_TUTOR) values ('17','02-F',to_date('01/01/24','DD/MM/RR'),'17');
Insert into EDUQUIZ.GRUPOS (IDGRUPO,NOMBREGRUPO,"AÑOACATEMICO",IDDOCENTE_TUTOR) values ('18','03-F',to_date('01/01/24','DD/MM/RR'),'18');
Insert into EDUQUIZ.GRUPOS (IDGRUPO,NOMBREGRUPO,"AÑOACATEMICO",IDDOCENTE_TUTOR) values ('19','01-G',to_date('01/01/24','DD/MM/RR'),'19');
Insert into EDUQUIZ.GRUPOS (IDGRUPO,NOMBREGRUPO,"AÑOACATEMICO",IDDOCENTE_TUTOR) values ('20','02-G',to_date('01/01/24','DD/MM/RR'),'20');
Insert into EDUQUIZ.GRUPOS (IDGRUPO,NOMBREGRUPO,"AÑOACATEMICO",IDDOCENTE_TUTOR) values ('21','03-G',to_date('01/01/24','DD/MM/RR'),'21');
Insert into EDUQUIZ.GRUPOS (IDGRUPO,NOMBREGRUPO,"AÑOACATEMICO",IDDOCENTE_TUTOR) values ('22','01-H',to_date('01/01/24','DD/MM/RR'),'22');
Insert into EDUQUIZ.GRUPOS (IDGRUPO,NOMBREGRUPO,"AÑOACATEMICO",IDDOCENTE_TUTOR) values ('23','02-H',to_date('01/01/24','DD/MM/RR'),'23');
Insert into EDUQUIZ.GRUPOS (IDGRUPO,NOMBREGRUPO,"AÑOACATEMICO",IDDOCENTE_TUTOR) values ('24','03-H',to_date('01/01/24','DD/MM/RR'),'24');
Insert into EDUQUIZ.GRUPOS (IDGRUPO,NOMBREGRUPO,"AÑOACATEMICO",IDDOCENTE_TUTOR) values ('25','01-I',to_date('01/01/24','DD/MM/RR'),'25');
Insert into EDUQUIZ.GRUPOS (IDGRUPO,NOMBREGRUPO,"AÑOACATEMICO",IDDOCENTE_TUTOR) values ('26','02-I',to_date('01/01/24','DD/MM/RR'),'26');
Insert into EDUQUIZ.GRUPOS (IDGRUPO,NOMBREGRUPO,"AÑOACATEMICO",IDDOCENTE_TUTOR) values ('27','03-I',to_date('01/01/24','DD/MM/RR'),'27');
Insert into EDUQUIZ.GRUPOS (IDGRUPO,NOMBREGRUPO,"AÑOACATEMICO",IDDOCENTE_TUTOR) values ('28','01-J',to_date('01/01/24','DD/MM/RR'),'28');
Insert into EDUQUIZ.GRUPOS (IDGRUPO,NOMBREGRUPO,"AÑOACATEMICO",IDDOCENTE_TUTOR) values ('29','02-J',to_date('01/01/24','DD/MM/RR'),'29');
Insert into EDUQUIZ.GRUPOS (IDGRUPO,NOMBREGRUPO,"AÑOACATEMICO",IDDOCENTE_TUTOR) values ('30','03-J',to_date('01/01/24','DD/MM/RR'),'30');
Insert into EDUQUIZ.GRUPOS (IDGRUPO,NOMBREGRUPO,"AÑOACATEMICO",IDDOCENTE_TUTOR) values ('31','01-K',to_date('01/01/24','DD/MM/RR'),'31');
Insert into EDUQUIZ.GRUPOS (IDGRUPO,NOMBREGRUPO,"AÑOACATEMICO",IDDOCENTE_TUTOR) values ('32','02-K',to_date('01/01/24','DD/MM/RR'),'32');
Insert into EDUQUIZ.GRUPOS (IDGRUPO,NOMBREGRUPO,"AÑOACATEMICO",IDDOCENTE_TUTOR) values ('33','03-K',to_date('01/01/24','DD/MM/RR'),'33');
Insert into EDUQUIZ.GRUPOS (IDGRUPO,NOMBREGRUPO,"AÑOACATEMICO",IDDOCENTE_TUTOR) values ('34','01-L',to_date('01/01/24','DD/MM/RR'),'34');
Insert into EDUQUIZ.GRUPOS (IDGRUPO,NOMBREGRUPO,"AÑOACATEMICO",IDDOCENTE_TUTOR) values ('35','02-L',to_date('01/01/24','DD/MM/RR'),'35');
Insert into EDUQUIZ.GRUPOS (IDGRUPO,NOMBREGRUPO,"AÑOACATEMICO",IDDOCENTE_TUTOR) values ('36','03-L',to_date('01/01/24','DD/MM/RR'),'36');
Insert into EDUQUIZ.GRUPOS (IDGRUPO,NOMBREGRUPO,"AÑOACATEMICO",IDDOCENTE_TUTOR) values ('37','01-M',to_date('01/01/24','DD/MM/RR'),'37');
Insert into EDUQUIZ.GRUPOS (IDGRUPO,NOMBREGRUPO,"AÑOACATEMICO",IDDOCENTE_TUTOR) values ('38','02-M',to_date('01/01/24','DD/MM/RR'),'38');
Insert into EDUQUIZ.GRUPOS (IDGRUPO,NOMBREGRUPO,"AÑOACATEMICO",IDDOCENTE_TUTOR) values ('39','03-M',to_date('01/01/24','DD/MM/RR'),'39');
Insert into EDUQUIZ.GRUPOS (IDGRUPO,NOMBREGRUPO,"AÑOACATEMICO",IDDOCENTE_TUTOR) values ('40','01-N',to_date('01/01/24','DD/MM/RR'),'40');
Insert into EDUQUIZ.GRUPOS (IDGRUPO,NOMBREGRUPO,"AÑOACATEMICO",IDDOCENTE_TUTOR) values ('41','02-N',to_date('01/01/24','DD/MM/RR'),'41');
Insert into EDUQUIZ.GRUPOS (IDGRUPO,NOMBREGRUPO,"AÑOACATEMICO",IDDOCENTE_TUTOR) values ('42','03-N',to_date('01/01/24','DD/MM/RR'),'42');
Insert into EDUQUIZ.GRUPOS (IDGRUPO,NOMBREGRUPO,"AÑOACATEMICO",IDDOCENTE_TUTOR) values ('43','01-O',to_date('01/01/24','DD/MM/RR'),'43');
Insert into EDUQUIZ.GRUPOS (IDGRUPO,NOMBREGRUPO,"AÑOACATEMICO",IDDOCENTE_TUTOR) values ('44','02-O',to_date('01/01/24','DD/MM/RR'),'44');
Insert into EDUQUIZ.GRUPOS (IDGRUPO,NOMBREGRUPO,"AÑOACATEMICO",IDDOCENTE_TUTOR) values ('45','03-O',to_date('01/01/24','DD/MM/RR'),'45');
Insert into EDUQUIZ.GRUPOS (IDGRUPO,NOMBREGRUPO,"AÑOACATEMICO",IDDOCENTE_TUTOR) values ('46','01-P',to_date('01/01/24','DD/MM/RR'),'46');
Insert into EDUQUIZ.GRUPOS (IDGRUPO,NOMBREGRUPO,"AÑOACATEMICO",IDDOCENTE_TUTOR) values ('47','02-P',to_date('01/01/24','DD/MM/RR'),'47');
Insert into EDUQUIZ.GRUPOS (IDGRUPO,NOMBREGRUPO,"AÑOACATEMICO",IDDOCENTE_TUTOR) values ('48','03-P',to_date('01/01/24','DD/MM/RR'),'48');
Insert into EDUQUIZ.GRUPOS (IDGRUPO,NOMBREGRUPO,"AÑOACATEMICO",IDDOCENTE_TUTOR) values ('49','01-Q',to_date('01/01/24','DD/MM/RR'),'49');
Insert into EDUQUIZ.GRUPOS (IDGRUPO,NOMBREGRUPO,"AÑOACATEMICO",IDDOCENTE_TUTOR) values ('50','02-Q',to_date('01/01/24','DD/MM/RR'),'50');
REM INSERTING into EDUQUIZ.HORARIOS
SET DEFINE OFF;
Insert into EDUQUIZ.HORARIOS (IDHORARIO,HORA_INICIO,HORA_FIN,IDASIGNACIONDIA) values ('1',to_date('01/04/24','DD/MM/RR'),to_date('01/04/24','DD/MM/RR'),'1');
Insert into EDUQUIZ.HORARIOS (IDHORARIO,HORA_INICIO,HORA_FIN,IDASIGNACIONDIA) values ('2',to_date('01/04/24','DD/MM/RR'),to_date('01/04/24','DD/MM/RR'),'2');
Insert into EDUQUIZ.HORARIOS (IDHORARIO,HORA_INICIO,HORA_FIN,IDASIGNACIONDIA) values ('3',to_date('01/04/24','DD/MM/RR'),to_date('01/04/24','DD/MM/RR'),'3');
Insert into EDUQUIZ.HORARIOS (IDHORARIO,HORA_INICIO,HORA_FIN,IDASIGNACIONDIA) values ('4',to_date('02/04/24','DD/MM/RR'),to_date('02/04/24','DD/MM/RR'),'4');
Insert into EDUQUIZ.HORARIOS (IDHORARIO,HORA_INICIO,HORA_FIN,IDASIGNACIONDIA) values ('5',to_date('02/04/24','DD/MM/RR'),to_date('02/04/24','DD/MM/RR'),'5');
Insert into EDUQUIZ.HORARIOS (IDHORARIO,HORA_INICIO,HORA_FIN,IDASIGNACIONDIA) values ('6',to_date('02/04/24','DD/MM/RR'),to_date('02/04/24','DD/MM/RR'),'6');
Insert into EDUQUIZ.HORARIOS (IDHORARIO,HORA_INICIO,HORA_FIN,IDASIGNACIONDIA) values ('7',to_date('03/04/24','DD/MM/RR'),to_date('03/04/24','DD/MM/RR'),'7');
Insert into EDUQUIZ.HORARIOS (IDHORARIO,HORA_INICIO,HORA_FIN,IDASIGNACIONDIA) values ('8',to_date('03/04/24','DD/MM/RR'),to_date('03/04/24','DD/MM/RR'),'8');
Insert into EDUQUIZ.HORARIOS (IDHORARIO,HORA_INICIO,HORA_FIN,IDASIGNACIONDIA) values ('9',to_date('03/04/24','DD/MM/RR'),to_date('03/04/24','DD/MM/RR'),'9');
Insert into EDUQUIZ.HORARIOS (IDHORARIO,HORA_INICIO,HORA_FIN,IDASIGNACIONDIA) values ('10',to_date('04/04/24','DD/MM/RR'),to_date('04/04/24','DD/MM/RR'),'10');
Insert into EDUQUIZ.HORARIOS (IDHORARIO,HORA_INICIO,HORA_FIN,IDASIGNACIONDIA) values ('11',to_date('04/04/24','DD/MM/RR'),to_date('04/04/24','DD/MM/RR'),'11');
Insert into EDUQUIZ.HORARIOS (IDHORARIO,HORA_INICIO,HORA_FIN,IDASIGNACIONDIA) values ('12',to_date('04/04/24','DD/MM/RR'),to_date('04/04/24','DD/MM/RR'),'12');
Insert into EDUQUIZ.HORARIOS (IDHORARIO,HORA_INICIO,HORA_FIN,IDASIGNACIONDIA) values ('13',to_date('05/04/24','DD/MM/RR'),to_date('05/04/24','DD/MM/RR'),'13');
Insert into EDUQUIZ.HORARIOS (IDHORARIO,HORA_INICIO,HORA_FIN,IDASIGNACIONDIA) values ('14',to_date('05/04/24','DD/MM/RR'),to_date('05/04/24','DD/MM/RR'),'14');
Insert into EDUQUIZ.HORARIOS (IDHORARIO,HORA_INICIO,HORA_FIN,IDASIGNACIONDIA) values ('15',to_date('05/04/24','DD/MM/RR'),to_date('05/04/24','DD/MM/RR'),'15');
Insert into EDUQUIZ.HORARIOS (IDHORARIO,HORA_INICIO,HORA_FIN,IDASIGNACIONDIA) values ('16',to_date('06/04/24','DD/MM/RR'),to_date('06/04/24','DD/MM/RR'),'16');
Insert into EDUQUIZ.HORARIOS (IDHORARIO,HORA_INICIO,HORA_FIN,IDASIGNACIONDIA) values ('17',to_date('06/04/24','DD/MM/RR'),to_date('06/04/24','DD/MM/RR'),'17');
Insert into EDUQUIZ.HORARIOS (IDHORARIO,HORA_INICIO,HORA_FIN,IDASIGNACIONDIA) values ('18',to_date('06/04/24','DD/MM/RR'),to_date('06/04/24','DD/MM/RR'),'18');
Insert into EDUQUIZ.HORARIOS (IDHORARIO,HORA_INICIO,HORA_FIN,IDASIGNACIONDIA) values ('19',to_date('07/04/24','DD/MM/RR'),to_date('07/04/24','DD/MM/RR'),'19');
Insert into EDUQUIZ.HORARIOS (IDHORARIO,HORA_INICIO,HORA_FIN,IDASIGNACIONDIA) values ('20',to_date('07/04/24','DD/MM/RR'),to_date('07/04/24','DD/MM/RR'),'20');
Insert into EDUQUIZ.HORARIOS (IDHORARIO,HORA_INICIO,HORA_FIN,IDASIGNACIONDIA) values ('21',to_date('07/04/24','DD/MM/RR'),to_date('07/04/24','DD/MM/RR'),'21');
Insert into EDUQUIZ.HORARIOS (IDHORARIO,HORA_INICIO,HORA_FIN,IDASIGNACIONDIA) values ('22',to_date('08/04/24','DD/MM/RR'),to_date('08/04/24','DD/MM/RR'),'22');
Insert into EDUQUIZ.HORARIOS (IDHORARIO,HORA_INICIO,HORA_FIN,IDASIGNACIONDIA) values ('23',to_date('08/04/24','DD/MM/RR'),to_date('08/04/24','DD/MM/RR'),'23');
Insert into EDUQUIZ.HORARIOS (IDHORARIO,HORA_INICIO,HORA_FIN,IDASIGNACIONDIA) values ('24',to_date('08/04/24','DD/MM/RR'),to_date('08/04/24','DD/MM/RR'),'24');
Insert into EDUQUIZ.HORARIOS (IDHORARIO,HORA_INICIO,HORA_FIN,IDASIGNACIONDIA) values ('25',to_date('09/04/24','DD/MM/RR'),to_date('09/04/24','DD/MM/RR'),'25');
Insert into EDUQUIZ.HORARIOS (IDHORARIO,HORA_INICIO,HORA_FIN,IDASIGNACIONDIA) values ('26',to_date('09/04/24','DD/MM/RR'),to_date('09/04/24','DD/MM/RR'),'26');
Insert into EDUQUIZ.HORARIOS (IDHORARIO,HORA_INICIO,HORA_FIN,IDASIGNACIONDIA) values ('27',to_date('09/04/24','DD/MM/RR'),to_date('09/04/24','DD/MM/RR'),'27');
Insert into EDUQUIZ.HORARIOS (IDHORARIO,HORA_INICIO,HORA_FIN,IDASIGNACIONDIA) values ('28',to_date('10/04/24','DD/MM/RR'),to_date('10/04/24','DD/MM/RR'),'28');
Insert into EDUQUIZ.HORARIOS (IDHORARIO,HORA_INICIO,HORA_FIN,IDASIGNACIONDIA) values ('29',to_date('10/04/24','DD/MM/RR'),to_date('10/04/24','DD/MM/RR'),'29');
Insert into EDUQUIZ.HORARIOS (IDHORARIO,HORA_INICIO,HORA_FIN,IDASIGNACIONDIA) values ('30',to_date('10/04/24','DD/MM/RR'),to_date('10/04/24','DD/MM/RR'),'30');
Insert into EDUQUIZ.HORARIOS (IDHORARIO,HORA_INICIO,HORA_FIN,IDASIGNACIONDIA) values ('31',to_date('11/04/24','DD/MM/RR'),to_date('11/04/24','DD/MM/RR'),'31');
Insert into EDUQUIZ.HORARIOS (IDHORARIO,HORA_INICIO,HORA_FIN,IDASIGNACIONDIA) values ('32',to_date('11/04/24','DD/MM/RR'),to_date('11/04/24','DD/MM/RR'),'32');
Insert into EDUQUIZ.HORARIOS (IDHORARIO,HORA_INICIO,HORA_FIN,IDASIGNACIONDIA) values ('33',to_date('11/04/24','DD/MM/RR'),to_date('11/04/24','DD/MM/RR'),'33');
Insert into EDUQUIZ.HORARIOS (IDHORARIO,HORA_INICIO,HORA_FIN,IDASIGNACIONDIA) values ('34',to_date('12/04/24','DD/MM/RR'),to_date('12/04/24','DD/MM/RR'),'34');
Insert into EDUQUIZ.HORARIOS (IDHORARIO,HORA_INICIO,HORA_FIN,IDASIGNACIONDIA) values ('35',to_date('12/04/24','DD/MM/RR'),to_date('12/04/24','DD/MM/RR'),'35');
Insert into EDUQUIZ.HORARIOS (IDHORARIO,HORA_INICIO,HORA_FIN,IDASIGNACIONDIA) values ('36',to_date('12/04/24','DD/MM/RR'),to_date('12/04/24','DD/MM/RR'),'36');
Insert into EDUQUIZ.HORARIOS (IDHORARIO,HORA_INICIO,HORA_FIN,IDASIGNACIONDIA) values ('37',to_date('13/04/24','DD/MM/RR'),to_date('13/04/24','DD/MM/RR'),'37');
Insert into EDUQUIZ.HORARIOS (IDHORARIO,HORA_INICIO,HORA_FIN,IDASIGNACIONDIA) values ('38',to_date('13/04/24','DD/MM/RR'),to_date('13/04/24','DD/MM/RR'),'38');
Insert into EDUQUIZ.HORARIOS (IDHORARIO,HORA_INICIO,HORA_FIN,IDASIGNACIONDIA) values ('39',to_date('13/04/24','DD/MM/RR'),to_date('13/04/24','DD/MM/RR'),'39');
Insert into EDUQUIZ.HORARIOS (IDHORARIO,HORA_INICIO,HORA_FIN,IDASIGNACIONDIA) values ('40',to_date('14/04/24','DD/MM/RR'),to_date('14/04/24','DD/MM/RR'),'40');
REM INSERTING into EDUQUIZ.INSTITUCIONES
SET DEFINE OFF;
Insert into EDUQUIZ.INSTITUCIONES (IDINSTITUCION,NOMBRENINSTITUCION,DESCRIPCION,DIRECCION,TELEFONO) values ('1','Universidad Nacional','Universidad pública de prestigio','Avenida Principal 123','3145551234');
Insert into EDUQUIZ.INSTITUCIONES (IDINSTITUCION,NOMBRENINSTITUCION,DESCRIPCION,DIRECCION,TELEFONO) values ('2','Colegio Técnico','Institución de educación técnica','Calle Secundaria 456','3235557890');
Insert into EDUQUIZ.INSTITUCIONES (IDINSTITUCION,NOMBRENINSTITUCION,DESCRIPCION,DIRECCION,TELEFONO) values ('3','Academia de Idiomas','Centro de enseñanza de idiomas','Plaza Central 789','3135559876');
Insert into EDUQUIZ.INSTITUCIONES (IDINSTITUCION,NOMBRENINSTITUCION,DESCRIPCION,DIRECCION,TELEFONO) values ('4','Escuela Primaria N°1','Educación básica primaria','Avenida del Parque 234','3115553456');
Insert into EDUQUIZ.INSTITUCIONES (IDINSTITUCION,NOMBRENINSTITUCION,DESCRIPCION,DIRECCION,TELEFONO) values ('6','Universidad Privada','Institución universitaria privada','Calle Principal 890','3045558901');
Insert into EDUQUIZ.INSTITUCIONES (IDINSTITUCION,NOMBRENINSTITUCION,DESCRIPCION,DIRECCION,TELEFONO) values ('7','Colegio Bilingüe','Enseñanza en dos idiomas','Avenida Internacional 345','3155552345');
Insert into EDUQUIZ.INSTITUCIONES (IDINSTITUCION,NOMBRENINSTITUCION,DESCRIPCION,DIRECCION,TELEFONO) values ('8','Centro de Capacitación','Cursos de formación profesional','Calle Comercial 678','3165557678');
Insert into EDUQUIZ.INSTITUCIONES (IDINSTITUCION,NOMBRENINSTITUCION,DESCRIPCION,DIRECCION,TELEFONO) values ('9','Escuela Secundaria N°2','Educación media secundaria','Bulevar Estudiantil 901','3155559012');
Insert into EDUQUIZ.INSTITUCIONES (IDINSTITUCION,NOMBRENINSTITUCION,DESCRIPCION,DIRECCION,TELEFONO) values ('10','Instituto Tecnológico','Formación en carreras tecnológicas','Avenida Tecnológica 234','3035554567');
Insert into EDUQUIZ.INSTITUCIONES (IDINSTITUCION,NOMBRENINSTITUCION,DESCRIPCION,DIRECCION,TELEFONO) values ('11','Academia de Música','Enseñanza de música y artes escénicas','Plaza de la Música 567','3235557890');
Insert into EDUQUIZ.INSTITUCIONES (IDINSTITUCION,NOMBRENINSTITUCION,DESCRIPCION,DIRECCION,TELEFONO) values ('13','Universidad Agrícola','Institución especializada en agronomía','Ruta Rural 345','3135556789');
Insert into EDUQUIZ.INSTITUCIONES (IDINSTITUCION,NOMBRENINSTITUCION,DESCRIPCION,DIRECCION,TELEFONO) values ('14','Escuela de Artes y Oficios','Formación en oficios y manualidades','Avenida Artesanal 678','3175552345');
Insert into EDUQUIZ.INSTITUCIONES (IDINSTITUCION,NOMBRENINSTITUCION,DESCRIPCION,DIRECCION,TELEFONO) values ('16','Colegio Técnico N°3','Institución de educación técnica','Calle Industrial 234','3175553456');
Insert into EDUQUIZ.INSTITUCIONES (IDINSTITUCION,NOMBRENINSTITUCION,DESCRIPCION,DIRECCION,TELEFONO) values ('17','Universidad Virtual','Educación en línea y a distancia','Avenida Virtual 567','3255556789');
Insert into EDUQUIZ.INSTITUCIONES (IDINSTITUCION,NOMBRENINSTITUCION,DESCRIPCION,DIRECCION,TELEFONO) values ('19','Instituto de Liderazgo','Desarrollo de habilidades de liderazgo','Calle Empresarial 345','3235554567');
Insert into EDUQUIZ.INSTITUCIONES (IDINSTITUCION,NOMBRENINSTITUCION,DESCRIPCION,DIRECCION,TELEFONO) values ('21','Colegio Técnico N°4','Institución de educación técnica','Avenida Industrial 901','3165550123');
Insert into EDUQUIZ.INSTITUCIONES (IDINSTITUCION,NOMBRENINSTITUCION,DESCRIPCION,DIRECCION,TELEFONO) values ('23','Escuela de Deportes','Formación en disciplinas deportivas','Calle Olímpica 567','3045552345');
Insert into EDUQUIZ.INSTITUCIONES (IDINSTITUCION,NOMBRENINSTITUCION,DESCRIPCION,DIRECCION,TELEFONO) values ('24','Instituto de Negocios','Educación en administración y negocios','Avenida Empresarial 890','3255557890');
Insert into EDUQUIZ.INSTITUCIONES (IDINSTITUCION,NOMBRENINSTITUCION,DESCRIPCION,DIRECCION,TELEFONO) values ('27','Escuela de Idiomas','Enseñanza intensiva de idiomas','Avenida Lingüística 901','3165552345');
Insert into EDUQUIZ.INSTITUCIONES (IDINSTITUCION,NOMBRENINSTITUCION,DESCRIPCION,DIRECCION,TELEFONO) values ('29','Colegio de Artes Escénicas','Formación en teatro, danza y música','Plaza del Espectáculo 567','3175550123');
Insert into EDUQUIZ.INSTITUCIONES (IDINSTITUCION,NOMBRENINSTITUCION,DESCRIPCION,DIRECCION,TELEFONO) values ('31','Escuela de Formación Docente','Preparación de futuros maestros','Calle Pedagógica 345','3235559012');
Insert into EDUQUIZ.INSTITUCIONES (IDINSTITUCION,NOMBRENINSTITUCION,DESCRIPCION,DIRECCION,TELEFONO) values ('33','Universidad de Artes Visuales','Institución dedicada a las bellas artes','Plaza Artística 901','3175557890');
Insert into EDUQUIZ.INSTITUCIONES (IDINSTITUCION,NOMBRENINSTITUCION,DESCRIPCION,DIRECCION,TELEFONO) values ('34','Colegio de Música','Formación musical integral','Avenida Melódica 234','3175553456');
Insert into EDUQUIZ.INSTITUCIONES (IDINSTITUCION,NOMBRENINSTITUCION,DESCRIPCION,DIRECCION,TELEFONO) values ('36','Escuela de Periodismo','Preparación de futuros periodistas','Avenida Informativa 890','3155552345');
Insert into EDUQUIZ.INSTITUCIONES (IDINSTITUCION,NOMBRENINSTITUCION,DESCRIPCION,DIRECCION,TELEFONO) values ('37','Academia de Fotografía','Enseñanza de técnicas fotográficas','Plaza del Lente 345','3235557890');
Insert into EDUQUIZ.INSTITUCIONES (IDINSTITUCION,NOMBRENINSTITUCION,DESCRIPCION,DIRECCION,TELEFONO) values ('5','Instituto de Arte','Formación en artes visuales','Bulevar de las Artes 567','3045556789');
Insert into EDUQUIZ.INSTITUCIONES (IDINSTITUCION,NOMBRENINSTITUCION,DESCRIPCION,DIRECCION,TELEFONO) values ('12','Colegio Montessori','Educación basada en método Montessori','Calle Alternativa 890','3255550123');
Insert into EDUQUIZ.INSTITUCIONES (IDINSTITUCION,NOMBRENINSTITUCION,DESCRIPCION,DIRECCION,TELEFONO) values ('15','Instituto de Idiomas','Centro de enseñanza de lenguas','Plaza Internacional 901','3165557890');
Insert into EDUQUIZ.INSTITUCIONES (IDINSTITUCION,NOMBRENINSTITUCION,DESCRIPCION,DIRECCION,TELEFONO) values ('22','Universidad de Ciencias','Institución de ciencias naturales','Ruta Científica 234','3045556789');
Insert into EDUQUIZ.INSTITUCIONES (IDINSTITUCION,NOMBRENINSTITUCION,DESCRIPCION,DIRECCION,TELEFONO) values ('18','Escuela de Bellas Artes','Formación en artes visuales','Bulevar Artístico 890','3235559012');
Insert into EDUQUIZ.INSTITUCIONES (IDINSTITUCION,NOMBRENINSTITUCION,DESCRIPCION,DIRECCION,TELEFONO) values ('20','Academia de Danza','Enseñanza de danza','Plaza del Ballet 678','3135557890');
Insert into EDUQUIZ.INSTITUCIONES (IDINSTITUCION,NOMBRENINSTITUCION,DESCRIPCION,DIRECCION,TELEFONO) values ('28','Universidad Tecnológica','Institución de ingenieria/tecnología','Bulevar Innovador 234','3185557890');
Insert into EDUQUIZ.INSTITUCIONES (IDINSTITUCION,NOMBRENINSTITUCION,DESCRIPCION,DIRECCION,TELEFONO) values ('25','Academia de Cocina','Enseñanza de gastronomía/culinaria','Plaza Gastronómica 345','3235553456');
Insert into EDUQUIZ.INSTITUCIONES (IDINSTITUCION,NOMBRENINSTITUCION,DESCRIPCION,DIRECCION,TELEFONO) values ('26','Instituto de Diseño','Formación en diseño gráfico','Calle Creativa 678','3155558901');
Insert into EDUQUIZ.INSTITUCIONES (IDINSTITUCION,NOMBRENINSTITUCION,DESCRIPCION,DIRECCION,TELEFONO) values ('30','Instituto de Computación','Educación en programación/informatica','Avenida Digital 890','3185556789');
Insert into EDUQUIZ.INSTITUCIONES (IDINSTITUCION,NOMBRENINSTITUCION,DESCRIPCION,DIRECCION,TELEFONO) values ('32','Academia de Robótica','Enseñanza de robótica/automatización','Bulevar Tecnológico 678','3175554567');
Insert into EDUQUIZ.INSTITUCIONES (IDINSTITUCION,NOMBRENINSTITUCION,DESCRIPCION,DIRECCION,TELEFONO) values ('35','Instituto de Cinematografía','Educación en cine y producción','Calle del Cine 567','3165558901');
Insert into EDUQUIZ.INSTITUCIONES (IDINSTITUCION,NOMBRENINSTITUCION,DESCRIPCION,DIRECCION,TELEFONO) values ('38','Colegio de Diseño de Interiores','Formación en decoración e interiores','Bulevar Estético 678','3235550123');
Insert into EDUQUIZ.INSTITUCIONES (IDINSTITUCION,NOMBRENINSTITUCION,DESCRIPCION,DIRECCION,TELEFONO) values ('39','Universidad de Moda','Institución de diseño de moda','Calle de la Moda 901','3155556789');
Insert into EDUQUIZ.INSTITUCIONES (IDINSTITUCION,NOMBRENINSTITUCION,DESCRIPCION,DIRECCION,TELEFONO) values ('40','Instituto de Turismo','Educación de turismo y hotelería','Avenida del Viajero 234','3165559012');
REM INSERTING into EDUQUIZ.LUGARES
SET DEFINE OFF;
Insert into EDUQUIZ.LUGARES (IDLUGAR,IDEDIFICIO,IDSALON) values ('1','1','1');
Insert into EDUQUIZ.LUGARES (IDLUGAR,IDEDIFICIO,IDSALON) values ('2','2','2');
Insert into EDUQUIZ.LUGARES (IDLUGAR,IDEDIFICIO,IDSALON) values ('3','3','3');
Insert into EDUQUIZ.LUGARES (IDLUGAR,IDEDIFICIO,IDSALON) values ('4','4','4');
Insert into EDUQUIZ.LUGARES (IDLUGAR,IDEDIFICIO,IDSALON) values ('5','5','5');
Insert into EDUQUIZ.LUGARES (IDLUGAR,IDEDIFICIO,IDSALON) values ('6','6','6');
Insert into EDUQUIZ.LUGARES (IDLUGAR,IDEDIFICIO,IDSALON) values ('7','7','7');
Insert into EDUQUIZ.LUGARES (IDLUGAR,IDEDIFICIO,IDSALON) values ('8','8','8');
Insert into EDUQUIZ.LUGARES (IDLUGAR,IDEDIFICIO,IDSALON) values ('9','9','9');
Insert into EDUQUIZ.LUGARES (IDLUGAR,IDEDIFICIO,IDSALON) values ('10','10','10');
Insert into EDUQUIZ.LUGARES (IDLUGAR,IDEDIFICIO,IDSALON) values ('11','11','11');
Insert into EDUQUIZ.LUGARES (IDLUGAR,IDEDIFICIO,IDSALON) values ('12','12','12');
Insert into EDUQUIZ.LUGARES (IDLUGAR,IDEDIFICIO,IDSALON) values ('13','13','13');
Insert into EDUQUIZ.LUGARES (IDLUGAR,IDEDIFICIO,IDSALON) values ('14','14','14');
Insert into EDUQUIZ.LUGARES (IDLUGAR,IDEDIFICIO,IDSALON) values ('15','15','15');
Insert into EDUQUIZ.LUGARES (IDLUGAR,IDEDIFICIO,IDSALON) values ('16','16','16');
Insert into EDUQUIZ.LUGARES (IDLUGAR,IDEDIFICIO,IDSALON) values ('17','17','17');
Insert into EDUQUIZ.LUGARES (IDLUGAR,IDEDIFICIO,IDSALON) values ('18','18','18');
Insert into EDUQUIZ.LUGARES (IDLUGAR,IDEDIFICIO,IDSALON) values ('19','19','19');
Insert into EDUQUIZ.LUGARES (IDLUGAR,IDEDIFICIO,IDSALON) values ('20','20','20');
Insert into EDUQUIZ.LUGARES (IDLUGAR,IDEDIFICIO,IDSALON) values ('21','21','21');
Insert into EDUQUIZ.LUGARES (IDLUGAR,IDEDIFICIO,IDSALON) values ('22','22','22');
Insert into EDUQUIZ.LUGARES (IDLUGAR,IDEDIFICIO,IDSALON) values ('23','23','23');
Insert into EDUQUIZ.LUGARES (IDLUGAR,IDEDIFICIO,IDSALON) values ('24','24','24');
Insert into EDUQUIZ.LUGARES (IDLUGAR,IDEDIFICIO,IDSALON) values ('25','25','25');
Insert into EDUQUIZ.LUGARES (IDLUGAR,IDEDIFICIO,IDSALON) values ('26','26','26');
Insert into EDUQUIZ.LUGARES (IDLUGAR,IDEDIFICIO,IDSALON) values ('27','27','27');
Insert into EDUQUIZ.LUGARES (IDLUGAR,IDEDIFICIO,IDSALON) values ('28','28','28');
Insert into EDUQUIZ.LUGARES (IDLUGAR,IDEDIFICIO,IDSALON) values ('29','29','29');
Insert into EDUQUIZ.LUGARES (IDLUGAR,IDEDIFICIO,IDSALON) values ('30','30','30');
Insert into EDUQUIZ.LUGARES (IDLUGAR,IDEDIFICIO,IDSALON) values ('31','31','31');
Insert into EDUQUIZ.LUGARES (IDLUGAR,IDEDIFICIO,IDSALON) values ('32','32','32');
Insert into EDUQUIZ.LUGARES (IDLUGAR,IDEDIFICIO,IDSALON) values ('33','33','33');
Insert into EDUQUIZ.LUGARES (IDLUGAR,IDEDIFICIO,IDSALON) values ('34','34','34');
Insert into EDUQUIZ.LUGARES (IDLUGAR,IDEDIFICIO,IDSALON) values ('35','35','35');
Insert into EDUQUIZ.LUGARES (IDLUGAR,IDEDIFICIO,IDSALON) values ('36','36','36');
Insert into EDUQUIZ.LUGARES (IDLUGAR,IDEDIFICIO,IDSALON) values ('37','37','37');
Insert into EDUQUIZ.LUGARES (IDLUGAR,IDEDIFICIO,IDSALON) values ('38','38','38');
Insert into EDUQUIZ.LUGARES (IDLUGAR,IDEDIFICIO,IDSALON) values ('39','39','39');
Insert into EDUQUIZ.LUGARES (IDLUGAR,IDEDIFICIO,IDSALON) values ('40','40','40');
Insert into EDUQUIZ.LUGARES (IDLUGAR,IDEDIFICIO,IDSALON) values ('41','41','41');
Insert into EDUQUIZ.LUGARES (IDLUGAR,IDEDIFICIO,IDSALON) values ('42','42','42');
Insert into EDUQUIZ.LUGARES (IDLUGAR,IDEDIFICIO,IDSALON) values ('43','43','43');
Insert into EDUQUIZ.LUGARES (IDLUGAR,IDEDIFICIO,IDSALON) values ('44','44','44');
Insert into EDUQUIZ.LUGARES (IDLUGAR,IDEDIFICIO,IDSALON) values ('45','45','45');
Insert into EDUQUIZ.LUGARES (IDLUGAR,IDEDIFICIO,IDSALON) values ('46','46','46');
Insert into EDUQUIZ.LUGARES (IDLUGAR,IDEDIFICIO,IDSALON) values ('47','47','47');
Insert into EDUQUIZ.LUGARES (IDLUGAR,IDEDIFICIO,IDSALON) values ('48','48','48');
Insert into EDUQUIZ.LUGARES (IDLUGAR,IDEDIFICIO,IDSALON) values ('49','49','49');
Insert into EDUQUIZ.LUGARES (IDLUGAR,IDEDIFICIO,IDSALON) values ('50','50','50');
REM INSERTING into EDUQUIZ.MATERIAS
SET DEFINE OFF;
Insert into EDUQUIZ.MATERIAS (IDMATERIA,NOMBRE,DESCRIPCION) values ('8','Idioma Extranjero','Aprendizaje de un nuevo idioma');
Insert into EDUQUIZ.MATERIAS (IDMATERIA,NOMBRE,DESCRIPCION) values ('11','Música','Apreciación y creación musical');
Insert into EDUQUIZ.MATERIAS (IDMATERIA,NOMBRE,DESCRIPCION) values ('13','Filosofía','Estudio del pensamiento y la existencia');
Insert into EDUQUIZ.MATERIAS (IDMATERIA,NOMBRE,DESCRIPCION) values ('16','Derecho','Estudio de las leyes y su aplicación');
Insert into EDUQUIZ.MATERIAS (IDMATERIA,NOMBRE,DESCRIPCION) values ('21','Programación','Desarrollo de software y aplicaciones');
Insert into EDUQUIZ.MATERIAS (IDMATERIA,NOMBRE,DESCRIPCION) values ('23','Arquitectura','Diseño y construcción de edificios');
Insert into EDUQUIZ.MATERIAS (IDMATERIA,NOMBRE,DESCRIPCION) values ('25','Ingeniería Mecánica','Diseño y manufactura de maquinaria');
Insert into EDUQUIZ.MATERIAS (IDMATERIA,NOMBRE,DESCRIPCION) values ('31','Enfermería','Cuidado y atención de pacientes');
Insert into EDUQUIZ.MATERIAS (IDMATERIA,NOMBRE,DESCRIPCION) values ('38','Artes Escénicas','Interpretación y puesta en escena');
Insert into EDUQUIZ.MATERIAS (IDMATERIA,NOMBRE,DESCRIPCION) values ('1','Matemáticas','Estudio de números, álgebra, geometría y cálculo');
Insert into EDUQUIZ.MATERIAS (IDMATERIA,NOMBRE,DESCRIPCION) values ('2','Lengua y Literatura','Análisis y comprensión de textos literarios');
Insert into EDUQUIZ.MATERIAS (IDMATERIA,NOMBRE,DESCRIPCION) values ('3','Física','Estudio de las leyes que rigen el universo');
Insert into EDUQUIZ.MATERIAS (IDMATERIA,NOMBRE,DESCRIPCION) values ('4','Química','Estudio de la composición y estructura de la materia');
Insert into EDUQUIZ.MATERIAS (IDMATERIA,NOMBRE,DESCRIPCION) values ('5','Biología','Estudio de los seres vivos y sus procesos');
Insert into EDUQUIZ.MATERIAS (IDMATERIA,NOMBRE,DESCRIPCION) values ('6','Historia','Estudio de los acontecimientos del pasado');
Insert into EDUQUIZ.MATERIAS (IDMATERIA,NOMBRE,DESCRIPCION) values ('7','Geografía','Estudio de la Tierra y sus características físicas');
Insert into EDUQUIZ.MATERIAS (IDMATERIA,NOMBRE,DESCRIPCION) values ('9','Educación Física','Desarrollo de habilidades físicas y deportivas');
Insert into EDUQUIZ.MATERIAS (IDMATERIA,NOMBRE,DESCRIPCION) values ('10','Artes Plásticas','Expresión artística a través de técnicas visuales');
Insert into EDUQUIZ.MATERIAS (IDMATERIA,NOMBRE,DESCRIPCION) values ('12','Informática','Manejo de tecnologías de la información');
Insert into EDUQUIZ.MATERIAS (IDMATERIA,NOMBRE,DESCRIPCION) values ('14','Economía','Análisis de recursos escasos y su distribución');
Insert into EDUQUIZ.MATERIAS (IDMATERIA,NOMBRE,DESCRIPCION) values ('15','Contabilidad','Registro y control de operaciones financieras');
Insert into EDUQUIZ.MATERIAS (IDMATERIA,NOMBRE,DESCRIPCION) values ('17','Psicología','Estudio de la mente y el comportamiento humano');
Insert into EDUQUIZ.MATERIAS (IDMATERIA,NOMBRE,DESCRIPCION) values ('18','Sociología','Análisis de las sociedades y sus estructuras');
Insert into EDUQUIZ.MATERIAS (IDMATERIA,NOMBRE,DESCRIPCION) values ('19','Ética','Estudio de la moral y los principios de conducta');
Insert into EDUQUIZ.MATERIAS (IDMATERIA,NOMBRE,DESCRIPCION) values ('20','Anatomía','Estudio de la estructura del cuerpo humano');
Insert into EDUQUIZ.MATERIAS (IDMATERIA,NOMBRE,DESCRIPCION) values ('22','Diseño Gráfico','Creación de contenido visual y multimedia');
Insert into EDUQUIZ.MATERIAS (IDMATERIA,NOMBRE,DESCRIPCION) values ('24','Ingeniería Civil','Planificación y ejecución de obras civiles');
Insert into EDUQUIZ.MATERIAS (IDMATERIA,NOMBRE,DESCRIPCION) values ('26','Ingeniería Eléctrica','Generación y distribución de energía eléctrica');
Insert into EDUQUIZ.MATERIAS (IDMATERIA,NOMBRE,DESCRIPCION) values ('27','Ingeniería Electrónica','Desarrollo de dispositivos y circuitos electrónicos');
Insert into EDUQUIZ.MATERIAS (IDMATERIA,NOMBRE,DESCRIPCION) values ('28','Ingeniería Industrial','Optimización de procesos y sistemas de producción');
Insert into EDUQUIZ.MATERIAS (IDMATERIA,NOMBRE,DESCRIPCION) values ('29','Ingeniería Ambiental','Protección del medio ambiente y uso sostenible');
Insert into EDUQUIZ.MATERIAS (IDMATERIA,NOMBRE,DESCRIPCION) values ('30','Medicina','Diagnóstico y tratamiento de enfermedades');
Insert into EDUQUIZ.MATERIAS (IDMATERIA,NOMBRE,DESCRIPCION) values ('32','Odontología','Tratamiento y prevención de enfermedades bucales');
Insert into EDUQUIZ.MATERIAS (IDMATERIA,NOMBRE,DESCRIPCION) values ('33','Farmacología','Estudio de los medicamentos y sus efectos');
Insert into EDUQUIZ.MATERIAS (IDMATERIA,NOMBRE,DESCRIPCION) values ('34','Nutrición','Análisis de alimentos y dietas saludables');
Insert into EDUQUIZ.MATERIAS (IDMATERIA,NOMBRE,DESCRIPCION) values ('35','Gastronomía','Preparación y presentación de alimentos');
Insert into EDUQUIZ.MATERIAS (IDMATERIA,NOMBRE,DESCRIPCION) values ('36','Turismo','Planificación y gestión de actividades turísticas');
Insert into EDUQUIZ.MATERIAS (IDMATERIA,NOMBRE,DESCRIPCION) values ('37','Educación Física','Enseñanza de habilidades deportivas y motoras');
Insert into EDUQUIZ.MATERIAS (IDMATERIA,NOMBRE,DESCRIPCION) values ('39','Comunicación','Estudio de los medios y técnicas de comunicación');
Insert into EDUQUIZ.MATERIAS (IDMATERIA,NOMBRE,DESCRIPCION) values ('40','Periodismo','Recolección y difusión de noticias e información');
REM INSERTING into EDUQUIZ.PREGUNTAS
SET DEFINE OFF;
Insert into EDUQUIZ.PREGUNTAS (IDPREGUNTA,ENUNCIADO,IDTEMA,IDESTADO,IDTIPOPREGUNTA) values ('1','¿Cuál es la obra cumbre de Cervantes?','4','1','2');
Insert into EDUQUIZ.PREGUNTAS (IDPREGUNTA,ENUNCIADO,IDTEMA,IDESTADO,IDTIPOPREGUNTA) values ('5','Empareja las obras con sus autores:','5','1','5');
Insert into EDUQUIZ.PREGUNTAS (IDPREGUNTA,ENUNCIADO,IDTEMA,IDESTADO,IDTIPOPREGUNTA) values ('7','¿Cuáles son las tres leyes de Newton?','7','1','1');
Insert into EDUQUIZ.PREGUNTAS (IDPREGUNTA,ENUNCIADO,IDTEMA,IDESTADO,IDTIPOPREGUNTA) values ('11','¿Cuáles son los tipos de energía?','11','1','1');
Insert into EDUQUIZ.PREGUNTAS (IDPREGUNTA,ENUNCIADO,IDTEMA,IDESTADO,IDTIPOPREGUNTA) values ('2','¿Cuáles son los autores representativos del Modernismo?','2','1','1');
Insert into EDUQUIZ.PREGUNTAS (IDPREGUNTA,ENUNCIADO,IDTEMA,IDESTADO,IDTIPOPREGUNTA) values ('3','¿Verdadero o falso? El Mio Cid es una obra anónima.','3','1','3');
Insert into EDUQUIZ.PREGUNTAS (IDPREGUNTA,ENUNCIADO,IDTEMA,IDESTADO,IDTIPOPREGUNTA) values ('4','Ordena los siguientes autores del Siglo de Oro:','4','1','4');
Insert into EDUQUIZ.PREGUNTAS (IDPREGUNTA,ENUNCIADO,IDTEMA,IDESTADO,IDTIPOPREGUNTA) values ('6','Complete: La _____ es el cambio de posición de un cuerpo.','6','1','6');
Insert into EDUQUIZ.PREGUNTAS (IDPREGUNTA,ENUNCIADO,IDTEMA,IDESTADO,IDTIPOPREGUNTA) values ('8','¿Verdadero o falso? Un cuerpo en reposo tiende a permanecer así.','8','1','3');
Insert into EDUQUIZ.PREGUNTAS (IDPREGUNTA,ENUNCIADO,IDTEMA,IDESTADO,IDTIPOPREGUNTA) values ('9','Ordena las leyes de Newton de menor a mayor importancia:','9','1','4');
Insert into EDUQUIZ.PREGUNTAS (IDPREGUNTA,ENUNCIADO,IDTEMA,IDESTADO,IDTIPOPREGUNTA) values ('10','Complete: El _____ es el producto de la fuerza por el desplazamiento.','10','1','6');
Insert into EDUQUIZ.PREGUNTAS (IDPREGUNTA,ENUNCIADO,IDTEMA,IDESTADO,IDTIPOPREGUNTA) values ('12','¿Verdadero o falso? Los alcanos son compuestos cíclicos.','12','1','3');
Insert into EDUQUIZ.PREGUNTAS (IDPREGUNTA,ENUNCIADO,IDTEMA,IDESTADO,IDTIPOPREGUNTA) values ('13','Empareja los compuestos con sus grupos funcionales:','13','1','5');
Insert into EDUQUIZ.PREGUNTAS (IDPREGUNTA,ENUNCIADO,IDTEMA,IDESTADO,IDTIPOPREGUNTA) values ('14','Ordena las reacciones orgánicas de acuerdo a su mecanismo:','14','1','4');
Insert into EDUQUIZ.PREGUNTAS (IDPREGUNTA,ENUNCIADO,IDTEMA,IDESTADO,IDTIPOPREGUNTA) values ('15','Complete: El mecanismo de una reacción describe su _____.','15','1','6');
Insert into EDUQUIZ.PREGUNTAS (IDPREGUNTA,ENUNCIADO,IDTEMA,IDESTADO,IDTIPOPREGUNTA) values ('16','¿Cuáles son las funciones de la membrana celular?','16','1','1');
Insert into EDUQUIZ.PREGUNTAS (IDPREGUNTA,ENUNCIADO,IDTEMA,IDESTADO,IDTIPOPREGUNTA) values ('17','¿Verdadero o falso? El núcleo es un organelo celular.','17','1','3');
Insert into EDUQUIZ.PREGUNTAS (IDPREGUNTA,ENUNCIADO,IDTEMA,IDESTADO,IDTIPOPREGUNTA) values ('18','Empareja los organelos con sus funciones:','18','1','5');
Insert into EDUQUIZ.PREGUNTAS (IDPREGUNTA,ENUNCIADO,IDTEMA,IDESTADO,IDTIPOPREGUNTA) values ('19','Ordena los siguientes organelos citoplasmáticos:','19','1','4');
Insert into EDUQUIZ.PREGUNTAS (IDPREGUNTA,ENUNCIADO,IDTEMA,IDESTADO,IDTIPOPREGUNTA) values ('20','Complete: El _____ es el proceso de síntesis de moléculas.','20','1','6');
Insert into EDUQUIZ.PREGUNTAS (IDPREGUNTA,ENUNCIADO,IDTEMA,IDESTADO,IDTIPOPREGUNTA) values ('21','¿Cuáles son los mecanismos de comunicación celular?','21','1','1');
Insert into EDUQUIZ.PREGUNTAS (IDPREGUNTA,ENUNCIADO,IDTEMA,IDESTADO,IDTIPOPREGUNTA) values ('22','¿Verdadero o falso? La civilización sumeria fue la primera en desarrollar la escritura.','22','1','3');
Insert into EDUQUIZ.PREGUNTAS (IDPREGUNTA,ENUNCIADO,IDTEMA,IDESTADO,IDTIPOPREGUNTA) values ('23','Ordena las siguientes civilizaciones de la antigüedad de mayor a menor antigüedad:','22','1','4');
Insert into EDUQUIZ.PREGUNTAS (IDPREGUNTA,ENUNCIADO,IDTEMA,IDESTADO,IDTIPOPREGUNTA) values ('24','¿Cuáles fueron los aportes de la civilización griega?','25','1','1');
Insert into EDUQUIZ.PREGUNTAS (IDPREGUNTA,ENUNCIADO,IDTEMA,IDESTADO,IDTIPOPREGUNTA) values ('25','¿Verdadero o falso? Los faraones fueron gobernantes de la civilización egipcia.','24','1','3');
Insert into EDUQUIZ.PREGUNTAS (IDPREGUNTA,ENUNCIADO,IDTEMA,IDESTADO,IDTIPOPREGUNTA) values ('26','Empareja las dinastías chinas con sus períodos:','26','1','5');
Insert into EDUQUIZ.PREGUNTAS (IDPREGUNTA,ENUNCIADO,IDTEMA,IDESTADO,IDTIPOPREGUNTA) values ('27','Complete: El _____ fue un sistema de gobierno feudal en Japón.','27','1','6');
Insert into EDUQUIZ.PREGUNTAS (IDPREGUNTA,ENUNCIADO,IDTEMA,IDESTADO,IDTIPOPREGUNTA) values ('28','¿Cuáles son las principales placas tectónicas?','28','1','1');
Insert into EDUQUIZ.PREGUNTAS (IDPREGUNTA,ENUNCIADO,IDTEMA,IDESTADO,IDTIPOPREGUNTA) values ('29','¿Verdadero o falso? La altitud es un factor que influye en el clima.','29','1','3');
Insert into EDUQUIZ.PREGUNTAS (IDPREGUNTA,ENUNCIADO,IDTEMA,IDESTADO,IDTIPOPREGUNTA) values ('30','Ordena las siguientes formas de relieve de origen endógeno:','30','1','4');
Insert into EDUQUIZ.PREGUNTAS (IDPREGUNTA,ENUNCIADO,IDTEMA,IDESTADO,IDTIPOPREGUNTA) values ('31','Empareja los agentes exógenos con las formas de relieve que producen:','31','1','5');
Insert into EDUQUIZ.PREGUNTAS (IDPREGUNTA,ENUNCIADO,IDTEMA,IDESTADO,IDTIPOPREGUNTA) values ('32','Complete: La _____ es el movimiento del aire en la atmósfera.','32','1','6');
Insert into EDUQUIZ.PREGUNTAS (IDPREGUNTA,ENUNCIADO,IDTEMA,IDESTADO,IDTIPOPREGUNTA) values ('33','¿Cuáles son las formas adecuadas de saludar en inglés?','33','1','1');
Insert into EDUQUIZ.PREGUNTAS (IDPREGUNTA,ENUNCIADO,IDTEMA,IDESTADO,IDTIPOPREGUNTA) values ('34','¿Verdadero o falso? En inglés, los números se escriben igual que en español.','34','1','3');
Insert into EDUQUIZ.PREGUNTAS (IDPREGUNTA,ENUNCIADO,IDTEMA,IDESTADO,IDTIPOPREGUNTA) values ('35','Ordena los siguientes tiempos verbales en inglés:','35','1','4');
Insert into EDUQUIZ.PREGUNTAS (IDPREGUNTA,ENUNCIADO,IDTEMA,IDESTADO,IDTIPOPREGUNTA) values ('36','Empareja las oraciones con su estructura sintáctica:','36','1','5');
Insert into EDUQUIZ.PREGUNTAS (IDPREGUNTA,ENUNCIADO,IDTEMA,IDESTADO,IDTIPOPREGUNTA) values ('37','Complete: "How are you?" es una frase utilizada para _____','37','1','6');
Insert into EDUQUIZ.PREGUNTAS (IDPREGUNTA,ENUNCIADO,IDTEMA,IDESTADO,IDTIPOPREGUNTA) values ('38','¿Cuáles son los acentos más comunes en inglés?','38','1','1');
Insert into EDUQUIZ.PREGUNTAS (IDPREGUNTA,ENUNCIADO,IDTEMA,IDESTADO,IDTIPOPREGUNTA) values ('39','¿Verdadero o falso? La respiración en natación se realiza únicamente por la boca.','39','1','3');
Insert into EDUQUIZ.PREGUNTAS (IDPREGUNTA,ENUNCIADO,IDTEMA,IDESTADO,IDTIPOPREGUNTA) values ('40','Ordena los siguientes estilos de natación:','40','1','4');
REM INSERTING into EDUQUIZ.RESPUESTAS
SET DEFINE OFF;
Insert into EDUQUIZ.RESPUESTAS (IDRESPUESTA,OPCIONRESPUESTA,CORRECTA,IDPREGUNTAS) values ('1','El Quijote','Verdadera','1');
Insert into EDUQUIZ.RESPUESTAS (IDRESPUESTA,OPCIONRESPUESTA,CORRECTA,IDPREGUNTAS) values ('2','La Celestina','Incorrecta','1');
Insert into EDUQUIZ.RESPUESTAS (IDRESPUESTA,OPCIONRESPUESTA,CORRECTA,IDPREGUNTAS) values ('3','La Araucana','Incorrecta','1');
Insert into EDUQUIZ.RESPUESTAS (IDRESPUESTA,OPCIONRESPUESTA,CORRECTA,IDPREGUNTAS) values ('4','Rubén Darío','Verdadera','2');
Insert into EDUQUIZ.RESPUESTAS (IDRESPUESTA,OPCIONRESPUESTA,CORRECTA,IDPREGUNTAS) values ('5','Antonio Machado','Verdadera','2');
Insert into EDUQUIZ.RESPUESTAS (IDRESPUESTA,OPCIONRESPUESTA,CORRECTA,IDPREGUNTAS) values ('6','Federico García Lorca','Incorrecta','2');
Insert into EDUQUIZ.RESPUESTAS (IDRESPUESTA,OPCIONRESPUESTA,CORRECTA,IDPREGUNTAS) values ('7','Falso','Verdadera','3');
Insert into EDUQUIZ.RESPUESTAS (IDRESPUESTA,OPCIONRESPUESTA,CORRECTA,IDPREGUNTAS) values ('8','Verdadero','Incorrecta','3');
Insert into EDUQUIZ.RESPUESTAS (IDRESPUESTA,OPCIONRESPUESTA,CORRECTA,IDPREGUNTAS) values ('9','Cervantes','Verdadera','4');
Insert into EDUQUIZ.RESPUESTAS (IDRESPUESTA,OPCIONRESPUESTA,CORRECTA,IDPREGUNTAS) values ('10','Lope de Vega','Verdadera','4');
Insert into EDUQUIZ.RESPUESTAS (IDRESPUESTA,OPCIONRESPUESTA,CORRECTA,IDPREGUNTAS) values ('11','Calderón de la Barca','Verdadera','4');
Insert into EDUQUIZ.RESPUESTAS (IDRESPUESTA,OPCIONRESPUESTA,CORRECTA,IDPREGUNTAS) values ('13','El perro del hortelano - Lope de Vega','Verdadera','5');
Insert into EDUQUIZ.RESPUESTAS (IDRESPUESTA,OPCIONRESPUESTA,CORRECTA,IDPREGUNTAS) values ('14','El Quijote - Calderón de la Barca','Incorrecta','5');
Insert into EDUQUIZ.RESPUESTAS (IDRESPUESTA,OPCIONRESPUESTA,CORRECTA,IDPREGUNTAS) values ('15','cinemática','Verdadera','6');
Insert into EDUQUIZ.RESPUESTAS (IDRESPUESTA,OPCIONRESPUESTA,CORRECTA,IDPREGUNTAS) values ('16','dinámica','Incorrecta','6');
Insert into EDUQUIZ.RESPUESTAS (IDRESPUESTA,OPCIONRESPUESTA,CORRECTA,IDPREGUNTAS) values ('17','Ley de la inercia','Verdadera','7');
Insert into EDUQUIZ.RESPUESTAS (IDRESPUESTA,OPCIONRESPUESTA,CORRECTA,IDPREGUNTAS) values ('18','Ley de la fuerza','Verdadera','7');
Insert into EDUQUIZ.RESPUESTAS (IDRESPUESTA,OPCIONRESPUESTA,CORRECTA,IDPREGUNTAS) values ('19','Ley de acción y reacción','Verdadera','7');
Insert into EDUQUIZ.RESPUESTAS (IDRESPUESTA,OPCIONRESPUESTA,CORRECTA,IDPREGUNTAS) values ('20','Ley de la gravitación universal','Incorrecta','7');
Insert into EDUQUIZ.RESPUESTAS (IDRESPUESTA,OPCIONRESPUESTA,CORRECTA,IDPREGUNTAS) values ('21','Verdadero','Verdadera','8');
Insert into EDUQUIZ.RESPUESTAS (IDRESPUESTA,OPCIONRESPUESTA,CORRECTA,IDPREGUNTAS) values ('22','Falso','Incorrecta','8');
Insert into EDUQUIZ.RESPUESTAS (IDRESPUESTA,OPCIONRESPUESTA,CORRECTA,IDPREGUNTAS) values ('23','Primera','Verdadera','9');
Insert into EDUQUIZ.RESPUESTAS (IDRESPUESTA,OPCIONRESPUESTA,CORRECTA,IDPREGUNTAS) values ('24','Segunda','Verdadera','9');
Insert into EDUQUIZ.RESPUESTAS (IDRESPUESTA,OPCIONRESPUESTA,CORRECTA,IDPREGUNTAS) values ('25','Tercera','Verdadera','9');
Insert into EDUQUIZ.RESPUESTAS (IDRESPUESTA,OPCIONRESPUESTA,CORRECTA,IDPREGUNTAS) values ('26','trabajo','Verdadera','10');
Insert into EDUQUIZ.RESPUESTAS (IDRESPUESTA,OPCIONRESPUESTA,CORRECTA,IDPREGUNTAS) values ('27','distancia','Incorrecta','10');
Insert into EDUQUIZ.RESPUESTAS (IDRESPUESTA,OPCIONRESPUESTA,CORRECTA,IDPREGUNTAS) values ('28','Cinética','Verdadera','11');
Insert into EDUQUIZ.RESPUESTAS (IDRESPUESTA,OPCIONRESPUESTA,CORRECTA,IDPREGUNTAS) values ('29','Potencial','Verdadera','11');
Insert into EDUQUIZ.RESPUESTAS (IDRESPUESTA,OPCIONRESPUESTA,CORRECTA,IDPREGUNTAS) values ('30','Térmica','Verdadera','11');
Insert into EDUQUIZ.RESPUESTAS (IDRESPUESTA,OPCIONRESPUESTA,CORRECTA,IDPREGUNTAS) values ('32','Falso','Verdadera','12');
Insert into EDUQUIZ.RESPUESTAS (IDRESPUESTA,OPCIONRESPUESTA,CORRECTA,IDPREGUNTAS) values ('33','Verdadero','Incorrecta','12');
Insert into EDUQUIZ.RESPUESTAS (IDRESPUESTA,OPCIONRESPUESTA,CORRECTA,IDPREGUNTAS) values ('34','Alcohol - OH','Verdadera','13');
Insert into EDUQUIZ.RESPUESTAS (IDRESPUESTA,OPCIONRESPUESTA,CORRECTA,IDPREGUNTAS) values ('35','Ácido carboxílico - COOH','Verdadera','13');
Insert into EDUQUIZ.RESPUESTAS (IDRESPUESTA,OPCIONRESPUESTA,CORRECTA,IDPREGUNTAS) values ('36','Cetona - CO','Incorrecta','13');
Insert into EDUQUIZ.RESPUESTAS (IDRESPUESTA,OPCIONRESPUESTA,CORRECTA,IDPREGUNTAS) values ('37','Sustitución','Verdadera','14');
Insert into EDUQUIZ.RESPUESTAS (IDRESPUESTA,OPCIONRESPUESTA,CORRECTA,IDPREGUNTAS) values ('38','Adición','Verdadera','14');
Insert into EDUQUIZ.RESPUESTAS (IDRESPUESTA,OPCIONRESPUESTA,CORRECTA,IDPREGUNTAS) values ('39','Eliminación','Verdadera','14');
Insert into EDUQUIZ.RESPUESTAS (IDRESPUESTA,OPCIONRESPUESTA,CORRECTA,IDPREGUNTAS) values ('40','ruta','Verdadera','15');
Insert into EDUQUIZ.RESPUESTAS (IDRESPUESTA,OPCIONRESPUESTA,CORRECTA,IDPREGUNTAS) values ('41','velocidad','Incorrecta','15');
Insert into EDUQUIZ.RESPUESTAS (IDRESPUESTA,OPCIONRESPUESTA,CORRECTA,IDPREGUNTAS) values ('42','Transporte','Verdadera','16');
Insert into EDUQUIZ.RESPUESTAS (IDRESPUESTA,OPCIONRESPUESTA,CORRECTA,IDPREGUNTAS) values ('43','Protección','Verdadera','16');
Insert into EDUQUIZ.RESPUESTAS (IDRESPUESTA,OPCIONRESPUESTA,CORRECTA,IDPREGUNTAS) values ('44','Digestión','Incorrecta','16');
Insert into EDUQUIZ.RESPUESTAS (IDRESPUESTA,OPCIONRESPUESTA,CORRECTA,IDPREGUNTAS) values ('45','Verdadero','Verdadera','17');
Insert into EDUQUIZ.RESPUESTAS (IDRESPUESTA,OPCIONRESPUESTA,CORRECTA,IDPREGUNTAS) values ('46','Falso','Incorrecta','17');
Insert into EDUQUIZ.RESPUESTAS (IDRESPUESTA,OPCIONRESPUESTA,CORRECTA,IDPREGUNTAS) values ('47','Mitocondria - Producción de energía','Verdadera','18');
Insert into EDUQUIZ.RESPUESTAS (IDRESPUESTA,OPCIONRESPUESTA,CORRECTA,IDPREGUNTAS) values ('49','Núcleo - Respiración celular','Incorrecta','18');
Insert into EDUQUIZ.RESPUESTAS (IDRESPUESTA,OPCIONRESPUESTA,CORRECTA,IDPREGUNTAS) values ('50','Ribosomas','Verdadera','19');
Insert into EDUQUIZ.RESPUESTAS (IDRESPUESTA,OPCIONRESPUESTA,CORRECTA,IDPREGUNTAS) values ('51','Aparato de Golgi','Verdadera','19');
Insert into EDUQUIZ.RESPUESTAS (IDRESPUESTA,OPCIONRESPUESTA,CORRECTA,IDPREGUNTAS) values ('52','Lisosomas','Verdadera','19');
Insert into EDUQUIZ.RESPUESTAS (IDRESPUESTA,OPCIONRESPUESTA,CORRECTA,IDPREGUNTAS) values ('53','anabolismo','Verdadera','20');
Insert into EDUQUIZ.RESPUESTAS (IDRESPUESTA,OPCIONRESPUESTA,CORRECTA,IDPREGUNTAS) values ('54','catabolismo','Incorrecta','20');
Insert into EDUQUIZ.RESPUESTAS (IDRESPUESTA,OPCIONRESPUESTA,CORRECTA,IDPREGUNTAS) values ('55','Señalización química','Verdadera','21');
Insert into EDUQUIZ.RESPUESTAS (IDRESPUESTA,OPCIONRESPUESTA,CORRECTA,IDPREGUNTAS) values ('56','Señalización eléctrica','Verdadera','21');
Insert into EDUQUIZ.RESPUESTAS (IDRESPUESTA,OPCIONRESPUESTA,CORRECTA,IDPREGUNTAS) values ('57','Señalización térmica','Incorrecta','21');
Insert into EDUQUIZ.RESPUESTAS (IDRESPUESTA,OPCIONRESPUESTA,CORRECTA,IDPREGUNTAS) values ('58','Falso','Verdadera','22');
Insert into EDUQUIZ.RESPUESTAS (IDRESPUESTA,OPCIONRESPUESTA,CORRECTA,IDPREGUNTAS) values ('59','Verdadero','Incorrecta','22');
Insert into EDUQUIZ.RESPUESTAS (IDRESPUESTA,OPCIONRESPUESTA,CORRECTA,IDPREGUNTAS) values ('60','Sumeria','Verdadera','23');
Insert into EDUQUIZ.RESPUESTAS (IDRESPUESTA,OPCIONRESPUESTA,CORRECTA,IDPREGUNTAS) values ('61','Egipcia','Verdadera','23');
Insert into EDUQUIZ.RESPUESTAS (IDRESPUESTA,OPCIONRESPUESTA,CORRECTA,IDPREGUNTAS) values ('62','Griega','Verdadera','23');
Insert into EDUQUIZ.RESPUESTAS (IDRESPUESTA,OPCIONRESPUESTA,CORRECTA,IDPREGUNTAS) values ('63','Filosofía','Verdadera','24');
Insert into EDUQUIZ.RESPUESTAS (IDRESPUESTA,OPCIONRESPUESTA,CORRECTA,IDPREGUNTAS) values ('64','Democracia','Verdadera','24');
Insert into EDUQUIZ.RESPUESTAS (IDRESPUESTA,OPCIONRESPUESTA,CORRECTA,IDPREGUNTAS) values ('65','Arquitectura','Verdadera','24');
Insert into EDUQUIZ.RESPUESTAS (IDRESPUESTA,OPCIONRESPUESTA,CORRECTA,IDPREGUNTAS) values ('66','Astrología','Incorrecta','24');
Insert into EDUQUIZ.RESPUESTAS (IDRESPUESTA,OPCIONRESPUESTA,CORRECTA,IDPREGUNTAS) values ('67','Verdadero','Verdadera','25');
Insert into EDUQUIZ.RESPUESTAS (IDRESPUESTA,OPCIONRESPUESTA,CORRECTA,IDPREGUNTAS) values ('68','Falso','Incorrecta','25');
Insert into EDUQUIZ.RESPUESTAS (IDRESPUESTA,OPCIONRESPUESTA,CORRECTA,IDPREGUNTAS) values ('69','Qin - 221 a.C. - 206 a.C.','Verdadera','26');
Insert into EDUQUIZ.RESPUESTAS (IDRESPUESTA,OPCIONRESPUESTA,CORRECTA,IDPREGUNTAS) values ('70','Han - 206 a.C. - 220 d.C.','Verdadera','26');
Insert into EDUQUIZ.RESPUESTAS (IDRESPUESTA,OPCIONRESPUESTA,CORRECTA,IDPREGUNTAS) values ('71','Ming - 1368 - 1644','Incorrecta','26');
Insert into EDUQUIZ.RESPUESTAS (IDRESPUESTA,OPCIONRESPUESTA,CORRECTA,IDPREGUNTAS) values ('72','shogunato','Verdadera','27');
Insert into EDUQUIZ.RESPUESTAS (IDRESPUESTA,OPCIONRESPUESTA,CORRECTA,IDPREGUNTAS) values ('73','feudalismo','Incorrecta','27');
Insert into EDUQUIZ.RESPUESTAS (IDRESPUESTA,OPCIONRESPUESTA,CORRECTA,IDPREGUNTAS) values ('74','Pacífica','Verdadera','28');
Insert into EDUQUIZ.RESPUESTAS (IDRESPUESTA,OPCIONRESPUESTA,CORRECTA,IDPREGUNTAS) values ('75','Norteamericana','Verdadera','28');
Insert into EDUQUIZ.RESPUESTAS (IDRESPUESTA,OPCIONRESPUESTA,CORRECTA,IDPREGUNTAS) values ('76','Sudamericana','Incorrecta','28');
Insert into EDUQUIZ.RESPUESTAS (IDRESPUESTA,OPCIONRESPUESTA,CORRECTA,IDPREGUNTAS) values ('77','Verdadero','Verdadera','29');
Insert into EDUQUIZ.RESPUESTAS (IDRESPUESTA,OPCIONRESPUESTA,CORRECTA,IDPREGUNTAS) values ('78','Falso','Incorrecta','29');
Insert into EDUQUIZ.RESPUESTAS (IDRESPUESTA,OPCIONRESPUESTA,CORRECTA,IDPREGUNTAS) values ('79','Montañas','Verdadera','30');
Insert into EDUQUIZ.RESPUESTAS (IDRESPUESTA,OPCIONRESPUESTA,CORRECTA,IDPREGUNTAS) values ('80','Mesetas','Verdadera','30');
Insert into EDUQUIZ.RESPUESTAS (IDRESPUESTA,OPCIONRESPUESTA,CORRECTA,IDPREGUNTAS) values ('81','Valles','Incorrecta','30');
Insert into EDUQUIZ.RESPUESTAS (IDRESPUESTA,OPCIONRESPUESTA,CORRECTA,IDPREGUNTAS) values ('82','Agua - Valles','Verdadera','31');
Insert into EDUQUIZ.RESPUESTAS (IDRESPUESTA,OPCIONRESPUESTA,CORRECTA,IDPREGUNTAS) values ('83','Viento - Dunas','Verdadera','31');
Insert into EDUQUIZ.RESPUESTAS (IDRESPUESTA,OPCIONRESPUESTA,CORRECTA,IDPREGUNTAS) values ('84','Hielo - Montañas','Incorrecta','31');
Insert into EDUQUIZ.RESPUESTAS (IDRESPUESTA,OPCIONRESPUESTA,CORRECTA,IDPREGUNTAS) values ('85','viento','Verdadera','32');
Insert into EDUQUIZ.RESPUESTAS (IDRESPUESTA,OPCIONRESPUESTA,CORRECTA,IDPREGUNTAS) values ('86','lluvia','Incorrecta','32');
Insert into EDUQUIZ.RESPUESTAS (IDRESPUESTA,OPCIONRESPUESTA,CORRECTA,IDPREGUNTAS) values ('87','Hello','Verdadera','33');
Insert into EDUQUIZ.RESPUESTAS (IDRESPUESTA,OPCIONRESPUESTA,CORRECTA,IDPREGUNTAS) values ('88','Good morning','Verdadera','33');
Insert into EDUQUIZ.RESPUESTAS (IDRESPUESTA,OPCIONRESPUESTA,CORRECTA,IDPREGUNTAS) values ('89','Goodbye','Verdadera','33');
Insert into EDUQUIZ.RESPUESTAS (IDRESPUESTA,OPCIONRESPUESTA,CORRECTA,IDPREGUNTAS) values ('90','Hola','Incorrecta','33');
Insert into EDUQUIZ.RESPUESTAS (IDRESPUESTA,OPCIONRESPUESTA,CORRECTA,IDPREGUNTAS) values ('91','Falso','Verdadera','34');
Insert into EDUQUIZ.RESPUESTAS (IDRESPUESTA,OPCIONRESPUESTA,CORRECTA,IDPREGUNTAS) values ('92','Verdadero','Incorrecta','34');
Insert into EDUQUIZ.RESPUESTAS (IDRESPUESTA,OPCIONRESPUESTA,CORRECTA,IDPREGUNTAS) values ('93','Present Simple','Verdadera','35');
Insert into EDUQUIZ.RESPUESTAS (IDRESPUESTA,OPCIONRESPUESTA,CORRECTA,IDPREGUNTAS) values ('94','Past Simple','Verdadera','35');
Insert into EDUQUIZ.RESPUESTAS (IDRESPUESTA,OPCIONRESPUESTA,CORRECTA,IDPREGUNTAS) values ('95','Future Simple','Verdadera','35');
Insert into EDUQUIZ.RESPUESTAS (IDRESPUESTA,OPCIONRESPUESTA,CORRECTA,IDPREGUNTAS) values ('48','Retículo endoplásmico - Síntesis de proteínas','Verdadera','18');
Insert into EDUQUIZ.RESPUESTAS (IDRESPUESTA,OPCIONRESPUESTA,CORRECTA,IDPREGUNTAS) values ('12','La vida es sueño-Calderón de la Barca','Verdadera','5');
Insert into EDUQUIZ.RESPUESTAS (IDRESPUESTA,OPCIONRESPUESTA,CORRECTA,IDPREGUNTAS) values ('31','Gravitacional','Verdadera','11');
REM INSERTING into EDUQUIZ.RESPUESTAS_ESTUDIANTES
SET DEFINE OFF;
Insert into EDUQUIZ.RESPUESTAS_ESTUDIANTES (IDRESPUESTAESTUDIANTE,IDESTUDIANTE,IDEXAMENES,IDPREGUNTAS,IDRESPUESTA) values ('1','1','1','1','1');
Insert into EDUQUIZ.RESPUESTAS_ESTUDIANTES (IDRESPUESTAESTUDIANTE,IDESTUDIANTE,IDEXAMENES,IDPREGUNTAS,IDRESPUESTA) values ('2','2','2','2','4');
Insert into EDUQUIZ.RESPUESTAS_ESTUDIANTES (IDRESPUESTAESTUDIANTE,IDESTUDIANTE,IDEXAMENES,IDPREGUNTAS,IDRESPUESTA) values ('3','2','2','2','5');
Insert into EDUQUIZ.RESPUESTAS_ESTUDIANTES (IDRESPUESTAESTUDIANTE,IDESTUDIANTE,IDEXAMENES,IDPREGUNTAS,IDRESPUESTA) values ('4','3','3','3','7');
Insert into EDUQUIZ.RESPUESTAS_ESTUDIANTES (IDRESPUESTAESTUDIANTE,IDESTUDIANTE,IDEXAMENES,IDPREGUNTAS,IDRESPUESTA) values ('5','4','4','4','9');
Insert into EDUQUIZ.RESPUESTAS_ESTUDIANTES (IDRESPUESTAESTUDIANTE,IDESTUDIANTE,IDEXAMENES,IDPREGUNTAS,IDRESPUESTA) values ('6','4','4','4','10');
Insert into EDUQUIZ.RESPUESTAS_ESTUDIANTES (IDRESPUESTAESTUDIANTE,IDESTUDIANTE,IDEXAMENES,IDPREGUNTAS,IDRESPUESTA) values ('7','4','4','4','11');
Insert into EDUQUIZ.RESPUESTAS_ESTUDIANTES (IDRESPUESTAESTUDIANTE,IDESTUDIANTE,IDEXAMENES,IDPREGUNTAS,IDRESPUESTA) values ('8','5','5','5','12');
Insert into EDUQUIZ.RESPUESTAS_ESTUDIANTES (IDRESPUESTAESTUDIANTE,IDESTUDIANTE,IDEXAMENES,IDPREGUNTAS,IDRESPUESTA) values ('9','6','6','6','14');
Insert into EDUQUIZ.RESPUESTAS_ESTUDIANTES (IDRESPUESTAESTUDIANTE,IDESTUDIANTE,IDEXAMENES,IDPREGUNTAS,IDRESPUESTA) values ('10','7','7','7','15');
Insert into EDUQUIZ.RESPUESTAS_ESTUDIANTES (IDRESPUESTAESTUDIANTE,IDESTUDIANTE,IDEXAMENES,IDPREGUNTAS,IDRESPUESTA) values ('11','7','7','7','16');
Insert into EDUQUIZ.RESPUESTAS_ESTUDIANTES (IDRESPUESTAESTUDIANTE,IDESTUDIANTE,IDEXAMENES,IDPREGUNTAS,IDRESPUESTA) values ('12','7','7','7','17');
Insert into EDUQUIZ.RESPUESTAS_ESTUDIANTES (IDRESPUESTAESTUDIANTE,IDESTUDIANTE,IDEXAMENES,IDPREGUNTAS,IDRESPUESTA) values ('13','8','8','8','20');
Insert into EDUQUIZ.RESPUESTAS_ESTUDIANTES (IDRESPUESTAESTUDIANTE,IDESTUDIANTE,IDEXAMENES,IDPREGUNTAS,IDRESPUESTA) values ('14','9','9','9','23');
Insert into EDUQUIZ.RESPUESTAS_ESTUDIANTES (IDRESPUESTAESTUDIANTE,IDESTUDIANTE,IDEXAMENES,IDPREGUNTAS,IDRESPUESTA) values ('15','9','9','9','24');
Insert into EDUQUIZ.RESPUESTAS_ESTUDIANTES (IDRESPUESTAESTUDIANTE,IDESTUDIANTE,IDEXAMENES,IDPREGUNTAS,IDRESPUESTA) values ('16','9','9','9','25');
Insert into EDUQUIZ.RESPUESTAS_ESTUDIANTES (IDRESPUESTAESTUDIANTE,IDESTUDIANTE,IDEXAMENES,IDPREGUNTAS,IDRESPUESTA) values ('17','10','10','10','26');
Insert into EDUQUIZ.RESPUESTAS_ESTUDIANTES (IDRESPUESTAESTUDIANTE,IDESTUDIANTE,IDEXAMENES,IDPREGUNTAS,IDRESPUESTA) values ('18','11','11','11','28');
Insert into EDUQUIZ.RESPUESTAS_ESTUDIANTES (IDRESPUESTAESTUDIANTE,IDESTUDIANTE,IDEXAMENES,IDPREGUNTAS,IDRESPUESTA) values ('19','11','11','11','29');
Insert into EDUQUIZ.RESPUESTAS_ESTUDIANTES (IDRESPUESTAESTUDIANTE,IDESTUDIANTE,IDEXAMENES,IDPREGUNTAS,IDRESPUESTA) values ('20','11','11','11','30');
Insert into EDUQUIZ.RESPUESTAS_ESTUDIANTES (IDRESPUESTAESTUDIANTE,IDESTUDIANTE,IDEXAMENES,IDPREGUNTAS,IDRESPUESTA) values ('21','11','11','11','31');
Insert into EDUQUIZ.RESPUESTAS_ESTUDIANTES (IDRESPUESTAESTUDIANTE,IDESTUDIANTE,IDEXAMENES,IDPREGUNTAS,IDRESPUESTA) values ('22','12','12','12','32');
Insert into EDUQUIZ.RESPUESTAS_ESTUDIANTES (IDRESPUESTAESTUDIANTE,IDESTUDIANTE,IDEXAMENES,IDPREGUNTAS,IDRESPUESTA) values ('23','13','13','13','34');
Insert into EDUQUIZ.RESPUESTAS_ESTUDIANTES (IDRESPUESTAESTUDIANTE,IDESTUDIANTE,IDEXAMENES,IDPREGUNTAS,IDRESPUESTA) values ('24','13','13','13','35');
Insert into EDUQUIZ.RESPUESTAS_ESTUDIANTES (IDRESPUESTAESTUDIANTE,IDESTUDIANTE,IDEXAMENES,IDPREGUNTAS,IDRESPUESTA) values ('25','14','14','14','37');
Insert into EDUQUIZ.RESPUESTAS_ESTUDIANTES (IDRESPUESTAESTUDIANTE,IDESTUDIANTE,IDEXAMENES,IDPREGUNTAS,IDRESPUESTA) values ('26','14','14','14','38');
Insert into EDUQUIZ.RESPUESTAS_ESTUDIANTES (IDRESPUESTAESTUDIANTE,IDESTUDIANTE,IDEXAMENES,IDPREGUNTAS,IDRESPUESTA) values ('27','14','14','14','39');
Insert into EDUQUIZ.RESPUESTAS_ESTUDIANTES (IDRESPUESTAESTUDIANTE,IDESTUDIANTE,IDEXAMENES,IDPREGUNTAS,IDRESPUESTA) values ('28','15','15','15','40');
Insert into EDUQUIZ.RESPUESTAS_ESTUDIANTES (IDRESPUESTAESTUDIANTE,IDESTUDIANTE,IDEXAMENES,IDPREGUNTAS,IDRESPUESTA) values ('29','16','16','16','42');
Insert into EDUQUIZ.RESPUESTAS_ESTUDIANTES (IDRESPUESTAESTUDIANTE,IDESTUDIANTE,IDEXAMENES,IDPREGUNTAS,IDRESPUESTA) values ('30','16','16','16','43');
Insert into EDUQUIZ.RESPUESTAS_ESTUDIANTES (IDRESPUESTAESTUDIANTE,IDESTUDIANTE,IDEXAMENES,IDPREGUNTAS,IDRESPUESTA) values ('31','17','17','17','45');
Insert into EDUQUIZ.RESPUESTAS_ESTUDIANTES (IDRESPUESTAESTUDIANTE,IDESTUDIANTE,IDEXAMENES,IDPREGUNTAS,IDRESPUESTA) values ('32','18','18','18','47');
Insert into EDUQUIZ.RESPUESTAS_ESTUDIANTES (IDRESPUESTAESTUDIANTE,IDESTUDIANTE,IDEXAMENES,IDPREGUNTAS,IDRESPUESTA) values ('33','18','18','18','48');
Insert into EDUQUIZ.RESPUESTAS_ESTUDIANTES (IDRESPUESTAESTUDIANTE,IDESTUDIANTE,IDEXAMENES,IDPREGUNTAS,IDRESPUESTA) values ('34','19','19','19','50');
Insert into EDUQUIZ.RESPUESTAS_ESTUDIANTES (IDRESPUESTAESTUDIANTE,IDESTUDIANTE,IDEXAMENES,IDPREGUNTAS,IDRESPUESTA) values ('35','19','19','19','51');
Insert into EDUQUIZ.RESPUESTAS_ESTUDIANTES (IDRESPUESTAESTUDIANTE,IDESTUDIANTE,IDEXAMENES,IDPREGUNTAS,IDRESPUESTA) values ('36','19','19','19','52');
Insert into EDUQUIZ.RESPUESTAS_ESTUDIANTES (IDRESPUESTAESTUDIANTE,IDESTUDIANTE,IDEXAMENES,IDPREGUNTAS,IDRESPUESTA) values ('37','20','20','20','53');
Insert into EDUQUIZ.RESPUESTAS_ESTUDIANTES (IDRESPUESTAESTUDIANTE,IDESTUDIANTE,IDEXAMENES,IDPREGUNTAS,IDRESPUESTA) values ('38','21','21','21','55');
Insert into EDUQUIZ.RESPUESTAS_ESTUDIANTES (IDRESPUESTAESTUDIANTE,IDESTUDIANTE,IDEXAMENES,IDPREGUNTAS,IDRESPUESTA) values ('39','21','21','21','56');
Insert into EDUQUIZ.RESPUESTAS_ESTUDIANTES (IDRESPUESTAESTUDIANTE,IDESTUDIANTE,IDEXAMENES,IDPREGUNTAS,IDRESPUESTA) values ('40','22','22','22','58');
REM INSERTING into EDUQUIZ.SALONES
SET DEFINE OFF;
Insert into EDUQUIZ.SALONES (IDSALON,DESCRIPCION) values ('1','Sala de Conferencias');
Insert into EDUQUIZ.SALONES (IDSALON,DESCRIPCION) values ('2','Aula Magna');
Insert into EDUQUIZ.SALONES (IDSALON,DESCRIPCION) values ('3','Sala de Reuniones');
Insert into EDUQUIZ.SALONES (IDSALON,DESCRIPCION) values ('4','Sala de Estudio 1');
Insert into EDUQUIZ.SALONES (IDSALON,DESCRIPCION) values ('5','Laboratorio de Informática');
Insert into EDUQUIZ.SALONES (IDSALON,DESCRIPCION) values ('6','Aula 101');
Insert into EDUQUIZ.SALONES (IDSALON,DESCRIPCION) values ('7','Sala de Arte');
Insert into EDUQUIZ.SALONES (IDSALON,DESCRIPCION) values ('8','Aula 102');
Insert into EDUQUIZ.SALONES (IDSALON,DESCRIPCION) values ('9','Sala de Presentaciones');
Insert into EDUQUIZ.SALONES (IDSALON,DESCRIPCION) values ('10','Sala de Lectura');
Insert into EDUQUIZ.SALONES (IDSALON,DESCRIPCION) values ('11','Aula 103');
Insert into EDUQUIZ.SALONES (IDSALON,DESCRIPCION) values ('12','Sala de Música');
Insert into EDUQUIZ.SALONES (IDSALON,DESCRIPCION) values ('13','Aula 104');
Insert into EDUQUIZ.SALONES (IDSALON,DESCRIPCION) values ('14','Sala de Cine');
Insert into EDUQUIZ.SALONES (IDSALON,DESCRIPCION) values ('15','Laboratorio de Ciencias');
Insert into EDUQUIZ.SALONES (IDSALON,DESCRIPCION) values ('16','Aula 105');
Insert into EDUQUIZ.SALONES (IDSALON,DESCRIPCION) values ('17','Sala de Entrenamiento');
Insert into EDUQUIZ.SALONES (IDSALON,DESCRIPCION) values ('18','Sala de Proyecciones');
Insert into EDUQUIZ.SALONES (IDSALON,DESCRIPCION) values ('19','Aula 106');
Insert into EDUQUIZ.SALONES (IDSALON,DESCRIPCION) values ('20','Sala de Exposiciones');
Insert into EDUQUIZ.SALONES (IDSALON,DESCRIPCION) values ('21','Aula 107');
Insert into EDUQUIZ.SALONES (IDSALON,DESCRIPCION) values ('22','Sala de Pruebas');
Insert into EDUQUIZ.SALONES (IDSALON,DESCRIPCION) values ('23','Sala de Espera');
Insert into EDUQUIZ.SALONES (IDSALON,DESCRIPCION) values ('24','Aula 108');
Insert into EDUQUIZ.SALONES (IDSALON,DESCRIPCION) values ('25','Sala de Innovación');
Insert into EDUQUIZ.SALONES (IDSALON,DESCRIPCION) values ('26','Aula 109');
Insert into EDUQUIZ.SALONES (IDSALON,DESCRIPCION) values ('27','Sala de Descanso');
Insert into EDUQUIZ.SALONES (IDSALON,DESCRIPCION) values ('28','Sala de Experimentos');
Insert into EDUQUIZ.SALONES (IDSALON,DESCRIPCION) values ('29','Aula 110');
Insert into EDUQUIZ.SALONES (IDSALON,DESCRIPCION) values ('30','Sala de Videoconferencias');
Insert into EDUQUIZ.SALONES (IDSALON,DESCRIPCION) values ('31','Aula 111');
Insert into EDUQUIZ.SALONES (IDSALON,DESCRIPCION) values ('32','Sala de Investigación');
Insert into EDUQUIZ.SALONES (IDSALON,DESCRIPCION) values ('33','Aula 112');
Insert into EDUQUIZ.SALONES (IDSALON,DESCRIPCION) values ('34','Sala de Recreación');
Insert into EDUQUIZ.SALONES (IDSALON,DESCRIPCION) values ('35','Aula 113');
Insert into EDUQUIZ.SALONES (IDSALON,DESCRIPCION) values ('36','Sala de Descubrimiento');
Insert into EDUQUIZ.SALONES (IDSALON,DESCRIPCION) values ('37','Aula 114');
Insert into EDUQUIZ.SALONES (IDSALON,DESCRIPCION) values ('38','Sala de Desarrollo');
Insert into EDUQUIZ.SALONES (IDSALON,DESCRIPCION) values ('39','Aula 115');
Insert into EDUQUIZ.SALONES (IDSALON,DESCRIPCION) values ('40','Sala de Capacitación');
Insert into EDUQUIZ.SALONES (IDSALON,DESCRIPCION) values ('41','Aula 116');
Insert into EDUQUIZ.SALONES (IDSALON,DESCRIPCION) values ('42','Sala de Reuniones Ejecutivas');
Insert into EDUQUIZ.SALONES (IDSALON,DESCRIPCION) values ('43','Aula 117');
Insert into EDUQUIZ.SALONES (IDSALON,DESCRIPCION) values ('44','Sala de Juntas');
Insert into EDUQUIZ.SALONES (IDSALON,DESCRIPCION) values ('45','Aula 118');
Insert into EDUQUIZ.SALONES (IDSALON,DESCRIPCION) values ('46','Sala de Entrevistas');
Insert into EDUQUIZ.SALONES (IDSALON,DESCRIPCION) values ('47','Aula 119');
Insert into EDUQUIZ.SALONES (IDSALON,DESCRIPCION) values ('48','Sala de Videojuegos');
Insert into EDUQUIZ.SALONES (IDSALON,DESCRIPCION) values ('49','Aula 120');
Insert into EDUQUIZ.SALONES (IDSALON,DESCRIPCION) values ('50','Sala de Estudio 2');
REM INSERTING into EDUQUIZ.TEMAS
SET DEFINE OFF;
Insert into EDUQUIZ.TEMAS (IDTEMA,NOMBRE,DESCRIPCION,IDCONTENIDO) values ('1','El Siglo de Oro Español','Explora la época dorada de la literatura española','4');
Insert into EDUQUIZ.TEMAS (IDTEMA,NOMBRE,DESCRIPCION,IDCONTENIDO) values ('2','El Modernismo en la Literatura Española','Analiza el movimiento literario del modernismo en España','4');
Insert into EDUQUIZ.TEMAS (IDTEMA,NOMBRE,DESCRIPCION,IDCONTENIDO) values ('3','Literatura en la Edad Media española','Literatura de la Edad Media en España,la influencia de la cultura árabe y judía','5');
Insert into EDUQUIZ.TEMAS (IDTEMA,NOMBRE,DESCRIPCION,IDCONTENIDO) values ('4','La prosa del Siglo de Oro','Riqueza y diversidad de la prosa en el Siglo de Oro español','6');
Insert into EDUQUIZ.TEMAS (IDTEMA,NOMBRE,DESCRIPCION,IDCONTENIDO) values ('5','El teatro del Siglo de Oro','Brillantez y la diversidad del teatro español durante el Siglo de Oro','6');
Insert into EDUQUIZ.TEMAS (IDTEMA,NOMBRE,DESCRIPCION,IDCONTENIDO) values ('6','Conceptos Fundamentales de la Mecánica Clásica','Principios básicos de la mecánica clásica, la cinemática, dinámica y estática','7');
Insert into EDUQUIZ.TEMAS (IDTEMA,NOMBRE,DESCRIPCION,IDCONTENIDO) values ('7','Leyes de Newton y sus Aplicaciones','Las tres leyes del movimiento de Newton y su relevancia en la descripción de los sistemas físicos','7');
Insert into EDUQUIZ.TEMAS (IDTEMA,NOMBRE,DESCRIPCION,IDCONTENIDO) values ('8','Primera Ley de Newton: Ley de la Inercia','La primera ley del movimiento de Newton, también conocida como ley de la inercia.','8');
Insert into EDUQUIZ.TEMAS (IDTEMA,NOMBRE,DESCRIPCION,IDCONTENIDO) values ('9','Segunda y Tercera Ley de Newton: Fuerza y Acción-Reacción','Las dos últimas leyes del movimiento de Newton','8');
Insert into EDUQUIZ.TEMAS (IDTEMA,NOMBRE,DESCRIPCION,IDCONTENIDO) values ('10','Concepto de Trabajo en Física','Concepto de trabajo en física','9');
Insert into EDUQUIZ.TEMAS (IDTEMA,NOMBRE,DESCRIPCION,IDCONTENIDO) values ('11','Tipos de Energía y su Transformación','Los diferentes tipos de energía, como la cinética, potencial,etc','9');
Insert into EDUQUIZ.TEMAS (IDTEMA,NOMBRE,DESCRIPCION,IDCONTENIDO) values ('12','Estructura y Nomenclatura de Compuestos Orgánicos','Fundamentos de la química orgánica','10');
Insert into EDUQUIZ.TEMAS (IDTEMA,NOMBRE,DESCRIPCION,IDCONTENIDO) values ('13','Enlace Químico en Compuestos Orgánicos','Los diferentes tipos de enlaces químicos presentes en los compuestos orgánicos','10');
Insert into EDUQUIZ.TEMAS (IDTEMA,NOMBRE,DESCRIPCION,IDCONTENIDO) values ('14','Clasificación de las Reacciones Orgánicas','Clasificación de las reacciones orgánicas según diferentes criterios','11');
Insert into EDUQUIZ.TEMAS (IDTEMA,NOMBRE,DESCRIPCION,IDCONTENIDO) values ('15','Mecanismos de Reacción en Química Orgánica','Los mecanismos de reacción que gobiernan el curso de las transformaciones químicas','11');
Insert into EDUQUIZ.TEMAS (IDTEMA,NOMBRE,DESCRIPCION,IDCONTENIDO) values ('16','Estructura y Función de la Membrana Celular','Estructura fundamental en la biología celular','12');
Insert into EDUQUIZ.TEMAS (IDTEMA,NOMBRE,DESCRIPCION,IDCONTENIDO) values ('17','Organelos Celulares y sus Funciones','Los distintos organelos celulares y sus funciones específicas dentro de la célula','12');
Insert into EDUQUIZ.TEMAS (IDTEMA,NOMBRE,DESCRIPCION,IDCONTENIDO) values ('18','Estructura y Función del Núcleo Celular','Este tema se enfoca en el núcleo celular','13');
Insert into EDUQUIZ.TEMAS (IDTEMA,NOMBRE,DESCRIPCION,IDCONTENIDO) values ('19','Exploración de los Organelos Citoplasmáticos','Los organelos citoplasmáticos que se encuentran fuera del núcleo en la célula eucariota','13');
Insert into EDUQUIZ.TEMAS (IDTEMA,NOMBRE,DESCRIPCION,IDCONTENIDO) values ('20','Metabolismo Celular: Anabolismo y Catabolismo','Procesos metabólicos fundamentales en las células','14');
Insert into EDUQUIZ.TEMAS (IDTEMA,NOMBRE,DESCRIPCION,IDCONTENIDO) values ('21','Comunicación Celular: Señalización y Transducción','Comunicación entre células y cómo las células perciben y responden a señales','14');
Insert into EDUQUIZ.TEMAS (IDTEMA,NOMBRE,DESCRIPCION,IDCONTENIDO) values ('22','Principales Civilizaciones de la Antigüedad','Visión general de las principales civilizaciones de la antigüedada','15');
Insert into EDUQUIZ.TEMAS (IDTEMA,NOMBRE,DESCRIPCION,IDCONTENIDO) values ('23','Desarrollo y Difusión de la Escritura en la Antigüedad','Se analiza el desarrollo y la difusión de la escritura en la antigüedad','15');
Insert into EDUQUIZ.TEMAS (IDTEMA,NOMBRE,DESCRIPCION,IDCONTENIDO) values ('25','La Grecia Antigua: Cuna de la Civilización Mediterránea','Se examina la civilización griega y su impacto en el Mediterráneo antiguo','16');
Insert into EDUQUIZ.TEMAS (IDTEMA,NOMBRE,DESCRIPCION,IDCONTENIDO) values ('24','La Civilización Egipcia: Potencia del Antiguo Mediterráneo','La Grecia Antigua: Cuna de la Civilización Mediterránea','16');
Insert into EDUQUIZ.TEMAS (IDTEMA,NOMBRE,DESCRIPCION,IDCONTENIDO) values ('26','El Imperio Chino: De la Antigüedad hasta la Dinastía Qing','La historia del imperio chino desde sus orígenes hasta la dinastía Qing','17');
Insert into EDUQUIZ.TEMAS (IDTEMA,NOMBRE,DESCRIPCION,IDCONTENIDO) values ('27','El Imperio Japonés: Del Período Heian al Shogunato','La historia del imperio japonés desde el período Heian hasta el shogunato','17');
Insert into EDUQUIZ.TEMAS (IDTEMA,NOMBRE,DESCRIPCION,IDCONTENIDO) values ('28','Los Procesos Geológicos: Tectónica de Placas y relieve','los procesos geológicos que dan forma a la superficie terrestre','18');
Insert into EDUQUIZ.TEMAS (IDTEMA,NOMBRE,DESCRIPCION,IDCONTENIDO) values ('29','Climatología y Biogeografía: Factores y Zonas Climáticas','Se analizan los factores que influyen en el clima terrestre','18');
Insert into EDUQUIZ.TEMAS (IDTEMA,NOMBRE,DESCRIPCION,IDCONTENIDO) values ('30','Formas de relieve producidas por agentes endógenos','Se centra en las formas de relieve terrestre que son el resultado de procesos endógenos','19');
Insert into EDUQUIZ.TEMAS (IDTEMA,NOMBRE,DESCRIPCION,IDCONTENIDO) values ('31','Formas de relieve producidas por agentes exógenos','Se estudian las formas de relieve terrestre que son el resultado de procesos exógenos','19');
Insert into EDUQUIZ.TEMAS (IDTEMA,NOMBRE,DESCRIPCION,IDCONTENIDO) values ('32','Factores que Influencian el Clima','Se centra en los diversos factores que influyen en el clima de una región','20');
Insert into EDUQUIZ.TEMAS (IDTEMA,NOMBRE,DESCRIPCION,IDCONTENIDO) values ('33','Saludos y Presentaciones en Inglés','Las formas adecuadas de saludar y presentarse en inglés','21');
Insert into EDUQUIZ.TEMAS (IDTEMA,NOMBRE,DESCRIPCION,IDCONTENIDO) values ('34','Números y Fechas en Inglés','Se exploran los números y las fechas en inglés','21');
Insert into EDUQUIZ.TEMAS (IDTEMA,NOMBRE,DESCRIPCION,IDCONTENIDO) values ('35','Uso Avanzado de los Tiempos Verbales','Se enfoca en el uso avanzado de los tiempos verbales en inglés','22');
Insert into EDUQUIZ.TEMAS (IDTEMA,NOMBRE,DESCRIPCION,IDCONTENIDO) values ('36','Construcción de Oraciones Complejas y Sintaxis','Se abordan las técnicas para construir oraciones complejas y estructuras sintácticas avanzadas.','22');
Insert into EDUQUIZ.TEMAS (IDTEMA,NOMBRE,DESCRIPCION,IDCONTENIDO) values ('37','Práctica de Conversación en Situaciones Cotidianas','Se centra en la práctica de la conversación en inglés en situaciones cotidianas','23');
Insert into EDUQUIZ.TEMAS (IDTEMA,NOMBRE,DESCRIPCION,IDCONTENIDO) values ('38','Comprensión Auditiva de Diversos Acentos y Velocidades','Comprensión auditiva de diferentes acentos del inglés y variaciones en la velocidad del habla','23');
Insert into EDUQUIZ.TEMAS (IDTEMA,NOMBRE,DESCRIPCION,IDCONTENIDO) values ('39','Técnica de Respiración en Natación','Se enfoca en la técnica de respiración adecuada durante la natación','24');
Insert into EDUQUIZ.TEMAS (IDTEMA,NOMBRE,DESCRIPCION,IDCONTENIDO) values ('40','Perfeccionamiento de los Estilos de Natación','Se abordan técnicas avanzadas para perfeccionar los estilos de natación','24');
REM INSERTING into EDUQUIZ.TEMAS_EXAMENES
SET DEFINE OFF;
Insert into EDUQUIZ.TEMAS_EXAMENES (IDTEMA_EXAMEN,IDEXAMENES,IDTEMA) values ('1','1','1');
Insert into EDUQUIZ.TEMAS_EXAMENES (IDTEMA_EXAMEN,IDEXAMENES,IDTEMA) values ('2','2','2');
Insert into EDUQUIZ.TEMAS_EXAMENES (IDTEMA_EXAMEN,IDEXAMENES,IDTEMA) values ('3','3','3');
Insert into EDUQUIZ.TEMAS_EXAMENES (IDTEMA_EXAMEN,IDEXAMENES,IDTEMA) values ('4','4','4');
Insert into EDUQUIZ.TEMAS_EXAMENES (IDTEMA_EXAMEN,IDEXAMENES,IDTEMA) values ('5','5','5');
Insert into EDUQUIZ.TEMAS_EXAMENES (IDTEMA_EXAMEN,IDEXAMENES,IDTEMA) values ('6','6','6');
Insert into EDUQUIZ.TEMAS_EXAMENES (IDTEMA_EXAMEN,IDEXAMENES,IDTEMA) values ('7','7','7');
Insert into EDUQUIZ.TEMAS_EXAMENES (IDTEMA_EXAMEN,IDEXAMENES,IDTEMA) values ('8','8','8');
Insert into EDUQUIZ.TEMAS_EXAMENES (IDTEMA_EXAMEN,IDEXAMENES,IDTEMA) values ('9','9','7');
Insert into EDUQUIZ.TEMAS_EXAMENES (IDTEMA_EXAMEN,IDEXAMENES,IDTEMA) values ('10','10','10');
Insert into EDUQUIZ.TEMAS_EXAMENES (IDTEMA_EXAMEN,IDEXAMENES,IDTEMA) values ('11','11','11');
Insert into EDUQUIZ.TEMAS_EXAMENES (IDTEMA_EXAMEN,IDEXAMENES,IDTEMA) values ('12','12','12');
Insert into EDUQUIZ.TEMAS_EXAMENES (IDTEMA_EXAMEN,IDEXAMENES,IDTEMA) values ('13','13','13');
Insert into EDUQUIZ.TEMAS_EXAMENES (IDTEMA_EXAMEN,IDEXAMENES,IDTEMA) values ('14','14','14');
Insert into EDUQUIZ.TEMAS_EXAMENES (IDTEMA_EXAMEN,IDEXAMENES,IDTEMA) values ('15','15','15');
Insert into EDUQUIZ.TEMAS_EXAMENES (IDTEMA_EXAMEN,IDEXAMENES,IDTEMA) values ('16','16','16');
Insert into EDUQUIZ.TEMAS_EXAMENES (IDTEMA_EXAMEN,IDEXAMENES,IDTEMA) values ('17','17','17');
Insert into EDUQUIZ.TEMAS_EXAMENES (IDTEMA_EXAMEN,IDEXAMENES,IDTEMA) values ('18','18','18');
Insert into EDUQUIZ.TEMAS_EXAMENES (IDTEMA_EXAMEN,IDEXAMENES,IDTEMA) values ('19','19','19');
Insert into EDUQUIZ.TEMAS_EXAMENES (IDTEMA_EXAMEN,IDEXAMENES,IDTEMA) values ('20','20','20');
Insert into EDUQUIZ.TEMAS_EXAMENES (IDTEMA_EXAMEN,IDEXAMENES,IDTEMA) values ('21','21','21');
Insert into EDUQUIZ.TEMAS_EXAMENES (IDTEMA_EXAMEN,IDEXAMENES,IDTEMA) values ('22','22','22');
Insert into EDUQUIZ.TEMAS_EXAMENES (IDTEMA_EXAMEN,IDEXAMENES,IDTEMA) values ('23','23','23');
Insert into EDUQUIZ.TEMAS_EXAMENES (IDTEMA_EXAMEN,IDEXAMENES,IDTEMA) values ('24','24','24');
Insert into EDUQUIZ.TEMAS_EXAMENES (IDTEMA_EXAMEN,IDEXAMENES,IDTEMA) values ('25','25','25');
Insert into EDUQUIZ.TEMAS_EXAMENES (IDTEMA_EXAMEN,IDEXAMENES,IDTEMA) values ('26','26','26');
Insert into EDUQUIZ.TEMAS_EXAMENES (IDTEMA_EXAMEN,IDEXAMENES,IDTEMA) values ('27','27','27');
Insert into EDUQUIZ.TEMAS_EXAMENES (IDTEMA_EXAMEN,IDEXAMENES,IDTEMA) values ('28','28','28');
Insert into EDUQUIZ.TEMAS_EXAMENES (IDTEMA_EXAMEN,IDEXAMENES,IDTEMA) values ('29','29','29');
Insert into EDUQUIZ.TEMAS_EXAMENES (IDTEMA_EXAMEN,IDEXAMENES,IDTEMA) values ('30','30','30');
Insert into EDUQUIZ.TEMAS_EXAMENES (IDTEMA_EXAMEN,IDEXAMENES,IDTEMA) values ('31','31','31');
Insert into EDUQUIZ.TEMAS_EXAMENES (IDTEMA_EXAMEN,IDEXAMENES,IDTEMA) values ('32','32','32');
Insert into EDUQUIZ.TEMAS_EXAMENES (IDTEMA_EXAMEN,IDEXAMENES,IDTEMA) values ('33','33','33');
Insert into EDUQUIZ.TEMAS_EXAMENES (IDTEMA_EXAMEN,IDEXAMENES,IDTEMA) values ('34','34','34');
Insert into EDUQUIZ.TEMAS_EXAMENES (IDTEMA_EXAMEN,IDEXAMENES,IDTEMA) values ('35','35','35');
Insert into EDUQUIZ.TEMAS_EXAMENES (IDTEMA_EXAMEN,IDEXAMENES,IDTEMA) values ('36','36','36');
Insert into EDUQUIZ.TEMAS_EXAMENES (IDTEMA_EXAMEN,IDEXAMENES,IDTEMA) values ('37','37','37');
Insert into EDUQUIZ.TEMAS_EXAMENES (IDTEMA_EXAMEN,IDEXAMENES,IDTEMA) values ('38','38','38');
Insert into EDUQUIZ.TEMAS_EXAMENES (IDTEMA_EXAMEN,IDEXAMENES,IDTEMA) values ('39','39','39');
Insert into EDUQUIZ.TEMAS_EXAMENES (IDTEMA_EXAMEN,IDEXAMENES,IDTEMA) values ('40','40','40');
REM INSERTING into EDUQUIZ.TIPOSPREGUNTAS
SET DEFINE OFF;
Insert into EDUQUIZ.TIPOSPREGUNTAS (IDTIPOPREGUNTA,DESCRIPCION) values ('1','Selección múltiple múltiples respuestas');
Insert into EDUQUIZ.TIPOSPREGUNTAS (IDTIPOPREGUNTA,DESCRIPCION) values ('2','Selección múltiple única respuesta');
Insert into EDUQUIZ.TIPOSPREGUNTAS (IDTIPOPREGUNTA,DESCRIPCION) values ('3','Falso y verdadero');
Insert into EDUQUIZ.TIPOSPREGUNTAS (IDTIPOPREGUNTA,DESCRIPCION) values ('4','Ordenar');
Insert into EDUQUIZ.TIPOSPREGUNTAS (IDTIPOPREGUNTA,DESCRIPCION) values ('5','Emparejar');
Insert into EDUQUIZ.TIPOSPREGUNTAS (IDTIPOPREGUNTA,DESCRIPCION) values ('6','Completar');
REM INSERTING into EDUQUIZ.UNIDADESESTUDIO
SET DEFINE OFF;
Insert into EDUQUIZ.UNIDADESESTUDIO (IDUNIDAD,NOMBRE_UNIDAD,DESCRIPCION,IDMATERIA) values ('1','Unidad 1','Introducción al tema','1');
Insert into EDUQUIZ.UNIDADESESTUDIO (IDUNIDAD,NOMBRE_UNIDAD,DESCRIPCION,IDMATERIA) values ('2','Unidad 2','Conceptos básicos','1');
Insert into EDUQUIZ.UNIDADESESTUDIO (IDUNIDAD,NOMBRE_UNIDAD,DESCRIPCION,IDMATERIA) values ('3','Unidad 3','Cálculo de límites','1');
Insert into EDUQUIZ.UNIDADESESTUDIO (IDUNIDAD,NOMBRE_UNIDAD,DESCRIPCION,IDMATERIA) values ('4','Unidad 1','Introducción a la literatura española','2');
Insert into EDUQUIZ.UNIDADESESTUDIO (IDUNIDAD,NOMBRE_UNIDAD,DESCRIPCION,IDMATERIA) values ('5','Unidad 2','Edad Media','2');
Insert into EDUQUIZ.UNIDADESESTUDIO (IDUNIDAD,NOMBRE_UNIDAD,DESCRIPCION,IDMATERIA) values ('6','Unidad 3','Siglo de Oro','2');
Insert into EDUQUIZ.UNIDADESESTUDIO (IDUNIDAD,NOMBRE_UNIDAD,DESCRIPCION,IDMATERIA) values ('7','Unidad 1','Introducción a la mecánica clásica','3');
Insert into EDUQUIZ.UNIDADESESTUDIO (IDUNIDAD,NOMBRE_UNIDAD,DESCRIPCION,IDMATERIA) values ('8','Unidad 2','Leyes de Newton','3');
Insert into EDUQUIZ.UNIDADESESTUDIO (IDUNIDAD,NOMBRE_UNIDAD,DESCRIPCION,IDMATERIA) values ('9','Unidad 3','Trabajo y energía','3');
Insert into EDUQUIZ.UNIDADESESTUDIO (IDUNIDAD,NOMBRE_UNIDAD,DESCRIPCION,IDMATERIA) values ('10','Unidad 1','Introducción a la química orgánica','4');
Insert into EDUQUIZ.UNIDADESESTUDIO (IDUNIDAD,NOMBRE_UNIDAD,DESCRIPCION,IDMATERIA) values ('11','Unidad 3','Reacciones orgánicas','4');
Insert into EDUQUIZ.UNIDADESESTUDIO (IDUNIDAD,NOMBRE_UNIDAD,DESCRIPCION,IDMATERIA) values ('12','Unidad 1','Introducción a la biología celular','5');
Insert into EDUQUIZ.UNIDADESESTUDIO (IDUNIDAD,NOMBRE_UNIDAD,DESCRIPCION,IDMATERIA) values ('13','Unidad 2','Estructuras celulares','5');
Insert into EDUQUIZ.UNIDADESESTUDIO (IDUNIDAD,NOMBRE_UNIDAD,DESCRIPCION,IDMATERIA) values ('14','Unidad 3','Funciones celulares','5');
Insert into EDUQUIZ.UNIDADESESTUDIO (IDUNIDAD,NOMBRE_UNIDAD,DESCRIPCION,IDMATERIA) values ('15','Unidad 1','Introducción a la historia antigua','6');
Insert into EDUQUIZ.UNIDADESESTUDIO (IDUNIDAD,NOMBRE_UNIDAD,DESCRIPCION,IDMATERIA) values ('16','Unidad 2','Civilizaciones del Mediterráneo','6');
Insert into EDUQUIZ.UNIDADESESTUDIO (IDUNIDAD,NOMBRE_UNIDAD,DESCRIPCION,IDMATERIA) values ('17','Unidad 3','Imperios del Lejano Oriente','6');
Insert into EDUQUIZ.UNIDADESESTUDIO (IDUNIDAD,NOMBRE_UNIDAD,DESCRIPCION,IDMATERIA) values ('18','Unidad 1','Introducción a la geografía física','7');
Insert into EDUQUIZ.UNIDADESESTUDIO (IDUNIDAD,NOMBRE_UNIDAD,DESCRIPCION,IDMATERIA) values ('19','Unidad 2','Relieve terrestre','7');
Insert into EDUQUIZ.UNIDADESESTUDIO (IDUNIDAD,NOMBRE_UNIDAD,DESCRIPCION,IDMATERIA) values ('20','Unidad 3','Climatología','7');
Insert into EDUQUIZ.UNIDADESESTUDIO (IDUNIDAD,NOMBRE_UNIDAD,DESCRIPCION,IDMATERIA) values ('21','Unidad 1','Nociones básicas de inglés','8');
Insert into EDUQUIZ.UNIDADESESTUDIO (IDUNIDAD,NOMBRE_UNIDAD,DESCRIPCION,IDMATERIA) values ('22','Unidad 2','Gramática avanzada','8');
Insert into EDUQUIZ.UNIDADESESTUDIO (IDUNIDAD,NOMBRE_UNIDAD,DESCRIPCION,IDMATERIA) values ('23','Unidad 3','Conversación y comprensión auditiva','8');
Insert into EDUQUIZ.UNIDADESESTUDIO (IDUNIDAD,NOMBRE_UNIDAD,DESCRIPCION,IDMATERIA) values ('24','Unidad 1','Técnicas de natación','9');
Insert into EDUQUIZ.UNIDADESESTUDIO (IDUNIDAD,NOMBRE_UNIDAD,DESCRIPCION,IDMATERIA) values ('25','Unidad 2','Estilos de nado','9');
Insert into EDUQUIZ.UNIDADESESTUDIO (IDUNIDAD,NOMBRE_UNIDAD,DESCRIPCION,IDMATERIA) values ('26','Unidad 3','Actividades acuáticas','9');
Insert into EDUQUIZ.UNIDADESESTUDIO (IDUNIDAD,NOMBRE_UNIDAD,DESCRIPCION,IDMATERIA) values ('27','Unidad 1','Introducción a la pintura al óleo','10');
Insert into EDUQUIZ.UNIDADESESTUDIO (IDUNIDAD,NOMBRE_UNIDAD,DESCRIPCION,IDMATERIA) values ('28','Unidad 2','Materiales y herramientas','10');
Insert into EDUQUIZ.UNIDADESESTUDIO (IDUNIDAD,NOMBRE_UNIDAD,DESCRIPCION,IDMATERIA) values ('29','Unidad 3','Técnicas de aplicación','10');
Insert into EDUQUIZ.UNIDADESESTUDIO (IDUNIDAD,NOMBRE_UNIDAD,DESCRIPCION,IDMATERIA) values ('30','Unidad 1','Introducción a la apreciación musical','11');
Insert into EDUQUIZ.UNIDADESESTUDIO (IDUNIDAD,NOMBRE_UNIDAD,DESCRIPCION,IDMATERIA) values ('31','Unidad 2','Géneros musicales','11');
Insert into EDUQUIZ.UNIDADESESTUDIO (IDUNIDAD,NOMBRE_UNIDAD,DESCRIPCION,IDMATERIA) values ('32','Unidad 3','Análisis de obras','11');
Insert into EDUQUIZ.UNIDADESESTUDIO (IDUNIDAD,NOMBRE_UNIDAD,DESCRIPCION,IDMATERIA) values ('33','Unidad 1','Fundamentos de la programación web','12');
Insert into EDUQUIZ.UNIDADESESTUDIO (IDUNIDAD,NOMBRE_UNIDAD,DESCRIPCION,IDMATERIA) values ('34','Unidad 2','Desarrollo frontend','12');
Insert into EDUQUIZ.UNIDADESESTUDIO (IDUNIDAD,NOMBRE_UNIDAD,DESCRIPCION,IDMATERIA) values ('35','Unidad 3','Desarrollo backend','12');
Insert into EDUQUIZ.UNIDADESESTUDIO (IDUNIDAD,NOMBRE_UNIDAD,DESCRIPCION,IDMATERIA) values ('36','Unidad 1','Orígenes de la filosofía antigua','13');
Insert into EDUQUIZ.UNIDADESESTUDIO (IDUNIDAD,NOMBRE_UNIDAD,DESCRIPCION,IDMATERIA) values ('37','Unidad 2','Pensamiento presocrático','13');
Insert into EDUQUIZ.UNIDADESESTUDIO (IDUNIDAD,NOMBRE_UNIDAD,DESCRIPCION,IDMATERIA) values ('38','Unidad 3','Filosofía clásica','13');
Insert into EDUQUIZ.UNIDADESESTUDIO (IDUNIDAD,NOMBRE_UNIDAD,DESCRIPCION,IDMATERIA) values ('39','Unidad 1','Principios de la microeconomía','14');
Insert into EDUQUIZ.UNIDADESESTUDIO (IDUNIDAD,NOMBRE_UNIDAD,DESCRIPCION,IDMATERIA) values ('40','Unidad 2','Oferta y demanda','14');
Insert into EDUQUIZ.UNIDADESESTUDIO (IDUNIDAD,NOMBRE_UNIDAD,DESCRIPCION,IDMATERIA) values ('41','Unidad 3','Elasticidad y aplicaciones','14');
Insert into EDUQUIZ.UNIDADESESTUDIO (IDUNIDAD,NOMBRE_UNIDAD,DESCRIPCION,IDMATERIA) values ('42','Unidad 1','Conceptos básicos de contabilidad','15');
Insert into EDUQUIZ.UNIDADESESTUDIO (IDUNIDAD,NOMBRE_UNIDAD,DESCRIPCION,IDMATERIA) values ('43','Unidad 2','Registro contable','15');
Insert into EDUQUIZ.UNIDADESESTUDIO (IDUNIDAD,NOMBRE_UNIDAD,DESCRIPCION,IDMATERIA) values ('44','Unidad 3','Análisis financiero','15');
Insert into EDUQUIZ.UNIDADESESTUDIO (IDUNIDAD,NOMBRE_UNIDAD,DESCRIPCION,IDMATERIA) values ('45','Unidad 1','Fundamentos del derecho penal','16');
Insert into EDUQUIZ.UNIDADESESTUDIO (IDUNIDAD,NOMBRE_UNIDAD,DESCRIPCION,IDMATERIA) values ('46','Unidad 2','Delitos y sanciones','16');
Insert into EDUQUIZ.UNIDADESESTUDIO (IDUNIDAD,NOMBRE_UNIDAD,DESCRIPCION,IDMATERIA) values ('47','Unidad 3','Procedimiento penal','16');
Insert into EDUQUIZ.UNIDADESESTUDIO (IDUNIDAD,NOMBRE_UNIDAD,DESCRIPCION,IDMATERIA) values ('48','Unidad 1','Teorías del desarrollo humano','17');
Insert into EDUQUIZ.UNIDADESESTUDIO (IDUNIDAD,NOMBRE_UNIDAD,DESCRIPCION,IDMATERIA) values ('49','Unidad 2','Desarrollo prenatal y neonatal','17');
Insert into EDUQUIZ.UNIDADESESTUDIO (IDUNIDAD,NOMBRE_UNIDAD,DESCRIPCION,IDMATERIA) values ('50','Unidad 3','Desarrollo infantil y adolescente','17');
--------------------------------------------------------
--  DDL for Index NOMBRE_CURSOS
--------------------------------------------------------

  CREATE INDEX "EDUQUIZ"."NOMBRE_CURSOS" ON "EDUQUIZ"."CURSOS" ("NOMBRECURSO") 
  PCTFREE 10 INITRANS 2 MAXTRANS 255 COMPUTE STATISTICS 
  STORAGE(INITIAL 65536 NEXT 1048576 MINEXTENTS 1 MAXEXTENTS 2147483645
  PCTINCREASE 0 FREELISTS 1 FREELIST GROUPS 1 BUFFER_POOL DEFAULT FLASH_CACHE DEFAULT CELL_FLASH_CACHE DEFAULT)
  TABLESPACE "TS_INDEX" ;
--------------------------------------------------------
--  DDL for Index ID_RESPUESTAS_ESTUDIANTES
--------------------------------------------------------

  CREATE UNIQUE INDEX "EDUQUIZ"."ID_RESPUESTAS_ESTUDIANTES" ON "EDUQUIZ"."RESPUESTAS_ESTUDIANTES" ("IDRESPUESTAESTUDIANTE") 
  PCTFREE 10 INITRANS 2 MAXTRANS 255 COMPUTE STATISTICS 
  STORAGE(INITIAL 65536 NEXT 1048576 MINEXTENTS 1 MAXEXTENTS 2147483645
  PCTINCREASE 0 FREELISTS 1 FREELIST GROUPS 1 BUFFER_POOL DEFAULT FLASH_CACHE DEFAULT CELL_FLASH_CACHE DEFAULT)
  TABLESPACE "TS_INDEX" ;
--------------------------------------------------------
--  DDL for Index ID_ASIGNACION_DIAS
--------------------------------------------------------

  CREATE UNIQUE INDEX "EDUQUIZ"."ID_ASIGNACION_DIAS" ON "EDUQUIZ"."ASIGNACION_DIAS" ("IDASIGNACIONDIA") 
  PCTFREE 10 INITRANS 2 MAXTRANS 255 COMPUTE STATISTICS 
  STORAGE(INITIAL 65536 NEXT 1048576 MINEXTENTS 1 MAXEXTENTS 2147483645
  PCTINCREASE 0 FREELISTS 1 FREELIST GROUPS 1 BUFFER_POOL DEFAULT FLASH_CACHE DEFAULT CELL_FLASH_CACHE DEFAULT)
  TABLESPACE "TS_INDEX" ;
--------------------------------------------------------
--  DDL for Index ID_UNIDADESESTUDIO
--------------------------------------------------------

  CREATE UNIQUE INDEX "EDUQUIZ"."ID_UNIDADESESTUDIO" ON "EDUQUIZ"."UNIDADESESTUDIO" ("IDUNIDAD") 
  PCTFREE 10 INITRANS 2 MAXTRANS 255 COMPUTE STATISTICS 
  STORAGE(INITIAL 65536 NEXT 1048576 MINEXTENTS 1 MAXEXTENTS 2147483645
  PCTINCREASE 0 FREELISTS 1 FREELIST GROUPS 1 BUFFER_POOL DEFAULT FLASH_CACHE DEFAULT CELL_FLASH_CACHE DEFAULT)
  TABLESPACE "TS_INDEX" ;
--------------------------------------------------------
--  DDL for Index ID_RESPUESTAS
--------------------------------------------------------

  CREATE UNIQUE INDEX "EDUQUIZ"."ID_RESPUESTAS" ON "EDUQUIZ"."RESPUESTAS" ("IDRESPUESTA") 
  PCTFREE 10 INITRANS 2 MAXTRANS 255 COMPUTE STATISTICS 
  STORAGE(INITIAL 65536 NEXT 1048576 MINEXTENTS 1 MAXEXTENTS 2147483645
  PCTINCREASE 0 FREELISTS 1 FREELIST GROUPS 1 BUFFER_POOL DEFAULT FLASH_CACHE DEFAULT CELL_FLASH_CACHE DEFAULT)
  TABLESPACE "TS_INDEX" ;
--------------------------------------------------------
--  DDL for Index ID_SALONES
--------------------------------------------------------

  CREATE UNIQUE INDEX "EDUQUIZ"."ID_SALONES" ON "EDUQUIZ"."SALONES" ("IDSALON") 
  PCTFREE 10 INITRANS 2 MAXTRANS 255 COMPUTE STATISTICS 
  STORAGE(INITIAL 65536 NEXT 1048576 MINEXTENTS 1 MAXEXTENTS 2147483645
  PCTINCREASE 0 FREELISTS 1 FREELIST GROUPS 1 BUFFER_POOL DEFAULT FLASH_CACHE DEFAULT CELL_FLASH_CACHE DEFAULT)
  TABLESPACE "TS_INDEX" ;
--------------------------------------------------------
--  DDL for Index ID_CONTENIDOS
--------------------------------------------------------

  CREATE UNIQUE INDEX "EDUQUIZ"."ID_CONTENIDOS" ON "EDUQUIZ"."CONTENIDOS" ("IDCONTENIDO") 
  PCTFREE 10 INITRANS 2 MAXTRANS 255 COMPUTE STATISTICS 
  STORAGE(INITIAL 65536 NEXT 1048576 MINEXTENTS 1 MAXEXTENTS 2147483645
  PCTINCREASE 0 FREELISTS 1 FREELIST GROUPS 1 BUFFER_POOL DEFAULT FLASH_CACHE DEFAULT CELL_FLASH_CACHE DEFAULT)
  TABLESPACE "TS_INDEX" ;
--------------------------------------------------------
--  DDL for Index ID_MATERIAS
--------------------------------------------------------

  CREATE UNIQUE INDEX "EDUQUIZ"."ID_MATERIAS" ON "EDUQUIZ"."MATERIAS" ("IDMATERIA") 
  PCTFREE 10 INITRANS 2 MAXTRANS 255 COMPUTE STATISTICS 
  STORAGE(INITIAL 65536 NEXT 1048576 MINEXTENTS 1 MAXEXTENTS 2147483645
  PCTINCREASE 0 FREELISTS 1 FREELIST GROUPS 1 BUFFER_POOL DEFAULT FLASH_CACHE DEFAULT CELL_FLASH_CACHE DEFAULT)
  TABLESPACE "TS_INDEX" ;
--------------------------------------------------------
--  DDL for Index ID_DOCENTES
--------------------------------------------------------

  CREATE UNIQUE INDEX "EDUQUIZ"."ID_DOCENTES" ON "EDUQUIZ"."DOCENTES" ("IDDOCENTE") 
  PCTFREE 10 INITRANS 2 MAXTRANS 255 COMPUTE STATISTICS 
  STORAGE(INITIAL 65536 NEXT 1048576 MINEXTENTS 1 MAXEXTENTS 2147483645
  PCTINCREASE 0 FREELISTS 1 FREELIST GROUPS 1 BUFFER_POOL DEFAULT FLASH_CACHE DEFAULT CELL_FLASH_CACHE DEFAULT)
  TABLESPACE "TS_INDEX" ;
--------------------------------------------------------
--  DDL for Index NOMBRE_UNIDADES
--------------------------------------------------------

  CREATE INDEX "EDUQUIZ"."NOMBRE_UNIDADES" ON "EDUQUIZ"."UNIDADESESTUDIO" ("NOMBRE_UNIDAD") 
  PCTFREE 10 INITRANS 2 MAXTRANS 255 COMPUTE STATISTICS 
  STORAGE(INITIAL 65536 NEXT 1048576 MINEXTENTS 1 MAXEXTENTS 2147483645
  PCTINCREASE 0 FREELISTS 1 FREELIST GROUPS 1 BUFFER_POOL DEFAULT FLASH_CACHE DEFAULT CELL_FLASH_CACHE DEFAULT)
  TABLESPACE "TS_INDEX" ;
--------------------------------------------------------
--  DDL for Index ID_DIAS
--------------------------------------------------------

  CREATE UNIQUE INDEX "EDUQUIZ"."ID_DIAS" ON "EDUQUIZ"."DIAS" ("IDDIA") 
  PCTFREE 10 INITRANS 2 MAXTRANS 255 COMPUTE STATISTICS 
  STORAGE(INITIAL 65536 NEXT 1048576 MINEXTENTS 1 MAXEXTENTS 2147483645
  PCTINCREASE 0 FREELISTS 1 FREELIST GROUPS 1 BUFFER_POOL DEFAULT FLASH_CACHE DEFAULT CELL_FLASH_CACHE DEFAULT)
  TABLESPACE "TS_INDEX" ;
--------------------------------------------------------
--  DDL for Index ID_EXAMENES
--------------------------------------------------------

  CREATE UNIQUE INDEX "EDUQUIZ"."ID_EXAMENES" ON "EDUQUIZ"."EXAMENES" ("IDEXAMENEN") 
  PCTFREE 10 INITRANS 2 MAXTRANS 255 COMPUTE STATISTICS 
  STORAGE(INITIAL 65536 NEXT 1048576 MINEXTENTS 1 MAXEXTENTS 2147483645
  PCTINCREASE 0 FREELISTS 1 FREELIST GROUPS 1 BUFFER_POOL DEFAULT FLASH_CACHE DEFAULT CELL_FLASH_CACHE DEFAULT)
  TABLESPACE "TS_INDEX" ;
--------------------------------------------------------
--  DDL for Index ID_TEMAS_EXAMENES
--------------------------------------------------------

  CREATE UNIQUE INDEX "EDUQUIZ"."ID_TEMAS_EXAMENES" ON "EDUQUIZ"."TEMAS_EXAMENES" ("IDTEMA_EXAMEN") 
  PCTFREE 10 INITRANS 2 MAXTRANS 255 COMPUTE STATISTICS 
  STORAGE(INITIAL 65536 NEXT 1048576 MINEXTENTS 1 MAXEXTENTS 2147483645
  PCTINCREASE 0 FREELISTS 1 FREELIST GROUPS 1 BUFFER_POOL DEFAULT FLASH_CACHE DEFAULT CELL_FLASH_CACHE DEFAULT)
  TABLESPACE "TS_INDEX" ;
--------------------------------------------------------
--  DDL for Index ID_GRUPOS
--------------------------------------------------------

  CREATE UNIQUE INDEX "EDUQUIZ"."ID_GRUPOS" ON "EDUQUIZ"."GRUPOS" ("IDGRUPO") 
  PCTFREE 10 INITRANS 2 MAXTRANS 255 COMPUTE STATISTICS 
  STORAGE(INITIAL 65536 NEXT 1048576 MINEXTENTS 1 MAXEXTENTS 2147483645
  PCTINCREASE 0 FREELISTS 1 FREELIST GROUPS 1 BUFFER_POOL DEFAULT FLASH_CACHE DEFAULT CELL_FLASH_CACHE DEFAULT)
  TABLESPACE "TS_INDEX" ;
--------------------------------------------------------
--  DDL for Index ID_PREGUNTAS
--------------------------------------------------------

  CREATE UNIQUE INDEX "EDUQUIZ"."ID_PREGUNTAS" ON "EDUQUIZ"."PREGUNTAS" ("IDPREGUNTA") 
  PCTFREE 10 INITRANS 2 MAXTRANS 255 COMPUTE STATISTICS 
  STORAGE(INITIAL 65536 NEXT 1048576 MINEXTENTS 1 MAXEXTENTS 2147483645
  PCTINCREASE 0 FREELISTS 1 FREELIST GROUPS 1 BUFFER_POOL DEFAULT FLASH_CACHE DEFAULT CELL_FLASH_CACHE DEFAULT)
  TABLESPACE "TS_INDEX" ;
--------------------------------------------------------
--  DDL for Index ID_HORARIOS
--------------------------------------------------------

  CREATE UNIQUE INDEX "EDUQUIZ"."ID_HORARIOS" ON "EDUQUIZ"."HORARIOS" ("IDHORARIO") 
  PCTFREE 10 INITRANS 2 MAXTRANS 255 COMPUTE STATISTICS 
  STORAGE(INITIAL 65536 NEXT 1048576 MINEXTENTS 1 MAXEXTENTS 2147483645
  PCTINCREASE 0 FREELISTS 1 FREELIST GROUPS 1 BUFFER_POOL DEFAULT FLASH_CACHE DEFAULT CELL_FLASH_CACHE DEFAULT)
  TABLESPACE "TS_INDEX" ;
--------------------------------------------------------
--  DDL for Index ID_CURSOS
--------------------------------------------------------

  CREATE UNIQUE INDEX "EDUQUIZ"."ID_CURSOS" ON "EDUQUIZ"."CURSOS" ("IDCURSO") 
  PCTFREE 10 INITRANS 2 MAXTRANS 255 COMPUTE STATISTICS 
  STORAGE(INITIAL 65536 NEXT 1048576 MINEXTENTS 1 MAXEXTENTS 2147483645
  PCTINCREASE 0 FREELISTS 1 FREELIST GROUPS 1 BUFFER_POOL DEFAULT FLASH_CACHE DEFAULT CELL_FLASH_CACHE DEFAULT)
  TABLESPACE "TS_INDEX" ;
--------------------------------------------------------
--  DDL for Index ID_BANCOSPREGUNTAS
--------------------------------------------------------

  CREATE UNIQUE INDEX "EDUQUIZ"."ID_BANCOSPREGUNTAS" ON "EDUQUIZ"."BANCOPREGUNTAS" ("IDBANCO") 
  PCTFREE 10 INITRANS 2 MAXTRANS 255 COMPUTE STATISTICS 
  STORAGE(INITIAL 65536 NEXT 1048576 MINEXTENTS 1 MAXEXTENTS 2147483645
  PCTINCREASE 0 FREELISTS 1 FREELIST GROUPS 1 BUFFER_POOL DEFAULT FLASH_CACHE DEFAULT CELL_FLASH_CACHE DEFAULT)
  TABLESPACE "SYSTEM" ;
--------------------------------------------------------
--  DDL for Index ID_ASIGNACIONES_ESTUDIANTES
--------------------------------------------------------

  CREATE UNIQUE INDEX "EDUQUIZ"."ID_ASIGNACIONES_ESTUDIANTES" ON "EDUQUIZ"."ASIGNACIONES_ESTUDIANTES" ("IDASIGNACION") 
  PCTFREE 10 INITRANS 2 MAXTRANS 255 COMPUTE STATISTICS 
  STORAGE(INITIAL 65536 NEXT 1048576 MINEXTENTS 1 MAXEXTENTS 2147483645
  PCTINCREASE 0 FREELISTS 1 FREELIST GROUPS 1 BUFFER_POOL DEFAULT FLASH_CACHE DEFAULT CELL_FLASH_CACHE DEFAULT)
  TABLESPACE "TS_INDEX" ;
--------------------------------------------------------
--  DDL for Index ID_TEMAS
--------------------------------------------------------

  CREATE UNIQUE INDEX "EDUQUIZ"."ID_TEMAS" ON "EDUQUIZ"."TEMAS" ("IDTEMA") 
  PCTFREE 10 INITRANS 2 MAXTRANS 255 COMPUTE STATISTICS 
  STORAGE(INITIAL 65536 NEXT 1048576 MINEXTENTS 1 MAXEXTENTS 2147483645
  PCTINCREASE 0 FREELISTS 1 FREELIST GROUPS 1 BUFFER_POOL DEFAULT FLASH_CACHE DEFAULT CELL_FLASH_CACHE DEFAULT)
  TABLESPACE "TS_INDEX" ;
--------------------------------------------------------
--  DDL for Index ID_ESTADOS
--------------------------------------------------------

  CREATE UNIQUE INDEX "EDUQUIZ"."ID_ESTADOS" ON "EDUQUIZ"."ESTADOS" ("IDESTADO") 
  PCTFREE 10 INITRANS 2 MAXTRANS 255 COMPUTE STATISTICS 
  STORAGE(INITIAL 65536 NEXT 1048576 MINEXTENTS 1 MAXEXTENTS 2147483645
  PCTINCREASE 0 FREELISTS 1 FREELIST GROUPS 1 BUFFER_POOL DEFAULT FLASH_CACHE DEFAULT CELL_FLASH_CACHE DEFAULT)
  TABLESPACE "TS_INDEX" ;
--------------------------------------------------------
--  DDL for Index ID_ASIGNACIONES_PREGUNTAS
--------------------------------------------------------

  CREATE UNIQUE INDEX "EDUQUIZ"."ID_ASIGNACIONES_PREGUNTAS" ON "EDUQUIZ"."ASIGNACIONES_PREGUNTAS" ("IDASIGNACION") 
  PCTFREE 10 INITRANS 2 MAXTRANS 255 COMPUTE STATISTICS 
  STORAGE(INITIAL 65536 NEXT 1048576 MINEXTENTS 1 MAXEXTENTS 2147483645
  PCTINCREASE 0 FREELISTS 1 FREELIST GROUPS 1 BUFFER_POOL DEFAULT FLASH_CACHE DEFAULT CELL_FLASH_CACHE DEFAULT)
  TABLESPACE "TS_INDEX" ;
--------------------------------------------------------
--  DDL for Index ID_ESTUDIANTES
--------------------------------------------------------

  CREATE UNIQUE INDEX "EDUQUIZ"."ID_ESTUDIANTES" ON "EDUQUIZ"."ESTUDIANTES" ("IDESTUDIANTE") 
  PCTFREE 10 INITRANS 2 MAXTRANS 255 COMPUTE STATISTICS 
  STORAGE(INITIAL 65536 NEXT 1048576 MINEXTENTS 1 MAXEXTENTS 2147483645
  PCTINCREASE 0 FREELISTS 1 FREELIST GROUPS 1 BUFFER_POOL DEFAULT FLASH_CACHE DEFAULT CELL_FLASH_CACHE DEFAULT)
  TABLESPACE "TS_INDEX" ;
--------------------------------------------------------
--  DDL for Index ID_TIPOSPREGUNTAS
--------------------------------------------------------

  CREATE UNIQUE INDEX "EDUQUIZ"."ID_TIPOSPREGUNTAS" ON "EDUQUIZ"."TIPOSPREGUNTAS" ("IDTIPOPREGUNTA") 
  PCTFREE 10 INITRANS 2 MAXTRANS 255 COMPUTE STATISTICS 
  STORAGE(INITIAL 65536 NEXT 1048576 MINEXTENTS 1 MAXEXTENTS 2147483645
  PCTINCREASE 0 FREELISTS 1 FREELIST GROUPS 1 BUFFER_POOL DEFAULT FLASH_CACHE DEFAULT CELL_FLASH_CACHE DEFAULT)
  TABLESPACE "TS_INDEX" ;
--------------------------------------------------------
--  DDL for Index NOMBRE_GRUPOS
--------------------------------------------------------

  CREATE INDEX "EDUQUIZ"."NOMBRE_GRUPOS" ON "EDUQUIZ"."GRUPOS" ("NOMBREGRUPO") 
  PCTFREE 10 INITRANS 2 MAXTRANS 255 COMPUTE STATISTICS 
  STORAGE(INITIAL 65536 NEXT 1048576 MINEXTENTS 1 MAXEXTENTS 2147483645
  PCTINCREASE 0 FREELISTS 1 FREELIST GROUPS 1 BUFFER_POOL DEFAULT FLASH_CACHE DEFAULT CELL_FLASH_CACHE DEFAULT)
  TABLESPACE "TS_INDEX" ;
--------------------------------------------------------
--  DDL for Index NOMBRE_MATERIAS
--------------------------------------------------------

  CREATE INDEX "EDUQUIZ"."NOMBRE_MATERIAS" ON "EDUQUIZ"."MATERIAS" ("NOMBRE") 
  PCTFREE 10 INITRANS 2 MAXTRANS 255 COMPUTE STATISTICS 
  STORAGE(INITIAL 65536 NEXT 1048576 MINEXTENTS 1 MAXEXTENTS 2147483645
  PCTINCREASE 0 FREELISTS 1 FREELIST GROUPS 1 BUFFER_POOL DEFAULT FLASH_CACHE DEFAULT CELL_FLASH_CACHE DEFAULT)
  TABLESPACE "TS_INDEX" ;
--------------------------------------------------------
--  DDL for Index ID_EDIFICIOS
--------------------------------------------------------

  CREATE UNIQUE INDEX "EDUQUIZ"."ID_EDIFICIOS" ON "EDUQUIZ"."EDIFICIOS" ("IDEDIFICIO") 
  PCTFREE 10 INITRANS 2 MAXTRANS 255 COMPUTE STATISTICS 
  STORAGE(INITIAL 65536 NEXT 1048576 MINEXTENTS 1 MAXEXTENTS 2147483645
  PCTINCREASE 0 FREELISTS 1 FREELIST GROUPS 1 BUFFER_POOL DEFAULT FLASH_CACHE DEFAULT CELL_FLASH_CACHE DEFAULT)
  TABLESPACE "TS_INDEX" ;
--------------------------------------------------------
--  DDL for Index NOMBRE_TEMAS
--------------------------------------------------------

  CREATE INDEX "EDUQUIZ"."NOMBRE_TEMAS" ON "EDUQUIZ"."TEMAS" ("NOMBRE") 
  PCTFREE 10 INITRANS 2 MAXTRANS 255 COMPUTE STATISTICS 
  STORAGE(INITIAL 65536 NEXT 1048576 MINEXTENTS 1 MAXEXTENTS 2147483645
  PCTINCREASE 0 FREELISTS 1 FREELIST GROUPS 1 BUFFER_POOL DEFAULT FLASH_CACHE DEFAULT CELL_FLASH_CACHE DEFAULT)
  TABLESPACE "TS_INDEX" ;
--------------------------------------------------------
--  DDL for Index NOMBRE_INSTITUCIONES
--------------------------------------------------------

  CREATE INDEX "EDUQUIZ"."NOMBRE_INSTITUCIONES" ON "EDUQUIZ"."INSTITUCIONES" ("NOMBRENINSTITUCION") 
  PCTFREE 10 INITRANS 2 MAXTRANS 255 COMPUTE STATISTICS 
  STORAGE(INITIAL 65536 NEXT 1048576 MINEXTENTS 1 MAXEXTENTS 2147483645
  PCTINCREASE 0 FREELISTS 1 FREELIST GROUPS 1 BUFFER_POOL DEFAULT FLASH_CACHE DEFAULT CELL_FLASH_CACHE DEFAULT)
  TABLESPACE "TS_INDEX" ;
--------------------------------------------------------
--  DDL for Index ID_INSTITUCIONES
--------------------------------------------------------

  CREATE UNIQUE INDEX "EDUQUIZ"."ID_INSTITUCIONES" ON "EDUQUIZ"."INSTITUCIONES" ("IDINSTITUCION") 
  PCTFREE 10 INITRANS 2 MAXTRANS 255 COMPUTE STATISTICS 
  STORAGE(INITIAL 65536 NEXT 1048576 MINEXTENTS 1 MAXEXTENTS 2147483645
  PCTINCREASE 0 FREELISTS 1 FREELIST GROUPS 1 BUFFER_POOL DEFAULT FLASH_CACHE DEFAULT CELL_FLASH_CACHE DEFAULT)
  TABLESPACE "TS_INDEX" ;
--------------------------------------------------------
--  DDL for Index ID_LUGARES
--------------------------------------------------------

  CREATE UNIQUE INDEX "EDUQUIZ"."ID_LUGARES" ON "EDUQUIZ"."LUGARES" ("IDLUGAR") 
  PCTFREE 10 INITRANS 2 MAXTRANS 255 COMPUTE STATISTICS 
  STORAGE(INITIAL 65536 NEXT 1048576 MINEXTENTS 1 MAXEXTENTS 2147483645
  PCTINCREASE 0 FREELISTS 1 FREELIST GROUPS 1 BUFFER_POOL DEFAULT FLASH_CACHE DEFAULT CELL_FLASH_CACHE DEFAULT)
  TABLESPACE "TS_INDEX" ;
--------------------------------------------------------
--  Constraints for Table GRUPOS
--------------------------------------------------------

  ALTER TABLE "EDUQUIZ"."GRUPOS" ADD CONSTRAINT "GRUPOS_PK" PRIMARY KEY ("IDGRUPO")
  USING INDEX PCTFREE 10 INITRANS 2 MAXTRANS 255 COMPUTE STATISTICS 
  STORAGE(INITIAL 65536 NEXT 1048576 MINEXTENTS 1 MAXEXTENTS 2147483645
  PCTINCREASE 0 FREELISTS 1 FREELIST GROUPS 1 BUFFER_POOL DEFAULT FLASH_CACHE DEFAULT CELL_FLASH_CACHE DEFAULT)
  TABLESPACE "TS_INDEX"  ENABLE;
  ALTER TABLE "EDUQUIZ"."GRUPOS" MODIFY ("IDDOCENTE_TUTOR" NOT NULL ENABLE);
  ALTER TABLE "EDUQUIZ"."GRUPOS" MODIFY ("AÑOACATEMICO" NOT NULL ENABLE);
  ALTER TABLE "EDUQUIZ"."GRUPOS" MODIFY ("NOMBREGRUPO" NOT NULL ENABLE);
  ALTER TABLE "EDUQUIZ"."GRUPOS" MODIFY ("IDGRUPO" NOT NULL ENABLE);
--------------------------------------------------------
--  Constraints for Table TEMAS_EXAMENES
--------------------------------------------------------

  ALTER TABLE "EDUQUIZ"."TEMAS_EXAMENES" ADD CONSTRAINT "TEMAS_EXAMENES_PK" PRIMARY KEY ("IDTEMA_EXAMEN")
  USING INDEX PCTFREE 10 INITRANS 2 MAXTRANS 255 COMPUTE STATISTICS 
  STORAGE(INITIAL 65536 NEXT 1048576 MINEXTENTS 1 MAXEXTENTS 2147483645
  PCTINCREASE 0 FREELISTS 1 FREELIST GROUPS 1 BUFFER_POOL DEFAULT FLASH_CACHE DEFAULT CELL_FLASH_CACHE DEFAULT)
  TABLESPACE "TS_INDEX"  ENABLE;
  ALTER TABLE "EDUQUIZ"."TEMAS_EXAMENES" MODIFY ("IDTEMA" NOT NULL ENABLE);
  ALTER TABLE "EDUQUIZ"."TEMAS_EXAMENES" MODIFY ("IDEXAMENES" NOT NULL ENABLE);
  ALTER TABLE "EDUQUIZ"."TEMAS_EXAMENES" MODIFY ("IDTEMA_EXAMEN" NOT NULL ENABLE);
--------------------------------------------------------
--  Constraints for Table TEMAS
--------------------------------------------------------

  ALTER TABLE "EDUQUIZ"."TEMAS" MODIFY ("DESCRIPCION" NOT NULL ENABLE);
  ALTER TABLE "EDUQUIZ"."TEMAS" MODIFY ("NOMBRE" NOT NULL ENABLE);
  ALTER TABLE "EDUQUIZ"."TEMAS" ADD CONSTRAINT "TEMAS_PK" PRIMARY KEY ("IDTEMA")
  USING INDEX PCTFREE 10 INITRANS 2 MAXTRANS 255 COMPUTE STATISTICS 
  STORAGE(INITIAL 65536 NEXT 1048576 MINEXTENTS 1 MAXEXTENTS 2147483645
  PCTINCREASE 0 FREELISTS 1 FREELIST GROUPS 1 BUFFER_POOL DEFAULT FLASH_CACHE DEFAULT CELL_FLASH_CACHE DEFAULT)
  TABLESPACE "TS_INDEX"  ENABLE;
  ALTER TABLE "EDUQUIZ"."TEMAS" MODIFY ("IDCONTENIDO" NOT NULL ENABLE);
  ALTER TABLE "EDUQUIZ"."TEMAS" MODIFY ("IDTEMA" NOT NULL ENABLE);
--------------------------------------------------------
--  Constraints for Table UNIDADESESTUDIO
--------------------------------------------------------

  ALTER TABLE "EDUQUIZ"."UNIDADESESTUDIO" ADD CONSTRAINT "UNIDADESESTUDIO_PK" PRIMARY KEY ("IDUNIDAD")
  USING INDEX PCTFREE 10 INITRANS 2 MAXTRANS 255 COMPUTE STATISTICS 
  STORAGE(INITIAL 65536 NEXT 1048576 MINEXTENTS 1 MAXEXTENTS 2147483645
  PCTINCREASE 0 FREELISTS 1 FREELIST GROUPS 1 BUFFER_POOL DEFAULT FLASH_CACHE DEFAULT CELL_FLASH_CACHE DEFAULT)
  TABLESPACE "TS_INDEX"  ENABLE;
  ALTER TABLE "EDUQUIZ"."UNIDADESESTUDIO" MODIFY ("IDMATERIA" NOT NULL ENABLE);
  ALTER TABLE "EDUQUIZ"."UNIDADESESTUDIO" MODIFY ("DESCRIPCION" NOT NULL ENABLE);
  ALTER TABLE "EDUQUIZ"."UNIDADESESTUDIO" MODIFY ("NOMBRE_UNIDAD" NOT NULL ENABLE);
  ALTER TABLE "EDUQUIZ"."UNIDADESESTUDIO" MODIFY ("IDUNIDAD" NOT NULL ENABLE);
--------------------------------------------------------
--  Constraints for Table DIAS
--------------------------------------------------------

  ALTER TABLE "EDUQUIZ"."DIAS" ADD CONSTRAINT "DIAS_PK" PRIMARY KEY ("IDDIA")
  USING INDEX PCTFREE 10 INITRANS 2 MAXTRANS 255 COMPUTE STATISTICS 
  STORAGE(INITIAL 65536 NEXT 1048576 MINEXTENTS 1 MAXEXTENTS 2147483645
  PCTINCREASE 0 FREELISTS 1 FREELIST GROUPS 1 BUFFER_POOL DEFAULT FLASH_CACHE DEFAULT CELL_FLASH_CACHE DEFAULT)
  TABLESPACE "TS_INDEX"  ENABLE;
  ALTER TABLE "EDUQUIZ"."DIAS" MODIFY ("DESCRIPCION" NOT NULL ENABLE);
  ALTER TABLE "EDUQUIZ"."DIAS" MODIFY ("IDDIA" NOT NULL ENABLE);
--------------------------------------------------------
--  Constraints for Table BANCOPREGUNTAS
--------------------------------------------------------

  ALTER TABLE "EDUQUIZ"."BANCOPREGUNTAS" ADD CONSTRAINT "BANCOPREGUNTAS_PK" PRIMARY KEY ("IDBANCO")
  USING INDEX PCTFREE 10 INITRANS 2 MAXTRANS 255 COMPUTE STATISTICS 
  STORAGE(INITIAL 65536 NEXT 1048576 MINEXTENTS 1 MAXEXTENTS 2147483645
  PCTINCREASE 0 FREELISTS 1 FREELIST GROUPS 1 BUFFER_POOL DEFAULT FLASH_CACHE DEFAULT CELL_FLASH_CACHE DEFAULT)
  TABLESPACE "SYSTEM"  ENABLE;
  ALTER TABLE "EDUQUIZ"."BANCOPREGUNTAS" MODIFY ("EXAMENES_IDEXAMENEN" NOT NULL ENABLE);
  ALTER TABLE "EDUQUIZ"."BANCOPREGUNTAS" MODIFY ("PREGUNTAS_IDPREGUNTA" NOT NULL ENABLE);
  ALTER TABLE "EDUQUIZ"."BANCOPREGUNTAS" MODIFY ("IDBANCO" NOT NULL ENABLE);
--------------------------------------------------------
--  Constraints for Table ASIGNACIONES_PREGUNTAS
--------------------------------------------------------

  ALTER TABLE "EDUQUIZ"."ASIGNACIONES_PREGUNTAS" ADD CONSTRAINT "ASIGNACIONES_PREGUNTAS_PK" PRIMARY KEY ("IDASIGNACION")
  USING INDEX PCTFREE 10 INITRANS 2 MAXTRANS 255 COMPUTE STATISTICS 
  STORAGE(INITIAL 65536 NEXT 1048576 MINEXTENTS 1 MAXEXTENTS 2147483645
  PCTINCREASE 0 FREELISTS 1 FREELIST GROUPS 1 BUFFER_POOL DEFAULT FLASH_CACHE DEFAULT CELL_FLASH_CACHE DEFAULT)
  TABLESPACE "TS_INDEX"  ENABLE;
  ALTER TABLE "EDUQUIZ"."ASIGNACIONES_PREGUNTAS" MODIFY ("IDPREGUNTAS" NOT NULL ENABLE);
  ALTER TABLE "EDUQUIZ"."ASIGNACIONES_PREGUNTAS" MODIFY ("IDESTUDIANTE" NOT NULL ENABLE);
  ALTER TABLE "EDUQUIZ"."ASIGNACIONES_PREGUNTAS" MODIFY ("IDASIGNACION" NOT NULL ENABLE);
--------------------------------------------------------
--  Constraints for Table TIPOSPREGUNTAS
--------------------------------------------------------

  ALTER TABLE "EDUQUIZ"."TIPOSPREGUNTAS" ADD CONSTRAINT "TIPOSPREGUNTAS_PK" PRIMARY KEY ("IDTIPOPREGUNTA")
  USING INDEX PCTFREE 10 INITRANS 2 MAXTRANS 255 COMPUTE STATISTICS 
  STORAGE(INITIAL 65536 NEXT 1048576 MINEXTENTS 1 MAXEXTENTS 2147483645
  PCTINCREASE 0 FREELISTS 1 FREELIST GROUPS 1 BUFFER_POOL DEFAULT FLASH_CACHE DEFAULT CELL_FLASH_CACHE DEFAULT)
  TABLESPACE "TS_INDEX"  ENABLE;
  ALTER TABLE "EDUQUIZ"."TIPOSPREGUNTAS" MODIFY ("DESCRIPCION" NOT NULL ENABLE);
  ALTER TABLE "EDUQUIZ"."TIPOSPREGUNTAS" MODIFY ("IDTIPOPREGUNTA" NOT NULL ENABLE);
--------------------------------------------------------
--  Constraints for Table PREGUNTAS
--------------------------------------------------------

  ALTER TABLE "EDUQUIZ"."PREGUNTAS" ADD CONSTRAINT "PREGUNTAS_PK" PRIMARY KEY ("IDPREGUNTA")
  USING INDEX PCTFREE 10 INITRANS 2 MAXTRANS 255 COMPUTE STATISTICS 
  STORAGE(INITIAL 65536 NEXT 1048576 MINEXTENTS 1 MAXEXTENTS 2147483645
  PCTINCREASE 0 FREELISTS 1 FREELIST GROUPS 1 BUFFER_POOL DEFAULT FLASH_CACHE DEFAULT CELL_FLASH_CACHE DEFAULT)
  TABLESPACE "TS_INDEX"  ENABLE;
  ALTER TABLE "EDUQUIZ"."PREGUNTAS" MODIFY ("IDTIPOPREGUNTA" NOT NULL ENABLE);
  ALTER TABLE "EDUQUIZ"."PREGUNTAS" MODIFY ("IDESTADO" NOT NULL ENABLE);
  ALTER TABLE "EDUQUIZ"."PREGUNTAS" MODIFY ("IDTEMA" NOT NULL ENABLE);
  ALTER TABLE "EDUQUIZ"."PREGUNTAS" MODIFY ("ENUNCIADO" NOT NULL ENABLE);
  ALTER TABLE "EDUQUIZ"."PREGUNTAS" MODIFY ("IDPREGUNTA" NOT NULL ENABLE);
--------------------------------------------------------
--  Constraints for Table ESTUDIANTES
--------------------------------------------------------

  ALTER TABLE "EDUQUIZ"."ESTUDIANTES" ADD CONSTRAINT "ESTUDIANTES_PK" PRIMARY KEY ("IDESTUDIANTE")
  USING INDEX PCTFREE 10 INITRANS 2 MAXTRANS 255 COMPUTE STATISTICS 
  STORAGE(INITIAL 65536 NEXT 1048576 MINEXTENTS 1 MAXEXTENTS 2147483645
  PCTINCREASE 0 FREELISTS 1 FREELIST GROUPS 1 BUFFER_POOL DEFAULT FLASH_CACHE DEFAULT CELL_FLASH_CACHE DEFAULT)
  TABLESPACE "TS_INDEX"  ENABLE;
  ALTER TABLE "EDUQUIZ"."ESTUDIANTES" MODIFY ("IDGRUPO" NOT NULL ENABLE);
  ALTER TABLE "EDUQUIZ"."ESTUDIANTES" MODIFY ("IDCURSO" NOT NULL ENABLE);
  ALTER TABLE "EDUQUIZ"."ESTUDIANTES" MODIFY ("PASSWORD" NOT NULL ENABLE);
  ALTER TABLE "EDUQUIZ"."ESTUDIANTES" MODIFY ("EMAIL" NOT NULL ENABLE);
  ALTER TABLE "EDUQUIZ"."ESTUDIANTES" MODIFY ("USUARIO" NOT NULL ENABLE);
  ALTER TABLE "EDUQUIZ"."ESTUDIANTES" MODIFY ("APELLIDO" NOT NULL ENABLE);
  ALTER TABLE "EDUQUIZ"."ESTUDIANTES" MODIFY ("NOMBRE" NOT NULL ENABLE);
  ALTER TABLE "EDUQUIZ"."ESTUDIANTES" MODIFY ("IDESTUDIANTE" NOT NULL ENABLE);
--------------------------------------------------------
--  Constraints for Table CURSOS
--------------------------------------------------------

  ALTER TABLE "EDUQUIZ"."CURSOS" ADD CONSTRAINT "CURSOS_PK" PRIMARY KEY ("IDCURSO")
  USING INDEX PCTFREE 10 INITRANS 2 MAXTRANS 255 COMPUTE STATISTICS 
  STORAGE(INITIAL 65536 NEXT 1048576 MINEXTENTS 1 MAXEXTENTS 2147483645
  PCTINCREASE 0 FREELISTS 1 FREELIST GROUPS 1 BUFFER_POOL DEFAULT FLASH_CACHE DEFAULT CELL_FLASH_CACHE DEFAULT)
  TABLESPACE "TS_INDEX"  ENABLE;
  ALTER TABLE "EDUQUIZ"."CURSOS" MODIFY ("IDMATERIA" NOT NULL ENABLE);
  ALTER TABLE "EDUQUIZ"."CURSOS" MODIFY ("IDDOCENTE" NOT NULL ENABLE);
  ALTER TABLE "EDUQUIZ"."CURSOS" MODIFY ("IDCURSO" NOT NULL ENABLE);
--------------------------------------------------------
--  Constraints for Table DOCENTES
--------------------------------------------------------

  ALTER TABLE "EDUQUIZ"."DOCENTES" ADD CONSTRAINT "DOCENTES_PK" PRIMARY KEY ("IDDOCENTE")
  USING INDEX PCTFREE 10 INITRANS 2 MAXTRANS 255 COMPUTE STATISTICS 
  STORAGE(INITIAL 65536 NEXT 1048576 MINEXTENTS 1 MAXEXTENTS 2147483645
  PCTINCREASE 0 FREELISTS 1 FREELIST GROUPS 1 BUFFER_POOL DEFAULT FLASH_CACHE DEFAULT CELL_FLASH_CACHE DEFAULT)
  TABLESPACE "TS_INDEX"  ENABLE;
  ALTER TABLE "EDUQUIZ"."DOCENTES" MODIFY ("IDINSTITUCION" NOT NULL ENABLE);
  ALTER TABLE "EDUQUIZ"."DOCENTES" MODIFY ("PASSWORD" NOT NULL ENABLE);
  ALTER TABLE "EDUQUIZ"."DOCENTES" MODIFY ("CORREO_ELECTRONICO" NOT NULL ENABLE);
  ALTER TABLE "EDUQUIZ"."DOCENTES" MODIFY ("USUARIO" NOT NULL ENABLE);
  ALTER TABLE "EDUQUIZ"."DOCENTES" MODIFY ("APELLIDO" NOT NULL ENABLE);
  ALTER TABLE "EDUQUIZ"."DOCENTES" MODIFY ("NOMBRE" NOT NULL ENABLE);
  ALTER TABLE "EDUQUIZ"."DOCENTES" MODIFY ("IDDOCENTE" NOT NULL ENABLE);
--------------------------------------------------------
--  Constraints for Table ASIGNACION_DIAS
--------------------------------------------------------

  ALTER TABLE "EDUQUIZ"."ASIGNACION_DIAS" ADD CONSTRAINT "ASIGNACION_DIAS_PK" PRIMARY KEY ("IDASIGNACIONDIA")
  USING INDEX PCTFREE 10 INITRANS 2 MAXTRANS 255 COMPUTE STATISTICS 
  STORAGE(INITIAL 65536 NEXT 1048576 MINEXTENTS 1 MAXEXTENTS 2147483645
  PCTINCREASE 0 FREELISTS 1 FREELIST GROUPS 1 BUFFER_POOL DEFAULT FLASH_CACHE DEFAULT CELL_FLASH_CACHE DEFAULT)
  TABLESPACE "TS_INDEX"  ENABLE;
  ALTER TABLE "EDUQUIZ"."ASIGNACION_DIAS" MODIFY ("IDLUGAR" NOT NULL ENABLE);
  ALTER TABLE "EDUQUIZ"."ASIGNACION_DIAS" MODIFY ("IDCURSO" NOT NULL ENABLE);
  ALTER TABLE "EDUQUIZ"."ASIGNACION_DIAS" MODIFY ("IDDIA" NOT NULL ENABLE);
  ALTER TABLE "EDUQUIZ"."ASIGNACION_DIAS" MODIFY ("IDASIGNACIONDIA" NOT NULL ENABLE);
--------------------------------------------------------
--  Constraints for Table SALONES
--------------------------------------------------------

  ALTER TABLE "EDUQUIZ"."SALONES" ADD CONSTRAINT "SALONES_PK" PRIMARY KEY ("IDSALON")
  USING INDEX PCTFREE 10 INITRANS 2 MAXTRANS 255 COMPUTE STATISTICS 
  STORAGE(INITIAL 65536 NEXT 1048576 MINEXTENTS 1 MAXEXTENTS 2147483645
  PCTINCREASE 0 FREELISTS 1 FREELIST GROUPS 1 BUFFER_POOL DEFAULT FLASH_CACHE DEFAULT CELL_FLASH_CACHE DEFAULT)
  TABLESPACE "TS_INDEX"  ENABLE;
  ALTER TABLE "EDUQUIZ"."SALONES" MODIFY ("IDSALON" NOT NULL ENABLE);
--------------------------------------------------------
--  Constraints for Table ESTADOS
--------------------------------------------------------

  ALTER TABLE "EDUQUIZ"."ESTADOS" ADD CONSTRAINT "ESTADOS_PK" PRIMARY KEY ("IDESTADO")
  USING INDEX PCTFREE 10 INITRANS 2 MAXTRANS 255 COMPUTE STATISTICS 
  STORAGE(INITIAL 65536 NEXT 1048576 MINEXTENTS 1 MAXEXTENTS 2147483645
  PCTINCREASE 0 FREELISTS 1 FREELIST GROUPS 1 BUFFER_POOL DEFAULT FLASH_CACHE DEFAULT CELL_FLASH_CACHE DEFAULT)
  TABLESPACE "TS_INDEX"  ENABLE;
  ALTER TABLE "EDUQUIZ"."ESTADOS" MODIFY ("IDESTADO" NOT NULL ENABLE);
--------------------------------------------------------
--  Constraints for Table ASIGNACIONES_ESTUDIANTES
--------------------------------------------------------

  ALTER TABLE "EDUQUIZ"."ASIGNACIONES_ESTUDIANTES" ADD CONSTRAINT "ASIGNACIONES_ESTUDIANTES_PK" PRIMARY KEY ("IDASIGNACION")
  USING INDEX PCTFREE 10 INITRANS 2 MAXTRANS 255 COMPUTE STATISTICS 
  STORAGE(INITIAL 65536 NEXT 1048576 MINEXTENTS 1 MAXEXTENTS 2147483645
  PCTINCREASE 0 FREELISTS 1 FREELIST GROUPS 1 BUFFER_POOL DEFAULT FLASH_CACHE DEFAULT CELL_FLASH_CACHE DEFAULT)
  TABLESPACE "TS_INDEX"  ENABLE;
  ALTER TABLE "EDUQUIZ"."ASIGNACIONES_ESTUDIANTES" MODIFY ("NOTA" NOT NULL ENABLE);
  ALTER TABLE "EDUQUIZ"."ASIGNACIONES_ESTUDIANTES" MODIFY ("FECHA_ASIGNACION" NOT NULL ENABLE);
  ALTER TABLE "EDUQUIZ"."ASIGNACIONES_ESTUDIANTES" MODIFY ("HORA_FIN" NOT NULL ENABLE);
  ALTER TABLE "EDUQUIZ"."ASIGNACIONES_ESTUDIANTES" MODIFY ("HORA_INICIO" NOT NULL ENABLE);
  ALTER TABLE "EDUQUIZ"."ASIGNACIONES_ESTUDIANTES" MODIFY ("IDEXAMENES" NOT NULL ENABLE);
  ALTER TABLE "EDUQUIZ"."ASIGNACIONES_ESTUDIANTES" MODIFY ("IDESTUDIANTE" NOT NULL ENABLE);
  ALTER TABLE "EDUQUIZ"."ASIGNACIONES_ESTUDIANTES" MODIFY ("IDASIGNACION" NOT NULL ENABLE);
--------------------------------------------------------
--  Constraints for Table HORARIOS
--------------------------------------------------------

  ALTER TABLE "EDUQUIZ"."HORARIOS" ADD CONSTRAINT "HORARIOS_PK" PRIMARY KEY ("IDHORARIO")
  USING INDEX PCTFREE 10 INITRANS 2 MAXTRANS 255 COMPUTE STATISTICS 
  STORAGE(INITIAL 65536 NEXT 1048576 MINEXTENTS 1 MAXEXTENTS 2147483645
  PCTINCREASE 0 FREELISTS 1 FREELIST GROUPS 1 BUFFER_POOL DEFAULT FLASH_CACHE DEFAULT CELL_FLASH_CACHE DEFAULT)
  TABLESPACE "TS_INDEX"  ENABLE;
  ALTER TABLE "EDUQUIZ"."HORARIOS" MODIFY ("IDASIGNACIONDIA" NOT NULL ENABLE);
  ALTER TABLE "EDUQUIZ"."HORARIOS" MODIFY ("HORA_FIN" NOT NULL ENABLE);
  ALTER TABLE "EDUQUIZ"."HORARIOS" MODIFY ("HORA_INICIO" NOT NULL ENABLE);
  ALTER TABLE "EDUQUIZ"."HORARIOS" MODIFY ("IDHORARIO" NOT NULL ENABLE);
--------------------------------------------------------
--  Constraints for Table MATERIAS
--------------------------------------------------------

  ALTER TABLE "EDUQUIZ"."MATERIAS" ADD CONSTRAINT "MATERIAS_PK" PRIMARY KEY ("IDMATERIA")
  USING INDEX PCTFREE 10 INITRANS 2 MAXTRANS 255 COMPUTE STATISTICS 
  STORAGE(INITIAL 65536 NEXT 1048576 MINEXTENTS 1 MAXEXTENTS 2147483645
  PCTINCREASE 0 FREELISTS 1 FREELIST GROUPS 1 BUFFER_POOL DEFAULT FLASH_CACHE DEFAULT CELL_FLASH_CACHE DEFAULT)
  TABLESPACE "TS_INDEX"  ENABLE;
  ALTER TABLE "EDUQUIZ"."MATERIAS" MODIFY ("DESCRIPCION" NOT NULL ENABLE);
  ALTER TABLE "EDUQUIZ"."MATERIAS" MODIFY ("NOMBRE" NOT NULL ENABLE);
  ALTER TABLE "EDUQUIZ"."MATERIAS" MODIFY ("IDMATERIA" NOT NULL ENABLE);
--------------------------------------------------------
--  Constraints for Table INSTITUCIONES
--------------------------------------------------------

  ALTER TABLE "EDUQUIZ"."INSTITUCIONES" ADD CONSTRAINT "INSTITUCIONES_PK" PRIMARY KEY ("IDINSTITUCION")
  USING INDEX PCTFREE 10 INITRANS 2 MAXTRANS 255 COMPUTE STATISTICS 
  STORAGE(INITIAL 65536 NEXT 1048576 MINEXTENTS 1 MAXEXTENTS 2147483645
  PCTINCREASE 0 FREELISTS 1 FREELIST GROUPS 1 BUFFER_POOL DEFAULT FLASH_CACHE DEFAULT CELL_FLASH_CACHE DEFAULT)
  TABLESPACE "TS_INDEX"  ENABLE;
  ALTER TABLE "EDUQUIZ"."INSTITUCIONES" MODIFY ("NOMBRENINSTITUCION" NOT NULL ENABLE);
  ALTER TABLE "EDUQUIZ"."INSTITUCIONES" MODIFY ("IDINSTITUCION" NOT NULL ENABLE);
--------------------------------------------------------
--  Constraints for Table RESPUESTAS_ESTUDIANTES
--------------------------------------------------------

  ALTER TABLE "EDUQUIZ"."RESPUESTAS_ESTUDIANTES" ADD CONSTRAINT "RESPUESTAS_ESTUDIANTES_PK" PRIMARY KEY ("IDRESPUESTAESTUDIANTE")
  USING INDEX PCTFREE 10 INITRANS 2 MAXTRANS 255 COMPUTE STATISTICS 
  STORAGE(INITIAL 65536 NEXT 1048576 MINEXTENTS 1 MAXEXTENTS 2147483645
  PCTINCREASE 0 FREELISTS 1 FREELIST GROUPS 1 BUFFER_POOL DEFAULT FLASH_CACHE DEFAULT CELL_FLASH_CACHE DEFAULT)
  TABLESPACE "TS_INDEX"  ENABLE;
  ALTER TABLE "EDUQUIZ"."RESPUESTAS_ESTUDIANTES" MODIFY ("IDRESPUESTA" NOT NULL ENABLE);
  ALTER TABLE "EDUQUIZ"."RESPUESTAS_ESTUDIANTES" MODIFY ("IDPREGUNTAS" NOT NULL ENABLE);
  ALTER TABLE "EDUQUIZ"."RESPUESTAS_ESTUDIANTES" MODIFY ("IDEXAMENES" NOT NULL ENABLE);
  ALTER TABLE "EDUQUIZ"."RESPUESTAS_ESTUDIANTES" MODIFY ("IDESTUDIANTE" NOT NULL ENABLE);
  ALTER TABLE "EDUQUIZ"."RESPUESTAS_ESTUDIANTES" MODIFY ("IDRESPUESTAESTUDIANTE" NOT NULL ENABLE);
--------------------------------------------------------
--  Constraints for Table CONTENIDOS
--------------------------------------------------------

  ALTER TABLE "EDUQUIZ"."CONTENIDOS" ADD CONSTRAINT "CONTENIDOS_PK" PRIMARY KEY ("IDCONTENIDO")
  USING INDEX PCTFREE 10 INITRANS 2 MAXTRANS 255 COMPUTE STATISTICS 
  STORAGE(INITIAL 65536 NEXT 1048576 MINEXTENTS 1 MAXEXTENTS 2147483645
  PCTINCREASE 0 FREELISTS 1 FREELIST GROUPS 1 BUFFER_POOL DEFAULT FLASH_CACHE DEFAULT CELL_FLASH_CACHE DEFAULT)
  TABLESPACE "TS_INDEX"  ENABLE;
  ALTER TABLE "EDUQUIZ"."CONTENIDOS" MODIFY ("IDUNIDAD" NOT NULL ENABLE);
  ALTER TABLE "EDUQUIZ"."CONTENIDOS" MODIFY ("DESCRICONTENIDO" NOT NULL ENABLE);
  ALTER TABLE "EDUQUIZ"."CONTENIDOS" MODIFY ("IDCONTENIDO" NOT NULL ENABLE);
--------------------------------------------------------
--  Constraints for Table LUGARES
--------------------------------------------------------

  ALTER TABLE "EDUQUIZ"."LUGARES" ADD CONSTRAINT "LUGARES_PK" PRIMARY KEY ("IDLUGAR")
  USING INDEX PCTFREE 10 INITRANS 2 MAXTRANS 255 COMPUTE STATISTICS 
  STORAGE(INITIAL 65536 NEXT 1048576 MINEXTENTS 1 MAXEXTENTS 2147483645
  PCTINCREASE 0 FREELISTS 1 FREELIST GROUPS 1 BUFFER_POOL DEFAULT FLASH_CACHE DEFAULT CELL_FLASH_CACHE DEFAULT)
  TABLESPACE "TS_INDEX"  ENABLE;
  ALTER TABLE "EDUQUIZ"."LUGARES" MODIFY ("IDSALON" NOT NULL ENABLE);
  ALTER TABLE "EDUQUIZ"."LUGARES" MODIFY ("IDEDIFICIO" NOT NULL ENABLE);
  ALTER TABLE "EDUQUIZ"."LUGARES" MODIFY ("IDLUGAR" NOT NULL ENABLE);
--------------------------------------------------------
--  Constraints for Table RESPUESTAS
--------------------------------------------------------

  ALTER TABLE "EDUQUIZ"."RESPUESTAS" ADD CONSTRAINT "RESPUESTAS_PK" PRIMARY KEY ("IDRESPUESTA")
  USING INDEX PCTFREE 10 INITRANS 2 MAXTRANS 255 COMPUTE STATISTICS 
  STORAGE(INITIAL 65536 NEXT 1048576 MINEXTENTS 1 MAXEXTENTS 2147483645
  PCTINCREASE 0 FREELISTS 1 FREELIST GROUPS 1 BUFFER_POOL DEFAULT FLASH_CACHE DEFAULT CELL_FLASH_CACHE DEFAULT)
  TABLESPACE "TS_INDEX"  ENABLE;
  ALTER TABLE "EDUQUIZ"."RESPUESTAS" MODIFY ("IDPREGUNTAS" NOT NULL ENABLE);
  ALTER TABLE "EDUQUIZ"."RESPUESTAS" MODIFY ("CORRECTA" NOT NULL ENABLE);
  ALTER TABLE "EDUQUIZ"."RESPUESTAS" MODIFY ("OPCIONRESPUESTA" NOT NULL ENABLE);
  ALTER TABLE "EDUQUIZ"."RESPUESTAS" MODIFY ("IDRESPUESTA" NOT NULL ENABLE);
--------------------------------------------------------
--  Constraints for Table EXAMENES
--------------------------------------------------------

  ALTER TABLE "EDUQUIZ"."EXAMENES" MODIFY ("IDCURSO" NOT NULL ENABLE);
  ALTER TABLE "EDUQUIZ"."EXAMENES" MODIFY ("IDHORARIO" NOT NULL ENABLE);
  ALTER TABLE "EDUQUIZ"."EXAMENES" MODIFY ("CALIFICACION" NOT NULL ENABLE);
  ALTER TABLE "EDUQUIZ"."EXAMENES" MODIFY ("DURACIONEXAMEN" NOT NULL ENABLE);
  ALTER TABLE "EDUQUIZ"."EXAMENES" MODIFY ("FECHAYHORACREACION" NOT NULL ENABLE);
  ALTER TABLE "EDUQUIZ"."EXAMENES" MODIFY ("TITULO" NOT NULL ENABLE);
  ALTER TABLE "EDUQUIZ"."EXAMENES" MODIFY ("IDEXAMENEN" NOT NULL ENABLE);
  ALTER TABLE "EDUQUIZ"."EXAMENES" ADD CONSTRAINT "EXAMENES_PK" PRIMARY KEY ("IDEXAMENEN")
  USING INDEX PCTFREE 10 INITRANS 2 MAXTRANS 255 COMPUTE STATISTICS 
  STORAGE(INITIAL 65536 NEXT 1048576 MINEXTENTS 1 MAXEXTENTS 2147483645
  PCTINCREASE 0 FREELISTS 1 FREELIST GROUPS 1 BUFFER_POOL DEFAULT FLASH_CACHE DEFAULT CELL_FLASH_CACHE DEFAULT)
  TABLESPACE "TS_INDEX"  ENABLE;
--------------------------------------------------------
--  Constraints for Table EDIFICIOS
--------------------------------------------------------

  ALTER TABLE "EDUQUIZ"."EDIFICIOS" ADD CONSTRAINT "EDIFICIOS_PK" PRIMARY KEY ("IDEDIFICIO")
  USING INDEX PCTFREE 10 INITRANS 2 MAXTRANS 255 COMPUTE STATISTICS 
  STORAGE(INITIAL 65536 NEXT 1048576 MINEXTENTS 1 MAXEXTENTS 2147483645
  PCTINCREASE 0 FREELISTS 1 FREELIST GROUPS 1 BUFFER_POOL DEFAULT FLASH_CACHE DEFAULT CELL_FLASH_CACHE DEFAULT)
  TABLESPACE "TS_INDEX"  ENABLE;
  ALTER TABLE "EDUQUIZ"."EDIFICIOS" MODIFY ("DESCRIPCION" NOT NULL ENABLE);
  ALTER TABLE "EDUQUIZ"."EDIFICIOS" MODIFY ("IDEDIFICIO" NOT NULL ENABLE);
--------------------------------------------------------
--  Ref Constraints for Table ASIGNACION_DIAS
--------------------------------------------------------

  ALTER TABLE "EDUQUIZ"."ASIGNACION_DIAS" ADD CONSTRAINT "ASIGNACION_DIAS_CURSOS_FK" FOREIGN KEY ("IDCURSO")
	  REFERENCES "EDUQUIZ"."CURSOS" ("IDCURSO") ENABLE;
  ALTER TABLE "EDUQUIZ"."ASIGNACION_DIAS" ADD CONSTRAINT "ASIGNACION_DIAS_DIAS_FK" FOREIGN KEY ("IDDIA")
	  REFERENCES "EDUQUIZ"."DIAS" ("IDDIA") ENABLE;
  ALTER TABLE "EDUQUIZ"."ASIGNACION_DIAS" ADD CONSTRAINT "ASIGNACION_DIAS_LUGARES_FK" FOREIGN KEY ("IDLUGAR")
	  REFERENCES "EDUQUIZ"."LUGARES" ("IDLUGAR") ENABLE;
--------------------------------------------------------
--  Ref Constraints for Table ASIGNACIONES_ESTUDIANTES
--------------------------------------------------------

  ALTER TABLE "EDUQUIZ"."ASIGNACIONES_ESTUDIANTES" ADD CONSTRAINT "ASIG_ESTUD_ESTUD_FK" FOREIGN KEY ("IDESTUDIANTE")
	  REFERENCES "EDUQUIZ"."ESTUDIANTES" ("IDESTUDIANTE") ENABLE;
  ALTER TABLE "EDUQUIZ"."ASIGNACIONES_ESTUDIANTES" ADD CONSTRAINT "ASIG_ESTUD_EXAM_FK" FOREIGN KEY ("IDEXAMENES")
	  REFERENCES "EDUQUIZ"."EXAMENES" ("IDEXAMENEN") ENABLE;
--------------------------------------------------------
--  Ref Constraints for Table ASIGNACIONES_PREGUNTAS
--------------------------------------------------------

  ALTER TABLE "EDUQUIZ"."ASIGNACIONES_PREGUNTAS" ADD CONSTRAINT "ASIG_PREG_ESTUD_FK" FOREIGN KEY ("IDESTUDIANTE")
	  REFERENCES "EDUQUIZ"."ESTUDIANTES" ("IDESTUDIANTE") ENABLE;
  ALTER TABLE "EDUQUIZ"."ASIGNACIONES_PREGUNTAS" ADD CONSTRAINT "ASIG_PREG_PREG_FK" FOREIGN KEY ("IDPREGUNTAS")
	  REFERENCES "EDUQUIZ"."PREGUNTAS" ("IDPREGUNTA") ENABLE;
--------------------------------------------------------
--  Ref Constraints for Table BANCOPREGUNTAS
--------------------------------------------------------

  ALTER TABLE "EDUQUIZ"."BANCOPREGUNTAS" ADD CONSTRAINT "BANCOPREGUNTAS_EXAMENES_FK" FOREIGN KEY ("EXAMENES_IDEXAMENEN")
	  REFERENCES "EDUQUIZ"."EXAMENES" ("IDEXAMENEN") ENABLE;
  ALTER TABLE "EDUQUIZ"."BANCOPREGUNTAS" ADD CONSTRAINT "BANCOPREGUNTAS_PREGUNTAS_FK" FOREIGN KEY ("PREGUNTAS_IDPREGUNTA")
	  REFERENCES "EDUQUIZ"."PREGUNTAS" ("IDPREGUNTA") ENABLE;
--------------------------------------------------------
--  Ref Constraints for Table CONTENIDOS
--------------------------------------------------------

  ALTER TABLE "EDUQUIZ"."CONTENIDOS" ADD CONSTRAINT "CONTENIDOS_UNIDADESESTUDIO_FK" FOREIGN KEY ("IDUNIDAD")
	  REFERENCES "EDUQUIZ"."UNIDADESESTUDIO" ("IDUNIDAD") ENABLE;
--------------------------------------------------------
--  Ref Constraints for Table CURSOS
--------------------------------------------------------

  ALTER TABLE "EDUQUIZ"."CURSOS" ADD CONSTRAINT "CURSOS_DOCENTES_FK" FOREIGN KEY ("IDDOCENTE")
	  REFERENCES "EDUQUIZ"."DOCENTES" ("IDDOCENTE") ENABLE;
  ALTER TABLE "EDUQUIZ"."CURSOS" ADD CONSTRAINT "CURSOS_MATERIAS_FK" FOREIGN KEY ("IDMATERIA")
	  REFERENCES "EDUQUIZ"."MATERIAS" ("IDMATERIA") ENABLE;
--------------------------------------------------------
--  Ref Constraints for Table DOCENTES
--------------------------------------------------------

  ALTER TABLE "EDUQUIZ"."DOCENTES" ADD CONSTRAINT "DOCENTES_INSTITUCIONES_FK" FOREIGN KEY ("IDINSTITUCION")
	  REFERENCES "EDUQUIZ"."INSTITUCIONES" ("IDINSTITUCION") ENABLE;
--------------------------------------------------------
--  Ref Constraints for Table ESTUDIANTES
--------------------------------------------------------

  ALTER TABLE "EDUQUIZ"."ESTUDIANTES" ADD CONSTRAINT "ESTUDIANTES_CURSOS_FK" FOREIGN KEY ("IDCURSO")
	  REFERENCES "EDUQUIZ"."CURSOS" ("IDCURSO") ENABLE;
  ALTER TABLE "EDUQUIZ"."ESTUDIANTES" ADD CONSTRAINT "ESTUDIANTES_GRUPOS_FK" FOREIGN KEY ("IDGRUPO")
	  REFERENCES "EDUQUIZ"."GRUPOS" ("IDGRUPO") ENABLE;
--------------------------------------------------------
--  Ref Constraints for Table EXAMENES
--------------------------------------------------------

  ALTER TABLE "EDUQUIZ"."EXAMENES" ADD CONSTRAINT "EXAMENES_CURSOS_FK" FOREIGN KEY ("IDCURSO")
	  REFERENCES "EDUQUIZ"."CURSOS" ("IDCURSO") ENABLE;
  ALTER TABLE "EDUQUIZ"."EXAMENES" ADD CONSTRAINT "EXAMENES_HORARIOS_FK" FOREIGN KEY ("IDHORARIO")
	  REFERENCES "EDUQUIZ"."HORARIOS" ("IDHORARIO") ENABLE;
--------------------------------------------------------
--  Ref Constraints for Table GRUPOS
--------------------------------------------------------

  ALTER TABLE "EDUQUIZ"."GRUPOS" ADD CONSTRAINT "GRUPOS_DOCENTES_FK" FOREIGN KEY ("IDDOCENTE_TUTOR")
	  REFERENCES "EDUQUIZ"."DOCENTES" ("IDDOCENTE") ENABLE;
--------------------------------------------------------
--  Ref Constraints for Table HORARIOS
--------------------------------------------------------

  ALTER TABLE "EDUQUIZ"."HORARIOS" ADD CONSTRAINT "HORARIOS_ASIGNACION_DIAS_FK" FOREIGN KEY ("IDASIGNACIONDIA")
	  REFERENCES "EDUQUIZ"."ASIGNACION_DIAS" ("IDASIGNACIONDIA") ENABLE;
--------------------------------------------------------
--  Ref Constraints for Table LUGARES
--------------------------------------------------------

  ALTER TABLE "EDUQUIZ"."LUGARES" ADD CONSTRAINT "LUGARES_EDIFICIOS_FK" FOREIGN KEY ("IDEDIFICIO")
	  REFERENCES "EDUQUIZ"."EDIFICIOS" ("IDEDIFICIO") ENABLE;
  ALTER TABLE "EDUQUIZ"."LUGARES" ADD CONSTRAINT "LUGARES_SALONES_FK" FOREIGN KEY ("IDSALON")
	  REFERENCES "EDUQUIZ"."SALONES" ("IDSALON") ENABLE;
--------------------------------------------------------
--  Ref Constraints for Table PREGUNTAS
--------------------------------------------------------

  ALTER TABLE "EDUQUIZ"."PREGUNTAS" ADD CONSTRAINT "PREGUNTAS_ESTADOS_FK" FOREIGN KEY ("IDESTADO")
	  REFERENCES "EDUQUIZ"."ESTADOS" ("IDESTADO") ENABLE;
  ALTER TABLE "EDUQUIZ"."PREGUNTAS" ADD CONSTRAINT "PREGUNTAS_TEMAS_FK" FOREIGN KEY ("IDTEMA")
	  REFERENCES "EDUQUIZ"."TEMAS" ("IDTEMA") ENABLE;
  ALTER TABLE "EDUQUIZ"."PREGUNTAS" ADD CONSTRAINT "PREGUNTAS_TIPOSPREGUNTAS_FK" FOREIGN KEY ("IDTIPOPREGUNTA")
	  REFERENCES "EDUQUIZ"."TIPOSPREGUNTAS" ("IDTIPOPREGUNTA") ENABLE;
--------------------------------------------------------
--  Ref Constraints for Table RESPUESTAS
--------------------------------------------------------

  ALTER TABLE "EDUQUIZ"."RESPUESTAS" ADD CONSTRAINT "RESPUESTAS_PREGUNTAS_FK" FOREIGN KEY ("IDPREGUNTAS")
	  REFERENCES "EDUQUIZ"."PREGUNTAS" ("IDPREGUNTA") ENABLE;
--------------------------------------------------------
--  Ref Constraints for Table RESPUESTAS_ESTUDIANTES
--------------------------------------------------------

  ALTER TABLE "EDUQUIZ"."RESPUESTAS_ESTUDIANTES" ADD CONSTRAINT "RESP_ESTUD_ESTUD_FK" FOREIGN KEY ("IDESTUDIANTE")
	  REFERENCES "EDUQUIZ"."ESTUDIANTES" ("IDESTUDIANTE") ENABLE;
  ALTER TABLE "EDUQUIZ"."RESPUESTAS_ESTUDIANTES" ADD CONSTRAINT "RESP_ESTUD_EXAM_FK" FOREIGN KEY ("IDEXAMENES")
	  REFERENCES "EDUQUIZ"."EXAMENES" ("IDEXAMENEN") ENABLE;
  ALTER TABLE "EDUQUIZ"."RESPUESTAS_ESTUDIANTES" ADD CONSTRAINT "RESP_ESTUD_PREG_FK" FOREIGN KEY ("IDPREGUNTAS")
	  REFERENCES "EDUQUIZ"."PREGUNTAS" ("IDPREGUNTA") ENABLE;
  ALTER TABLE "EDUQUIZ"."RESPUESTAS_ESTUDIANTES" ADD CONSTRAINT "RESP_ESTUD_RESP_FK" FOREIGN KEY ("IDRESPUESTA")
	  REFERENCES "EDUQUIZ"."RESPUESTAS" ("IDRESPUESTA") ENABLE;
--------------------------------------------------------
--  Ref Constraints for Table TEMAS
--------------------------------------------------------

  ALTER TABLE "EDUQUIZ"."TEMAS" ADD CONSTRAINT "TEMAS_CONTENIDOS_FK" FOREIGN KEY ("IDCONTENIDO")
	  REFERENCES "EDUQUIZ"."CONTENIDOS" ("IDCONTENIDO") ENABLE;
--------------------------------------------------------
--  Ref Constraints for Table TEMAS_EXAMENES
--------------------------------------------------------

  ALTER TABLE "EDUQUIZ"."TEMAS_EXAMENES" ADD CONSTRAINT "TEMAS_EXAMENES_EXAMENES_FK" FOREIGN KEY ("IDEXAMENES")
	  REFERENCES "EDUQUIZ"."EXAMENES" ("IDEXAMENEN") ENABLE;
  ALTER TABLE "EDUQUIZ"."TEMAS_EXAMENES" ADD CONSTRAINT "TEMAS_EXAMENES_TEMAS_FK" FOREIGN KEY ("IDTEMA")
	  REFERENCES "EDUQUIZ"."TEMAS" ("IDTEMA") ENABLE;
--------------------------------------------------------
--  Ref Constraints for Table UNIDADESESTUDIO
--------------------------------------------------------

  ALTER TABLE "EDUQUIZ"."UNIDADESESTUDIO" ADD CONSTRAINT "UNIDADESESTUDIO_MATERIAS_FK" FOREIGN KEY ("IDMATERIA")
	  REFERENCES "EDUQUIZ"."MATERIAS" ("IDMATERIA") ENABLE;
