Insert into EDUQUIZ.DIAS (IDDIA,DESCRIPCION) values ('1','Lunes');
Insert into EDUQUIZ.DIAS (IDDIA,DESCRIPCION) values ('2','Martes');
Insert into EDUQUIZ.DIAS (IDDIA,DESCRIPCION) values ('3','Miercoles');
Insert into EDUQUIZ.DIAS (IDDIA,DESCRIPCION) values ('4','Jueves');
Insert into EDUQUIZ.DIAS (IDDIA,DESCRIPCION) values ('5','Viernes');
Insert into EDUQUIZ.DIAS (IDDIA,DESCRIPCION) values ('6','Sabado');
Insert into EDUQUIZ.DIAS (IDDIA,DESCRIPCION) values ('7','Domingo');

Insert into EDUQUIZ.INSTITUCIONES (IDINSTITUCION,NOMBRENINSTITUCION,DESCRIPCION,DIRECCION,TELEFONO) values ('1','Universidad Nacional','Universidad pública de prestigio','Avenida Principal 123','3145551234');
Insert into EDUQUIZ.INSTITUCIONES (IDINSTITUCION,NOMBRENINSTITUCION,DESCRIPCION,DIRECCION,TELEFONO) values ('2','Colegio Técnico','Institución de educación técnica','Calle Secundaria 456','3235557890');
Insert into EDUQUIZ.INSTITUCIONES (IDINSTITUCION,NOMBRENINSTITUCION,DESCRIPCION,DIRECCION,TELEFONO) values ('3','Academia de Idiomas','Centro de enseñanza de idiomas','Plaza Central 789','3135559876');
Insert into EDUQUIZ.INSTITUCIONES (IDINSTITUCION,NOMBRENINSTITUCION,DESCRIPCION,DIRECCION,TELEFONO) values ('4','Escuela Primaria N°1','Educación básica primaria','Avenida del Parque 234','3115553456');
Insert into EDUQUIZ.INSTITUCIONES (IDINSTITUCION,NOMBRENINSTITUCION,DESCRIPCION,DIRECCION,TELEFONO) values ('6','Universidad Privada','Institución universitaria privada','Calle Principal 890','3045558901');
Insert into EDUQUIZ.INSTITUCIONES (IDINSTITUCION,NOMBRENINSTITUCION,DESCRIPCION,DIRECCION,TELEFONO) values ('7','Colegio Bilingüe','Enseñanza en dos idiomas','Avenida Internacional 345','3155552345');
Insert into EDUQUIZ.INSTITUCIONES (IDINSTITUCION,NOMBRENINSTITUCION,DESCRIPCION,DIRECCION,TELEFONO) values ('8','Centro de Capacitación','Cursos de formación profesional','Calle Comercial 678','3165557678');
Insert into EDUQUIZ.INSTITUCIONES (IDINSTITUCION,NOMBRENINSTITUCION,DESCRIPCION,DIRECCION,TELEFONO) values ('9','Escuela Secundaria N°2','Educación media secundaria','Bulevar Estudiantil 901','3155559012');
Insert into EDUQUIZ.INSTITUCIONES (IDINSTITUCION,NOMBRENINSTITUCION,DESCRIPCION,DIRECCION,TELEFONO) values ('10','Instituto Tecnológico','Formación en carreras tecnológicas','Avenida Tecnológica 234','3035554567');
Insert into EDUQUIZ.INSTITUCIONES (IDINSTITUCION,NOMBRENINSTITUCION,DESCRIPCION,DIRECCION,TELEFONO) values ('11','Academia de Música','Enseñanza de música y artes escénicas','Plaza de la Música 567','3235557890');
Insert into EDUQUIZ.INSTITUCIONES (IDINSTITUCION,NOMBRENINSTITUCION,DESCRIPCION,DIRECCION,TELEFONO) values ('13','Universidad Agrícola','Institución especializada en agronomía','Ruta Rural 345','3135556789');
Insert into EDUQUIZ.INSTITUCIONES (IDINSTITUCION,NOMBRENINSTITUCION,DESCRIPCION,DIRECCION,TELEFONO) values ('14','Escuela de Artes y Oficios','Formación en oficios y manualidades','Avenida Artesanal 678','3175552345');
Insert into EDUQUIZ.INSTITUCIONES (IDINSTITUCION,NOMBRENINSTITUCION,DESCRIPCION,DIRECCION,TELEFONO) values ('16','Colegio Técnico N°3','Institución de educación técnica','Calle Industrial 234','3175553456');
Insert into EDUQUIZ.INSTITUCIONES (IDINSTITUCION,NOMBRENINSTITUCION,DESCRIPCION,DIRECCION,TELEFONO) values ('17','Universidad Virtual','Educación en línea y a distancia','Avenida Virtual 567','3255556789');
Insert into EDUQUIZ.INSTITUCIONES (IDINSTITUCION,NOMBRENINSTITUCION,DESCRIPCION,DIRECCION,TELEFONO) values ('19','Instituto de Liderazgo','Desarrollo de habilidades de liderazgo','Calle Empresarial 345','3235554567');
Insert into EDUQUIZ.INSTITUCIONES (IDINSTITUCION,NOMBRENINSTITUCION,DESCRIPCION,DIRECCION,TELEFONO) values ('21','Colegio Técnico N°4','Institución de educación técnica','Avenida Industrial 901','3165550123');
Insert into EDUQUIZ.INSTITUCIONES (IDINSTITUCION,NOMBRENINSTITUCION,DESCRIPCION,DIRECCION,TELEFONO) values ('23','Escuela de Deportes','Formación en disciplinas deportivas','Calle Olímpica 567','3045552345');
Insert into EDUQUIZ.INSTITUCIONES (IDINSTITUCION,NOMBRENINSTITUCION,DESCRIPCION,DIRECCION,TELEFONO) values ('24','Instituto de Negocios','Educación en administración y negocios','Avenida Empresarial 890','3255557890');
Insert into EDUQUIZ.INSTITUCIONES (IDINSTITUCION,NOMBRENINSTITUCION,DESCRIPCION,DIRECCION,TELEFONO) values ('27','Escuela de Idiomas','Enseñanza intensiva de idiomas','Avenida Lingüística 901','3165552345');
Insert into EDUQUIZ.INSTITUCIONES (IDINSTITUCION,NOMBRENINSTITUCION,DESCRIPCION,DIRECCION,TELEFONO) values ('29','Colegio de Artes Escénicas','Formación en teatro, danza y música','Plaza del Espectáculo 567','3175550123');
Insert into EDUQUIZ.INSTITUCIONES (IDINSTITUCION,NOMBRENINSTITUCION,DESCRIPCION,DIRECCION,TELEFONO) values ('31','Escuela de Formación Docente','Preparación de futuros maestros','Calle Pedagógica 345','3235559012');
Insert into EDUQUIZ.INSTITUCIONES (IDINSTITUCION,NOMBRENINSTITUCION,DESCRIPCION,DIRECCION,TELEFONO) values ('33','Universidad de Artes Visuales','Institución dedicada a las bellas artes','Plaza Artística 901','3175557890');
Insert into EDUQUIZ.INSTITUCIONES (IDINSTITUCION,NOMBRENINSTITUCION,DESCRIPCION,DIRECCION,TELEFONO) values ('34','Colegio de Música','Formación musical integral','Avenida Melódica 234','3175553456');
Insert into EDUQUIZ.INSTITUCIONES (IDINSTITUCION,NOMBRENINSTITUCION,DESCRIPCION,DIRECCION,TELEFONO) values ('36','Escuela de Periodismo','Preparación de futuros periodistas','Avenida Informativa 890','3155552345');
Insert into EDUQUIZ.INSTITUCIONES (IDINSTITUCION,NOMBRENINSTITUCION,DESCRIPCION,DIRECCION,TELEFONO) values ('37','Academia de Fotografía','Enseñanza de técnicas fotográficas','Plaza del Lente 345','3235557890');
Insert into EDUQUIZ.INSTITUCIONES (IDINSTITUCION,NOMBRENINSTITUCION,DESCRIPCION,DIRECCION,TELEFONO) values ('5','Instituto de Arte','Formación en artes visuales','Bulevar de las Artes 567','3045556789');
Insert into EDUQUIZ.INSTITUCIONES (IDINSTITUCION,NOMBRENINSTITUCION,DESCRIPCION,DIRECCION,TELEFONO) values ('12','Colegio Montessori','Educación basada en método Montessori','Calle Alternativa 890','3255550123');
Insert into EDUQUIZ.INSTITUCIONES (IDINSTITUCION,NOMBRENINSTITUCION,DESCRIPCION,DIRECCION,TELEFONO) values ('15','Instituto de Idiomas','Centro de enseñanza de lenguas','Plaza Internacional 901','3165557890');
Insert into EDUQUIZ.INSTITUCIONES (IDINSTITUCION,NOMBRENINSTITUCION,DESCRIPCION,DIRECCION,TELEFONO) values ('22','Universidad de Ciencias','Institución de ciencias naturales','Ruta Científica 234','3045556789');
Insert into EDUQUIZ.INSTITUCIONES (IDINSTITUCION,NOMBRENINSTITUCION,DESCRIPCION,DIRECCION,TELEFONO) values ('18','Escuela de Bellas Artes','Formación en artes visuales','Bulevar Artístico 890','3235559012');
Insert into EDUQUIZ.INSTITUCIONES (IDINSTITUCION,NOMBRENINSTITUCION,DESCRIPCION,DIRECCION,TELEFONO) values ('20','Academia de Danza','Enseñanza de danza','Plaza del Ballet 678','3135557890');
Insert into EDUQUIZ.INSTITUCIONES (IDINSTITUCION,NOMBRENINSTITUCION,DESCRIPCION,DIRECCION,TELEFONO) values ('28','Universidad Tecnológica','Institución de ingenieria/tecnología','Bulevar Innovador 234','3185557890');
Insert into EDUQUIZ.INSTITUCIONES (IDINSTITUCION,NOMBRENINSTITUCION,DESCRIPCION,DIRECCION,TELEFONO) values ('25','Academia de Cocina','Enseñanza de gastronomía/culinaria','Plaza Gastronómica 345','3235553456');
Insert into EDUQUIZ.INSTITUCIONES (IDINSTITUCION,NOMBRENINSTITUCION,DESCRIPCION,DIRECCION,TELEFONO) values ('26','Instituto de Diseño','Formación en diseño gráfico','Calle Creativa 678','3155558901');
Insert into EDUQUIZ.INSTITUCIONES (IDINSTITUCION,NOMBRENINSTITUCION,DESCRIPCION,DIRECCION,TELEFONO) values ('30','Instituto de Computación','Educación en programación/informatica','Avenida Digital 890','3185556789');
Insert into EDUQUIZ.INSTITUCIONES (IDINSTITUCION,NOMBRENINSTITUCION,DESCRIPCION,DIRECCION,TELEFONO) values ('32','Academia de Robótica','Enseñanza de robótica/automatización','Bulevar Tecnológico 678','3175554567');
Insert into EDUQUIZ.INSTITUCIONES (IDINSTITUCION,NOMBRENINSTITUCION,DESCRIPCION,DIRECCION,TELEFONO) values ('35','Instituto de Cinematografía','Educación en cine y producción','Calle del Cine 567','3165558901');
Insert into EDUQUIZ.INSTITUCIONES (IDINSTITUCION,NOMBRENINSTITUCION,DESCRIPCION,DIRECCION,TELEFONO) values ('38','Colegio de Diseño de Interiores','Formación en decoración e interiores','Bulevar Estético 678','3235550123');
Insert into EDUQUIZ.INSTITUCIONES (IDINSTITUCION,NOMBRENINSTITUCION,DESCRIPCION,DIRECCION,TELEFONO) values ('39','Universidad de Moda','Institución de diseño de moda','Calle de la Moda 901','3155556789');
Insert into EDUQUIZ.INSTITUCIONES (IDINSTITUCION,NOMBRENINSTITUCION,DESCRIPCION,DIRECCION,TELEFONO) values ('40','Instituto de Turismo','Educación de turismo y hotelería','Avenida del Viajero 234','3165559012');

Insert into EDUQUIZ.DOCENTES (IDDOCENTE,NOMBRE,APELLIDO,USUARIO,CORREO_ELECTRONICO,PASSWORD,TELEFONO,DIRECCION,IDINSTITUCION) values ('1','Juan','Pérez','jperez','jperez@universidad.edu','password1','5551234','Calle Principal 123','1');
Insert into EDUQUIZ.DOCENTES (IDDOCENTE,NOMBRE,APELLIDO,USUARIO,CORREO_ELECTRONICO,PASSWORD,TELEFONO,DIRECCION,IDINSTITUCION) values ('2','María','González','mgonzalez','mgonzalez@colegio.edu','password2','5557890','Avenida Secundaria 456','2');
Insert into EDUQUIZ.DOCENTES (IDDOCENTE,NOMBRE,APELLIDO,USUARIO,CORREO_ELECTRONICO,PASSWORD,TELEFONO,DIRECCION,IDINSTITUCION) values ('3','Carlos','Rodríguez','crodriguez','crodriguez@idiomas.edu','password3','5559876','Plaza Central 789','3');
Insert into EDUQUIZ.DOCENTES (IDDOCENTE,NOMBRE,APELLIDO,USUARIO,CORREO_ELECTRONICO,PASSWORD,TELEFONO,DIRECCION,IDINSTITUCION) values ('4','Ana','López','alopez','alopez@primaria.edu','password4','5553456','Avenida del Parque 234','4');
Insert into EDUQUIZ.DOCENTES (IDDOCENTE,NOMBRE,APELLIDO,USUARIO,CORREO_ELECTRONICO,PASSWORD,TELEFONO,DIRECCION,IDINSTITUCION) values ('5','Pedro','Martínez','pmartinez','pmartinez@arte.edu','password5','5556789','Bulevar de las Artes 567','5');
Insert into EDUQUIZ.DOCENTES (IDDOCENTE,NOMBRE,APELLIDO,USUARIO,CORREO_ELECTRONICO,PASSWORD,TELEFONO,DIRECCION,IDINSTITUCION) values ('6','Laura','Sánchez','lsanchez','lsanchez@universidad.edu','password6','5558901','Calle Principal 890','6');
Insert into EDUQUIZ.DOCENTES (IDDOCENTE,NOMBRE,APELLIDO,USUARIO,CORREO_ELECTRONICO,PASSWORD,TELEFONO,DIRECCION,IDINSTITUCION) values ('7','Javier','Ramírez','jramirez','jramirez@colegio.edu','password7','5552345','Avenida Internacional 345','7');
Insert into EDUQUIZ.DOCENTES (IDDOCENTE,NOMBRE,APELLIDO,USUARIO,CORREO_ELECTRONICO,PASSWORD,TELEFONO,DIRECCION,IDINSTITUCION) values ('8','Sofía','Torres','storres','storres@capacitacion.edu','password8','5557678','Calle Comercial 678','8');
Insert into EDUQUIZ.DOCENTES (IDDOCENTE,NOMBRE,APELLIDO,USUARIO,CORREO_ELECTRONICO,PASSWORD,TELEFONO,DIRECCION,IDINSTITUCION) values ('9','Miguel','Fernández','mfernandez','mfernandez@secundaria.edu','password9','5559012','Bulevar Estudiantil 901','9');
Insert into EDUQUIZ.DOCENTES (IDDOCENTE,NOMBRE,APELLIDO,USUARIO,CORREO_ELECTRONICO,PASSWORD,TELEFONO,DIRECCION,IDINSTITUCION) values ('10','Lucía','García','lgarcia','lgarcia@tecnologico.edu','password10','5554567','Avenida Tecnológica 234','10');
Insert into EDUQUIZ.DOCENTES (IDDOCENTE,NOMBRE,APELLIDO,USUARIO,CORREO_ELECTRONICO,PASSWORD,TELEFONO,DIRECCION,IDINSTITUCION) values ('11','Diego','Hernández','dhernandez','dhernandez@musica.edu','password11','5557890','Plaza de la Música 567','11');
Insert into EDUQUIZ.DOCENTES (IDDOCENTE,NOMBRE,APELLIDO,USUARIO,CORREO_ELECTRONICO,PASSWORD,TELEFONO,DIRECCION,IDINSTITUCION) values ('12','Marta','Jiménez','mjimenez','mjimenez@montessori.edu','password12','5550123','Calle Alternativa 890','12');
Insert into EDUQUIZ.DOCENTES (IDDOCENTE,NOMBRE,APELLIDO,USUARIO,CORREO_ELECTRONICO,PASSWORD,TELEFONO,DIRECCION,IDINSTITUCION) values ('13','Andrés','Ruiz','aruiz','aruiz@agricola.edu','password13','5556789','Ruta Rural 345','13');
Insert into EDUQUIZ.DOCENTES (IDDOCENTE,NOMBRE,APELLIDO,USUARIO,CORREO_ELECTRONICO,PASSWORD,TELEFONO,DIRECCION,IDINSTITUCION) values ('14','Claudia','Díaz','cdiaz','cdiaz@artesyoficios.edu','password14','5552345','Avenida Artesanal 678','14');
Insert into EDUQUIZ.DOCENTES (IDDOCENTE,NOMBRE,APELLIDO,USUARIO,CORREO_ELECTRONICO,PASSWORD,TELEFONO,DIRECCION,IDINSTITUCION) values ('15','Sergio','Gómez','sgomez','sgomez@idiomas.edu','password15','5557890','Plaza Internacional 901','15');
Insert into EDUQUIZ.DOCENTES (IDDOCENTE,NOMBRE,APELLIDO,USUARIO,CORREO_ELECTRONICO,PASSWORD,TELEFONO,DIRECCION,IDINSTITUCION) values ('16','Adriana','Morales','amorales','amorales@tecnico.edu','password16','5553456','Calle Industrial 234','16');
Insert into EDUQUIZ.DOCENTES (IDDOCENTE,NOMBRE,APELLIDO,USUARIO,CORREO_ELECTRONICO,PASSWORD,TELEFONO,DIRECCION,IDINSTITUCION) values ('17','Julio','Ortiz','jortiz','jortiz@virtual.edu','password17','5556789','Avenida Virtual 567','17');
Insert into EDUQUIZ.DOCENTES (IDDOCENTE,NOMBRE,APELLIDO,USUARIO,CORREO_ELECTRONICO,PASSWORD,TELEFONO,DIRECCION,IDINSTITUCION) values ('18','Carla','Castillo','ccastillo','ccastillo@bellasartes.edu','password18','5559012','Bulevar Artístico 890','18');
Insert into EDUQUIZ.DOCENTES (IDDOCENTE,NOMBRE,APELLIDO,USUARIO,CORREO_ELECTRONICO,PASSWORD,TELEFONO,DIRECCION,IDINSTITUCION) values ('19','Ricardo','Navarro','rnavarro','rnavarro@liderazgo.edu','password19','5554567','Calle Empresarial 345','19');
Insert into EDUQUIZ.DOCENTES (IDDOCENTE,NOMBRE,APELLIDO,USUARIO,CORREO_ELECTRONICO,PASSWORD,TELEFONO,DIRECCION,IDINSTITUCION) values ('20','Valentina','Aguilar','vaguilar','vaguilar@danza.edu','password20','5557890','Plaza del Ballet 678','20');
Insert into EDUQUIZ.DOCENTES (IDDOCENTE,NOMBRE,APELLIDO,USUARIO,CORREO_ELECTRONICO,PASSWORD,TELEFONO,DIRECCION,IDINSTITUCION) values ('21','Jorge','Vargas','jvargas','jvargas@tecnico.edu','password21','5550123','Avenida Industrial 901','21');
Insert into EDUQUIZ.DOCENTES (IDDOCENTE,NOMBRE,APELLIDO,USUARIO,CORREO_ELECTRONICO,PASSWORD,TELEFONO,DIRECCION,IDINSTITUCION) values ('22','Gabriela','Herrera','gherrera','gherrera@ciencias.edu','password22','5556789','Ruta Científica 234','22');
Insert into EDUQUIZ.DOCENTES (IDDOCENTE,NOMBRE,APELLIDO,USUARIO,CORREO_ELECTRONICO,PASSWORD,TELEFONO,DIRECCION,IDINSTITUCION) values ('23','Tomás','Gutiérrez','tgutierrez','tgutierrez@deportes.edu','password23','5552345','Calle Olímpica 567','23');
Insert into EDUQUIZ.DOCENTES (IDDOCENTE,NOMBRE,APELLIDO,USUARIO,CORREO_ELECTRONICO,PASSWORD,TELEFONO,DIRECCION,IDINSTITUCION) values ('24','Mariana','Rojas','mrojas','mrojas@negocios.edu','password24','5557890','Avenida Empresarial 890','24');
Insert into EDUQUIZ.DOCENTES (IDDOCENTE,NOMBRE,APELLIDO,USUARIO,CORREO_ELECTRONICO,PASSWORD,TELEFONO,DIRECCION,IDINSTITUCION) values ('25','Santiago','Flores','sflores','sflores@cocina.edu','password25','5553456','Plaza Gastronómica 345','25');
Insert into EDUQUIZ.DOCENTES (IDDOCENTE,NOMBRE,APELLIDO,USUARIO,CORREO_ELECTRONICO,PASSWORD,TELEFONO,DIRECCION,IDINSTITUCION) values ('26','Valeria','Mendoza','vmendoza','vmendoza@diseno.edu','password26','5558901','Calle Creativa 678','26');
Insert into EDUQUIZ.DOCENTES (IDDOCENTE,NOMBRE,APELLIDO,USUARIO,CORREO_ELECTRONICO,PASSWORD,TELEFONO,DIRECCION,IDINSTITUCION) values ('27','David','Castro','dcastro','dcastro@idiomas.edu','password27','5552345','Avenida Lingüística 901','27');
Insert into EDUQUIZ.DOCENTES (IDDOCENTE,NOMBRE,APELLIDO,USUARIO,CORREO_ELECTRONICO,PASSWORD,TELEFONO,DIRECCION,IDINSTITUCION) values ('28','Camila','Núñez','cnunez','cnunez@tecnologica.edu','password28','5557890','Bulevar Innovador 234','28');
Insert into EDUQUIZ.DOCENTES (IDDOCENTE,NOMBRE,APELLIDO,USUARIO,CORREO_ELECTRONICO,PASSWORD,TELEFONO,DIRECCION,IDINSTITUCION) values ('29','Alejandro','Molina','amolina','amolina@artesescenicas.edu','password29','5550123','Plaza del Espectáculo 567','29');
Insert into EDUQUIZ.DOCENTES (IDDOCENTE,NOMBRE,APELLIDO,USUARIO,CORREO_ELECTRONICO,PASSWORD,TELEFONO,DIRECCION,IDINSTITUCION) values ('30','Rebeca','Ríos','rrios','rrios@computacion.edu','password30','5556789','Avenida Digital 890','30');
Insert into EDUQUIZ.DOCENTES (IDDOCENTE,NOMBRE,APELLIDO,USUARIO,CORREO_ELECTRONICO,PASSWORD,TELEFONO,DIRECCION,IDINSTITUCION) values ('31','Martín','Ramos','mramos','mramos@formaciondocente.edu','password31','5559012','Calle Pedagógica 345','31');
Insert into EDUQUIZ.DOCENTES (IDDOCENTE,NOMBRE,APELLIDO,USUARIO,CORREO_ELECTRONICO,PASSWORD,TELEFONO,DIRECCION,IDINSTITUCION) values ('32','Luciana','Vega','lvega','lvega@robotica.edu','password32','5554567','Bulevar Tecnológico 678','32');
Insert into EDUQUIZ.DOCENTES (IDDOCENTE,NOMBRE,APELLIDO,USUARIO,CORREO_ELECTRONICO,PASSWORD,TELEFONO,DIRECCION,IDINSTITUCION) values ('33','Daniel','Salazar','dsalazar','dsalazar@artesvisuales.edu','password33','5557890','Plaza Artística 901','33');
Insert into EDUQUIZ.DOCENTES (IDDOCENTE,NOMBRE,APELLIDO,USUARIO,CORREO_ELECTRONICO,PASSWORD,TELEFONO,DIRECCION,IDINSTITUCION) values ('34','Carolina','Mora','cmora','cmora@musica.edu','password34','5553456','Avenida Melódica 234','34');
Insert into EDUQUIZ.DOCENTES (IDDOCENTE,NOMBRE,APELLIDO,USUARIO,CORREO_ELECTRONICO,PASSWORD,TELEFONO,DIRECCION,IDINSTITUCION) values ('35','Sebastián','Muñoz','smunoz','smunoz@cine.edu','password35','5558901','Calle del Cine 567','35');
Insert into EDUQUIZ.DOCENTES (IDDOCENTE,NOMBRE,APELLIDO,USUARIO,CORREO_ELECTRONICO,PASSWORD,TELEFONO,DIRECCION,IDINSTITUCION) values ('36','Natalia','Contreras','ncontreras','ncontreras@periodismo.edu','password36','5552345','Avenida Informativa 890','36');
Insert into EDUQUIZ.DOCENTES (IDDOCENTE,NOMBRE,APELLIDO,USUARIO,CORREO_ELECTRONICO,PASSWORD,TELEFONO,DIRECCION,IDINSTITUCION) values ('37','Matías','Fuentes','mfuentes','mfuentes@fotografia.edu','password37','5557890','Plaza del Lente 345','37');
Insert into EDUQUIZ.DOCENTES (IDDOCENTE,NOMBRE,APELLIDO,USUARIO,CORREO_ELECTRONICO,PASSWORD,TELEFONO,DIRECCION,IDINSTITUCION) values ('38','Renata','Espinoza','respinoza','respinoza@diseno-interiores.edu','password38','5550123','Bulevar Estético 678','38');
Insert into EDUQUIZ.DOCENTES (IDDOCENTE,NOMBRE,APELLIDO,USUARIO,CORREO_ELECTRONICO,PASSWORD,TELEFONO,DIRECCION,IDINSTITUCION) values ('39','Emilio','Romero','eromero','eromero@moda.edu','password39','5556789','Calle de la Moda 901','39');
Insert into EDUQUIZ.DOCENTES (IDDOCENTE,NOMBRE,APELLIDO,USUARIO,CORREO_ELECTRONICO,PASSWORD,TELEFONO,DIRECCION,IDINSTITUCION) values ('40','Antonella','Mendoza','amendoza','amendoza@turismo.edu','password40','5559012','Avenida del Viajero 234','40');
Insert into EDUQUIZ.DOCENTES (IDDOCENTE,NOMBRE,APELLIDO,USUARIO,CORREO_ELECTRONICO,PASSWORD,TELEFONO,DIRECCION,IDINSTITUCION) values ('41','Isabel','Lara','ilara','ilara@universidad.edu','password41','5551234','Calle Principal 123','1');
Insert into EDUQUIZ.DOCENTES (IDDOCENTE,NOMBRE,APELLIDO,USUARIO,CORREO_ELECTRONICO,PASSWORD,TELEFONO,DIRECCION,IDINSTITUCION) values ('42','Raúl','Ponce','rponce','rponce@universidad.edu','password42','5551234','Calle Principal 123','1');
Insert into EDUQUIZ.DOCENTES (IDDOCENTE,NOMBRE,APELLIDO,USUARIO,CORREO_ELECTRONICO,PASSWORD,TELEFONO,DIRECCION,IDINSTITUCION) values ('43','Mónica','Robles','mrobles','mrobles@colegio.edu','password43','5557890','Avenida Secundaria 456','2');
Insert into EDUQUIZ.DOCENTES (IDDOCENTE,NOMBRE,APELLIDO,USUARIO,CORREO_ELECTRONICO,PASSWORD,TELEFONO,DIRECCION,IDINSTITUCION) values ('44','Fernando','Tapia','ftapia','ftapia@colegio.edu','password44','5557890','Avenida Secundaria 456','2');
Insert into EDUQUIZ.DOCENTES (IDDOCENTE,NOMBRE,APELLIDO,USUARIO,CORREO_ELECTRONICO,PASSWORD,TELEFONO,DIRECCION,IDINSTITUCION) values ('45','Catalina','Soto','csoto','csoto@idiomas.edu','password45','5559876','Plaza Central 789','3');
Insert into EDUQUIZ.DOCENTES (IDDOCENTE,NOMBRE,APELLIDO,USUARIO,CORREO_ELECTRONICO,PASSWORD,TELEFONO,DIRECCION,IDINSTITUCION) values ('46','Leonardo','Valdivia','lvaldivia','lvaldivia@idiomas.edu','password46','5559876','Plaza Central 789','3');
Insert into EDUQUIZ.DOCENTES (IDDOCENTE,NOMBRE,APELLIDO,USUARIO,CORREO_ELECTRONICO,PASSWORD,TELEFONO,DIRECCION,IDINSTITUCION) values ('47','Florencia','Núñez','fnunez','fnunez@primaria.edu','password47','5553456','Avenida del Parque 234','4');
Insert into EDUQUIZ.DOCENTES (IDDOCENTE,NOMBRE,APELLIDO,USUARIO,CORREO_ELECTRONICO,PASSWORD,TELEFONO,DIRECCION,IDINSTITUCION) values ('48','Ignacio','Olivares','iolivares','iolivares@primaria.edu','password48','5553456','Avenida del Parque 234','4');
Insert into EDUQUIZ.DOCENTES (IDDOCENTE,NOMBRE,APELLIDO,USUARIO,CORREO_ELECTRONICO,PASSWORD,TELEFONO,DIRECCION,IDINSTITUCION) values ('49','Julieta','Parra','jparra','jparra@arte.edu','password49','5556789','Bulevar de las Artes 567','5');
Insert into EDUQUIZ.DOCENTES (IDDOCENTE,NOMBRE,APELLIDO,USUARIO,CORREO_ELECTRONICO,PASSWORD,TELEFONO,DIRECCION,IDINSTITUCION) values ('50','Maximiliano','Quintana','mquintana','mquintana@arte.edu','password50','5556789','Bulevar de las Artes 567','5');

INSERT INTO EDUQUIZ.MATERIAS (IDMATERIA, NOMBRE, DESCRIPCION) VALUES (1, 'Matemáticas', 'Estudio de números, álgebra, geometría y cálculo');
INSERT INTO EDUQUIZ.MATERIAS (IDMATERIA, NOMBRE, DESCRIPCION) VALUES (2, 'Lengua y Literatura', 'Análisis y comprensión de textos literarios');
INSERT INTO EDUQUIZ.MATERIAS (IDMATERIA, NOMBRE, DESCRIPCION) VALUES (3, 'Física', 'Estudio de las leyes que rigen el universo');
INSERT INTO EDUQUIZ.MATERIAS (IDMATERIA, NOMBRE, DESCRIPCION) VALUES (4, 'Química', 'Estudio de la composición y estructura de la materia');
INSERT INTO EDUQUIZ.MATERIAS (IDMATERIA, NOMBRE, DESCRIPCION) VALUES (5, 'Biología', 'Estudio de los seres vivos y sus procesos');
INSERT INTO EDUQUIZ.MATERIAS (IDMATERIA, NOMBRE, DESCRIPCION) VALUES (6, 'Historia', 'Estudio de los acontecimientos del pasado');
INSERT INTO EDUQUIZ.MATERIAS (IDMATERIA, NOMBRE, DESCRIPCION) VALUES (7, 'Geografía', 'Estudio de la Tierra y sus características físicas');
INSERT INTO EDUQUIZ.MATERIAS (IDMATERIA, NOMBRE, DESCRIPCION) VALUES (8, 'Idioma Extranjero', 'Aprendizaje de un nuevo idioma');
INSERT INTO EDUQUIZ.MATERIAS (IDMATERIA, NOMBRE, DESCRIPCION) VALUES (9, 'Educación Física', 'Desarrollo de habilidades físicas y deportivas');
INSERT INTO EDUQUIZ.MATERIAS (IDMATERIA, NOMBRE, DESCRIPCION) VALUES (10, 'Artes Plásticas', 'Expresión artística a través de técnicas visuales');
INSERT INTO EDUQUIZ.MATERIAS (IDMATERIA, NOMBRE, DESCRIPCION) VALUES (11, 'Música', 'Apreciación y creación musical');
INSERT INTO EDUQUIZ.MATERIAS (IDMATERIA, NOMBRE, DESCRIPCION) VALUES (12, 'Informática', 'Manejo de tecnologías de la información');
INSERT INTO EDUQUIZ.MATERIAS (IDMATERIA, NOMBRE, DESCRIPCION) VALUES (13, 'Filosofía', 'Estudio del pensamiento y la existencia');
INSERT INTO EDUQUIZ.MATERIAS (IDMATERIA, NOMBRE, DESCRIPCION) VALUES (14, 'Economía', 'Análisis de recursos escasos y su distribución');
INSERT INTO EDUQUIZ.MATERIAS (IDMATERIA, NOMBRE, DESCRIPCION) VALUES (15, 'Contabilidad', 'Registro y control de operaciones financieras');
INSERT INTO EDUQUIZ.MATERIAS (IDMATERIA, NOMBRE, DESCRIPCION) VALUES (16, 'Derecho', 'Estudio de las leyes y su aplicación');
INSERT INTO EDUQUIZ.MATERIAS (IDMATERIA, NOMBRE, DESCRIPCION) VALUES (17, 'Psicología', 'Estudio de la mente y el comportamiento humano');
INSERT INTO EDUQUIZ.MATERIAS (IDMATERIA, NOMBRE, DESCRIPCION) VALUES (18, 'Sociología', 'Análisis de las sociedades y sus estructuras');
INSERT INTO EDUQUIZ.MATERIAS (IDMATERIA, NOMBRE, DESCRIPCION) VALUES (19, 'Ética', 'Estudio de la moral y los principios de conducta');
INSERT INTO EDUQUIZ.MATERIAS (IDMATERIA, NOMBRE, DESCRIPCION) VALUES (20, 'Anatomía', 'Estudio de la estructura del cuerpo humano');
INSERT INTO EDUQUIZ.MATERIAS (IDMATERIA, NOMBRE, DESCRIPCION) VALUES (21, 'Programación', 'Desarrollo de software y aplicaciones');
INSERT INTO EDUQUIZ.MATERIAS (IDMATERIA, NOMBRE, DESCRIPCION) VALUES (22, 'Diseño Gráfico', 'Creación de contenido visual y multimedia');
INSERT INTO EDUQUIZ.MATERIAS (IDMATERIA, NOMBRE, DESCRIPCION) VALUES (23, 'Arquitectura', 'Diseño y construcción de edificios');
INSERT INTO EDUQUIZ.MATERIAS (IDMATERIA, NOMBRE, DESCRIPCION) VALUES (24, 'Ingeniería Civil', 'Planificación y ejecución de obras civiles');
INSERT INTO EDUQUIZ.MATERIAS (IDMATERIA, NOMBRE, DESCRIPCION) VALUES (25, 'Ingeniería Mecánica', 'Diseño y manufactura de maquinaria');
INSERT INTO EDUQUIZ.MATERIAS (IDMATERIA, NOMBRE, DESCRIPCION) VALUES (26, 'Ingeniería Eléctrica', 'Generación y distribución de energía eléctrica');
INSERT INTO EDUQUIZ.MATERIAS (IDMATERIA, NOMBRE, DESCRIPCION) VALUES (27, 'Ingeniería Electrónica', 'Desarrollo de dispositivos y circuitos electrónicos');
INSERT INTO EDUQUIZ.MATERIAS (IDMATERIA, NOMBRE, DESCRIPCION) VALUES (28, 'Ingeniería Industrial', 'Optimización de procesos y sistemas de producción');
INSERT INTO EDUQUIZ.MATERIAS (IDMATERIA, NOMBRE, DESCRIPCION) VALUES (29, 'Ingeniería Ambiental', 'Protección del medio ambiente y uso sostenible');
INSERT INTO EDUQUIZ.MATERIAS (IDMATERIA, NOMBRE, DESCRIPCION) VALUES (30, 'Medicina', 'Diagnóstico y tratamiento de enfermedades');
INSERT INTO EDUQUIZ.MATERIAS (IDMATERIA, NOMBRE, DESCRIPCION) VALUES (31, 'Enfermería', 'Cuidado y atención de pacientes');
INSERT INTO EDUQUIZ.MATERIAS (IDMATERIA, NOMBRE, DESCRIPCION) VALUES (32, 'Odontología', 'Tratamiento y prevención de enfermedades bucales');
INSERT INTO EDUQUIZ.MATERIAS (IDMATERIA, NOMBRE, DESCRIPCION) VALUES (33, 'Farmacología', 'Estudio de los medicamentos y sus efectos');
INSERT INTO EDUQUIZ.MATERIAS (IDMATERIA, NOMBRE, DESCRIPCION) VALUES (34, 'Nutrición', 'Análisis de alimentos y dietas saludables');
INSERT INTO EDUQUIZ.MATERIAS (IDMATERIA, NOMBRE, DESCRIPCION) VALUES (35, 'Gastronomía', 'Preparación y presentación de alimentos');
INSERT INTO EDUQUIZ.MATERIAS (IDMATERIA, NOMBRE, DESCRIPCION) VALUES (36, 'Turismo', 'Planificación y gestión de actividades turísticas');
INSERT INTO EDUQUIZ.MATERIAS (IDMATERIA, NOMBRE, DESCRIPCION) VALUES (37, 'Educación Física', 'Enseñanza de habilidades deportivas y motoras');
INSERT INTO EDUQUIZ.MATERIAS (IDMATERIA, NOMBRE, DESCRIPCION) VALUES (38, 'Artes Escénicas', 'Interpretación y puesta en escena');
INSERT INTO EDUQUIZ.MATERIAS (IDMATERIA, NOMBRE, DESCRIPCION) VALUES (39, 'Comunicación', 'Estudio de los medios y técnicas de comunicación');
INSERT INTO EDUQUIZ.MATERIAS (IDMATERIA, NOMBRE, DESCRIPCION) VALUES (40, 'Periodismo', 'Recolección y difusión de noticias e información');

Insert into EDUQUIZ.CURSOS (IDCURSO,NOMBRECURSO,DESCRIPCION,IDDOCENTE,IDMATERIA) values ('1','Cálculo Diferencial','Fundamentos del cálculo diferencial','1','1');
Insert into EDUQUIZ.CURSOS (IDCURSO,NOMBRECURSO,DESCRIPCION,IDDOCENTE,IDMATERIA) values ('2','Literatura Española','Estudio de obras literarias españolas','3','2');
Insert into EDUQUIZ.CURSOS (IDCURSO,NOMBRECURSO,DESCRIPCION,IDDOCENTE,IDMATERIA) values ('3','Mecánica Clásica','Leyes fundamentales de la mecánica','5','3');
Insert into EDUQUIZ.CURSOS (IDCURSO,NOMBRECURSO,DESCRIPCION,IDDOCENTE,IDMATERIA) values ('4','Química Orgánica','Estudio de compuestos orgánicos','4','4');
Insert into EDUQUIZ.CURSOS (IDCURSO,NOMBRECURSO,DESCRIPCION,IDDOCENTE,IDMATERIA) values ('5','Biología Celular','Estructura y función de las células','6','5');
Insert into EDUQUIZ.CURSOS (IDCURSO,NOMBRECURSO,DESCRIPCION,IDDOCENTE,IDMATERIA) values ('6','Historia Antigua','Civilizaciones de la antigüedad','7','6');
Insert into EDUQUIZ.CURSOS (IDCURSO,NOMBRECURSO,DESCRIPCION,IDDOCENTE,IDMATERIA) values ('7','Geografía Física','Estudio de la superficie terrestre','8','7');
Insert into EDUQUIZ.CURSOS (IDCURSO,NOMBRECURSO,DESCRIPCION,IDDOCENTE,IDMATERIA) values ('8','Inglés Avanzado','Perfeccionamiento del idioma inglés','15','8');
Insert into EDUQUIZ.CURSOS (IDCURSO,NOMBRECURSO,DESCRIPCION,IDDOCENTE,IDMATERIA) values ('9','Deportes Acuáticos','Práctica de natación y actividades acuáticas','20','9');
Insert into EDUQUIZ.CURSOS (IDCURSO,NOMBRECURSO,DESCRIPCION,IDDOCENTE,IDMATERIA) values ('10','Pintura al Óleo','Técnicas de pintura con óleo','49','10');
Insert into EDUQUIZ.CURSOS (IDCURSO,NOMBRECURSO,DESCRIPCION,IDDOCENTE,IDMATERIA) values ('11','Apreciación Musical','Análisis y comprensión de obras musicales','11','11');
Insert into EDUQUIZ.CURSOS (IDCURSO,NOMBRECURSO,DESCRIPCION,IDDOCENTE,IDMATERIA) values ('12','Programación Web','Desarrollo de sitios y aplicaciones web','30','12');
Insert into EDUQUIZ.CURSOS (IDCURSO,NOMBRECURSO,DESCRIPCION,IDDOCENTE,IDMATERIA) values ('13','Filosofía Antigua','Pensadores clásicos de la antigüedad','13','13');
Insert into EDUQUIZ.CURSOS (IDCURSO,NOMBRECURSO,DESCRIPCION,IDDOCENTE,IDMATERIA) values ('14','Microeconomía','Estudio del comportamiento económico individual','24','14');
Insert into EDUQUIZ.CURSOS (IDCURSO,NOMBRECURSO,DESCRIPCION,IDDOCENTE,IDMATERIA) values ('15','Contabilidad Financiera','Registro y análisis de operaciones financieras','15','15');
Insert into EDUQUIZ.CURSOS (IDCURSO,NOMBRECURSO,DESCRIPCION,IDDOCENTE,IDMATERIA) values ('16','Derecho Penal','Estudio de las leyes penales','16','16');
Insert into EDUQUIZ.CURSOS (IDCURSO,NOMBRECURSO,DESCRIPCION,IDDOCENTE,IDMATERIA) values ('17','Psicología del Desarrollo','Etapas y cambios en el desarrollo humano','17','17');
Insert into EDUQUIZ.CURSOS (IDCURSO,NOMBRECURSO,DESCRIPCION,IDDOCENTE,IDMATERIA) values ('18','Sociología Urbana','Análisis de las ciudades y sus dinámicas','18','18');
Insert into EDUQUIZ.CURSOS (IDCURSO,NOMBRECURSO,DESCRIPCION,IDDOCENTE,IDMATERIA) values ('19','Ética Profesional','Principios éticos en el ámbito laboral','19','19');
Insert into EDUQUIZ.CURSOS (IDCURSO,NOMBRECURSO,DESCRIPCION,IDDOCENTE,IDMATERIA) values ('20','Anatomía Humana','Estudio de la estructura del cuerpo humano','20','20');
Insert into EDUQUIZ.CURSOS (IDCURSO,NOMBRECURSO,DESCRIPCION,IDDOCENTE,IDMATERIA) values ('21','Programación Orientada a Objetos','Desarrollo de software con paradigma OOP','30','21');
Insert into EDUQUIZ.CURSOS (IDCURSO,NOMBRECURSO,DESCRIPCION,IDDOCENTE,IDMATERIA) values ('22','Diseño Web','Creación de interfaces gráficas para la web','26','22');
Insert into EDUQUIZ.CURSOS (IDCURSO,NOMBRECURSO,DESCRIPCION,IDDOCENTE,IDMATERIA) values ('23','Arquitectura Contemporánea','Tendencias actuales en arquitectura','33','23');
Insert into EDUQUIZ.CURSOS (IDCURSO,NOMBRECURSO,DESCRIPCION,IDDOCENTE,IDMATERIA) values ('24','Métodos Cuantitativos','Técnicas cuantitativas aplicadas a la industria','28','28');
Insert into EDUQUIZ.CURSOS (IDCURSO,NOMBRECURSO,DESCRIPCION,IDDOCENTE,IDMATERIA) values ('25','Gestión Ambiental','Protección y conservación del medio ambiente','22','29');
Insert into EDUQUIZ.CURSOS (IDCURSO,NOMBRECURSO,DESCRIPCION,IDDOCENTE,IDMATERIA) values ('26','Patología Médica','Estudio de enfermedades y sus causas','34','30');
Insert into EDUQUIZ.CURSOS (IDCURSO,NOMBRECURSO,DESCRIPCION,IDDOCENTE,IDMATERIA) values ('27','Cuidados Intensivos','Atención de pacientes en estado crítico','31','31');
Insert into EDUQUIZ.CURSOS (IDCURSO,NOMBRECURSO,DESCRIPCION,IDDOCENTE,IDMATERIA) values ('28','Odontología Pediátrica','Tratamientos dentales en niños','35','32');
Insert into EDUQUIZ.CURSOS (IDCURSO,NOMBRECURSO,DESCRIPCION,IDDOCENTE,IDMATERIA) values ('29','Farmacología Clínica','Uso de medicamentos en el tratamiento','33','33');
Insert into EDUQUIZ.CURSOS (IDCURSO,NOMBRECURSO,DESCRIPCION,IDDOCENTE,IDMATERIA) values ('30','Nutrición Deportiva','Alimentación para el rendimiento atlético','34','34');
Insert into EDUQUIZ.CURSOS (IDCURSO,NOMBRECURSO,DESCRIPCION,IDDOCENTE,IDMATERIA) values ('31','Cocina Internacional','Preparación de platillos de diversas culturas','25','35');
Insert into EDUQUIZ.CURSOS (IDCURSO,NOMBRECURSO,DESCRIPCION,IDDOCENTE,IDMATERIA) values ('32','Planificación Turística','Diseño y gestión de paquetes turísticos','40','36');
Insert into EDUQUIZ.CURSOS (IDCURSO,NOMBRECURSO,DESCRIPCION,IDDOCENTE,IDMATERIA) values ('33','Deportes de Conjunto','Práctica de deportes en equipo','23','37');
Insert into EDUQUIZ.CURSOS (IDCURSO,NOMBRECURSO,DESCRIPCION,IDDOCENTE,IDMATERIA) values ('34','Teatro Contemporáneo','Interpretación y montaje de obras actuales','29','38');
Insert into EDUQUIZ.CURSOS (IDCURSO,NOMBRECURSO,DESCRIPCION,IDDOCENTE,IDMATERIA) values ('35','Comunicación Organizacional','Estrategias de comunicación en empresas','36','39');
Insert into EDUQUIZ.CURSOS (IDCURSO,NOMBRECURSO,DESCRIPCION,IDDOCENTE,IDMATERIA) values ('36','Periodismo Digital','Producción de contenido periodístico en línea','36','40');
Insert into EDUQUIZ.CURSOS (IDCURSO,NOMBRECURSO,DESCRIPCION,IDDOCENTE,IDMATERIA) values ('37','Cálculo Integral','Fundamentos del cálculo integral','1','1');
Insert into EDUQUIZ.CURSOS (IDCURSO,NOMBRECURSO,DESCRIPCION,IDDOCENTE,IDMATERIA) values ('38','Literatura Latinoamericana','Estudio de obras literarias latinoamericanas','3','2');
Insert into EDUQUIZ.CURSOS (IDCURSO,NOMBRECURSO,DESCRIPCION,IDDOCENTE,IDMATERIA) values ('39','Electricidad y Magnetismo','Fenómenos eléctricos y magnéticos','5','3');
Insert into EDUQUIZ.CURSOS (IDCURSO,NOMBRECURSO,DESCRIPCION,IDDOCENTE,IDMATERIA) values ('40','Química Inorgánica','Estudio de compuestos inorgánicos','4','4');
Insert into EDUQUIZ.CURSOS (IDCURSO,NOMBRECURSO,DESCRIPCION,IDDOCENTE,IDMATERIA) values ('41','Ecología','Estudio de los ecosistemas y sus interacciones','6','5');
Insert into EDUQUIZ.CURSOS (IDCURSO,NOMBRECURSO,DESCRIPCION,IDDOCENTE,IDMATERIA) values ('42','Historia Moderna','Acontecimientos históricos desde el siglo XV','7','6');
Insert into EDUQUIZ.CURSOS (IDCURSO,NOMBRECURSO,DESCRIPCION,IDDOCENTE,IDMATERIA) values ('43','Geografía Humana','Estudio de la sociedad y su entorno','8','7');
Insert into EDUQUIZ.CURSOS (IDCURSO,NOMBRECURSO,DESCRIPCION,IDDOCENTE,IDMATERIA) values ('44','Francés Intermedio','Perfeccionamiento del idioma francés','45','8');
Insert into EDUQUIZ.CURSOS (IDCURSO,NOMBRECURSO,DESCRIPCION,IDDOCENTE,IDMATERIA) values ('45','Deportes de Raqueta','Práctica de tenis, bádminton y squash','20','9');
Insert into EDUQUIZ.CURSOS (IDCURSO,NOMBRECURSO,DESCRIPCION,IDDOCENTE,IDMATERIA) values ('46','Escultura','Técnicas de modelado y talla','49','10');

Insert into EDUQUIZ.UNIDADESESTUDIO (IDUNIDAD,NOMBRE_UNIDAD,DESCRIPCION,IDMATERIA) values ('1','Unidad 1','Introducción al tema','1');
Insert into EDUQUIZ.UNIDADESESTUDIO (IDUNIDAD,NOMBRE_UNIDAD,DESCRIPCION,IDMATERIA) values ('2','Unidad 2','Conceptos básicos','1');
Insert into EDUQUIZ.UNIDADESESTUDIO (IDUNIDAD,NOMBRE_UNIDAD,DESCRIPCION,IDMATERIA) values ('3','Unidad 3','Cálculo de límites','1');
Insert into EDUQUIZ.UNIDADESESTUDIO (IDUNIDAD,NOMBRE_UNIDAD,DESCRIPCION,IDMATERIA) values ('4','Unidad 1','Introducción a la literatura española','2');
Insert into EDUQUIZ.UNIDADESESTUDIO (IDUNIDAD,NOMBRE_UNIDAD,DESCRIPCION,IDMATERIA) values ('5','Unidad 2','Edad Media','2');
Insert into EDUQUIZ.UNIDADESESTUDIO (IDUNIDAD,NOMBRE_UNIDAD,DESCRIPCION,IDMATERIA) values ('6','Unidad 3','Siglo de Oro','2');
Insert into EDUQUIZ.UNIDADESESTUDIO (IDUNIDAD,NOMBRE_UNIDAD,DESCRIPCION,IDMATERIA) values ('7','Unidad 1','Introducción a la mecánica clásica','3');
Insert into EDUQUIZ.UNIDADESESTUDIO (IDUNIDAD,NOMBRE_UNIDAD,DESCRIPCION,IDMATERIA) values ('8','Unidad 2','Leyes de Newton','3');
Insert into EDUQUIZ.UNIDADESESTUDIO (IDUNIDAD,NOMBRE_UNIDAD,DESCRIPCION,IDMATERIA) values ('9','Unidad 3','Trabajo y energía','3');
Insert into EDUQUIZ.UNIDADESESTUDIO (IDUNIDAD,NOMBRE_UNIDAD,DESCRIPCION,IDMATERIA) values ('10','Unidad 1','Introducción a la química orgánica','4');
Insert into EDUQUIZ.UNIDADESESTUDIO (IDUNIDAD,NOMBRE_UNIDAD,DESCRIPCION,IDMATERIA) values ('11','Unidad 3','Reacciones orgánicas','4');
Insert into EDUQUIZ.UNIDADESESTUDIO (IDUNIDAD,NOMBRE_UNIDAD,DESCRIPCION,IDMATERIA) values ('12','Unidad 1','Introducción a la biología celular','5');
Insert into EDUQUIZ.UNIDADESESTUDIO (IDUNIDAD,NOMBRE_UNIDAD,DESCRIPCION,IDMATERIA) values ('13','Unidad 2','Estructuras celulares','5');
Insert into EDUQUIZ.UNIDADESESTUDIO (IDUNIDAD,NOMBRE_UNIDAD,DESCRIPCION,IDMATERIA) values ('14','Unidad 3','Funciones celulares','5');
Insert into EDUQUIZ.UNIDADESESTUDIO (IDUNIDAD,NOMBRE_UNIDAD,DESCRIPCION,IDMATERIA) values ('15','Unidad 1','Introducción a la historia antigua','6');
Insert into EDUQUIZ.UNIDADESESTUDIO (IDUNIDAD,NOMBRE_UNIDAD,DESCRIPCION,IDMATERIA) values ('16','Unidad 2','Civilizaciones del Mediterráneo','6');
Insert into EDUQUIZ.UNIDADESESTUDIO (IDUNIDAD,NOMBRE_UNIDAD,DESCRIPCION,IDMATERIA) values ('17','Unidad 3','Imperios del Lejano Oriente','6');
Insert into EDUQUIZ.UNIDADESESTUDIO (IDUNIDAD,NOMBRE_UNIDAD,DESCRIPCION,IDMATERIA) values ('18','Unidad 1','Introducción a la geografía física','7');
Insert into EDUQUIZ.UNIDADESESTUDIO (IDUNIDAD,NOMBRE_UNIDAD,DESCRIPCION,IDMATERIA) values ('19','Unidad 2','Relieve terrestre','7');
Insert into EDUQUIZ.UNIDADESESTUDIO (IDUNIDAD,NOMBRE_UNIDAD,DESCRIPCION,IDMATERIA) values ('20','Unidad 3','Climatología','7');
Insert into EDUQUIZ.UNIDADESESTUDIO (IDUNIDAD,NOMBRE_UNIDAD,DESCRIPCION,IDMATERIA) values ('21','Unidad 1','Nociones básicas de inglés','8');
Insert into EDUQUIZ.UNIDADESESTUDIO (IDUNIDAD,NOMBRE_UNIDAD,DESCRIPCION,IDMATERIA) values ('22','Unidad 2','Gramática avanzada','8');
Insert into EDUQUIZ.UNIDADESESTUDIO (IDUNIDAD,NOMBRE_UNIDAD,DESCRIPCION,IDMATERIA) values ('23','Unidad 3','Conversación y comprensión auditiva','8');
Insert into EDUQUIZ.UNIDADESESTUDIO (IDUNIDAD,NOMBRE_UNIDAD,DESCRIPCION,IDMATERIA) values ('24','Unidad 1','Técnicas de natación','9');
Insert into EDUQUIZ.UNIDADESESTUDIO (IDUNIDAD,NOMBRE_UNIDAD,DESCRIPCION,IDMATERIA) values ('25','Unidad 2','Estilos de nado','9');
Insert into EDUQUIZ.UNIDADESESTUDIO (IDUNIDAD,NOMBRE_UNIDAD,DESCRIPCION,IDMATERIA) values ('26','Unidad 3','Actividades acuáticas','9');
Insert into EDUQUIZ.UNIDADESESTUDIO (IDUNIDAD,NOMBRE_UNIDAD,DESCRIPCION,IDMATERIA) values ('27','Unidad 1','Introducción a la pintura al óleo','10');
Insert into EDUQUIZ.UNIDADESESTUDIO (IDUNIDAD,NOMBRE_UNIDAD,DESCRIPCION,IDMATERIA) values ('28','Unidad 2','Materiales y herramientas','10');
Insert into EDUQUIZ.UNIDADESESTUDIO (IDUNIDAD,NOMBRE_UNIDAD,DESCRIPCION,IDMATERIA) values ('29','Unidad 3','Técnicas de aplicación','10');
Insert into EDUQUIZ.UNIDADESESTUDIO (IDUNIDAD,NOMBRE_UNIDAD,DESCRIPCION,IDMATERIA) values ('30','Unidad 1','Introducción a la apreciación musical','11');
Insert into EDUQUIZ.UNIDADESESTUDIO (IDUNIDAD,NOMBRE_UNIDAD,DESCRIPCION,IDMATERIA) values ('31','Unidad 2','Géneros musicales','11');
Insert into EDUQUIZ.UNIDADESESTUDIO (IDUNIDAD,NOMBRE_UNIDAD,DESCRIPCION,IDMATERIA) values ('32','Unidad 3','Análisis de obras','11');
Insert into EDUQUIZ.UNIDADESESTUDIO (IDUNIDAD,NOMBRE_UNIDAD,DESCRIPCION,IDMATERIA) values ('33','Unidad 1','Fundamentos de la programación web','12');
Insert into EDUQUIZ.UNIDADESESTUDIO (IDUNIDAD,NOMBRE_UNIDAD,DESCRIPCION,IDMATERIA) values ('34','Unidad 2','Desarrollo frontend','12');
Insert into EDUQUIZ.UNIDADESESTUDIO (IDUNIDAD,NOMBRE_UNIDAD,DESCRIPCION,IDMATERIA) values ('35','Unidad 3','Desarrollo backend','12');
Insert into EDUQUIZ.UNIDADESESTUDIO (IDUNIDAD,NOMBRE_UNIDAD,DESCRIPCION,IDMATERIA) values ('36','Unidad 1','Orígenes de la filosofía antigua','13');
Insert into EDUQUIZ.UNIDADESESTUDIO (IDUNIDAD,NOMBRE_UNIDAD,DESCRIPCION,IDMATERIA) values ('37','Unidad 2','Pensamiento presocrático','13');
Insert into EDUQUIZ.UNIDADESESTUDIO (IDUNIDAD,NOMBRE_UNIDAD,DESCRIPCION,IDMATERIA) values ('38','Unidad 3','Filosofía clásica','13');
Insert into EDUQUIZ.UNIDADESESTUDIO (IDUNIDAD,NOMBRE_UNIDAD,DESCRIPCION,IDMATERIA) values ('39','Unidad 1','Principios de la microeconomía','14');
Insert into EDUQUIZ.UNIDADESESTUDIO (IDUNIDAD,NOMBRE_UNIDAD,DESCRIPCION,IDMATERIA) values ('40','Unidad 2','Oferta y demanda','14');
Insert into EDUQUIZ.UNIDADESESTUDIO (IDUNIDAD,NOMBRE_UNIDAD,DESCRIPCION,IDMATERIA) values ('41','Unidad 3','Elasticidad y aplicaciones','14');
Insert into EDUQUIZ.UNIDADESESTUDIO (IDUNIDAD,NOMBRE_UNIDAD,DESCRIPCION,IDMATERIA) values ('42','Unidad 1','Conceptos básicos de contabilidad','15');
Insert into EDUQUIZ.UNIDADESESTUDIO (IDUNIDAD,NOMBRE_UNIDAD,DESCRIPCION,IDMATERIA) values ('43','Unidad 2','Registro contable','15');
Insert into EDUQUIZ.UNIDADESESTUDIO (IDUNIDAD,NOMBRE_UNIDAD,DESCRIPCION,IDMATERIA) values ('44','Unidad 3','Análisis financiero','15');
Insert into EDUQUIZ.UNIDADESESTUDIO (IDUNIDAD,NOMBRE_UNIDAD,DESCRIPCION,IDMATERIA) values ('45','Unidad 1','Fundamentos del derecho penal','16');
Insert into EDUQUIZ.UNIDADESESTUDIO (IDUNIDAD,NOMBRE_UNIDAD,DESCRIPCION,IDMATERIA) values ('46','Unidad 2','Delitos y sanciones','16');
Insert into EDUQUIZ.UNIDADESESTUDIO (IDUNIDAD,NOMBRE_UNIDAD,DESCRIPCION,IDMATERIA) values ('47','Unidad 3','Procedimiento penal','16');
Insert into EDUQUIZ.UNIDADESESTUDIO (IDUNIDAD,NOMBRE_UNIDAD,DESCRIPCION,IDMATERIA) values ('48','Unidad 1','Teorías del desarrollo humano','17');
Insert into EDUQUIZ.UNIDADESESTUDIO (IDUNIDAD,NOMBRE_UNIDAD,DESCRIPCION,IDMATERIA) values ('49','Unidad 2','Desarrollo prenatal y neonatal','17');
Insert into EDUQUIZ.UNIDADESESTUDIO (IDUNIDAD,NOMBRE_UNIDAD,DESCRIPCION,IDMATERIA) values ('50','Unidad 3','Desarrollo infantil y adolescente','17');

INSERT INTO EDUQUIZ.CONTENIDOS (IDCONTENIDO, DESCRICONTENIDO, IDUNIDAD) VALUES (1, 'Introducción al tema - Contenido 1', 1);
INSERT INTO EDUQUIZ.CONTENIDOS (IDCONTENIDO, DESCRICONTENIDO, IDUNIDAD) VALUES (2, 'Conceptos básicos - Contenido 1', 2);
INSERT INTO EDUQUIZ.CONTENIDOS (IDCONTENIDO, DESCRICONTENIDO, IDUNIDAD) VALUES (3, 'Cálculo de límites - Contenido 1', 3);
INSERT INTO EDUQUIZ.CONTENIDOS (IDCONTENIDO, DESCRICONTENIDO, IDUNIDAD) VALUES (4, 'Introducción a la literatura española - Contenido 1', 4);
INSERT INTO EDUQUIZ.CONTENIDOS (IDCONTENIDO, DESCRICONTENIDO, IDUNIDAD) VALUES (5, 'Edad Media - Contenido 1', 5);
INSERT INTO EDUQUIZ.CONTENIDOS (IDCONTENIDO, DESCRICONTENIDO, IDUNIDAD) VALUES (6, 'Siglo de Oro - Contenido 1', 6);
INSERT INTO EDUQUIZ.CONTENIDOS (IDCONTENIDO, DESCRICONTENIDO, IDUNIDAD) VALUES (7, 'Introducción a la mecánica clásica - Contenido 1', 7);
INSERT INTO EDUQUIZ.CONTENIDOS (IDCONTENIDO, DESCRICONTENIDO, IDUNIDAD) VALUES (8, 'Leyes de Newton - Contenido 1', 8);
INSERT INTO EDUQUIZ.CONTENIDOS (IDCONTENIDO, DESCRICONTENIDO, IDUNIDAD) VALUES (9, 'Trabajo y energía - Contenido 1', 9);
INSERT INTO EDUQUIZ.CONTENIDOS (IDCONTENIDO, DESCRICONTENIDO, IDUNIDAD) VALUES (10, 'Introducción a la química orgánica - Contenido 1', 10);
INSERT INTO EDUQUIZ.CONTENIDOS (IDCONTENIDO, DESCRICONTENIDO, IDUNIDAD) VALUES (11, 'Reacciones orgánicas - Contenido 1', 11);
INSERT INTO EDUQUIZ.CONTENIDOS (IDCONTENIDO, DESCRICONTENIDO, IDUNIDAD) VALUES (12, 'Introducción a la biología celular - Contenido 1', 12);
INSERT INTO EDUQUIZ.CONTENIDOS (IDCONTENIDO, DESCRICONTENIDO, IDUNIDAD) VALUES (13, 'Estructuras celulares - Contenido 1', 13);
INSERT INTO EDUQUIZ.CONTENIDOS (IDCONTENIDO, DESCRICONTENIDO, IDUNIDAD) VALUES (14, 'Funciones celulares - Contenido 1', 14);
INSERT INTO EDUQUIZ.CONTENIDOS (IDCONTENIDO, DESCRICONTENIDO, IDUNIDAD) VALUES (15, 'Introducción a la historia antigua - Contenido 1', 15);
INSERT INTO EDUQUIZ.CONTENIDOS (IDCONTENIDO, DESCRICONTENIDO, IDUNIDAD) VALUES (16, 'Civilizaciones del Mediterráneo - Contenido 1', 16);
INSERT INTO EDUQUIZ.CONTENIDOS (IDCONTENIDO, DESCRICONTENIDO, IDUNIDAD) VALUES (17, 'Imperios del Lejano Oriente - Contenido 1', 17);
INSERT INTO EDUQUIZ.CONTENIDOS (IDCONTENIDO, DESCRICONTENIDO, IDUNIDAD) VALUES (18, 'Introducción a la geografía física - Contenido 1', 18);
INSERT INTO EDUQUIZ.CONTENIDOS (IDCONTENIDO, DESCRICONTENIDO, IDUNIDAD) VALUES (19, 'Relieve terrestre - Contenido 1', 19);
INSERT INTO EDUQUIZ.CONTENIDOS (IDCONTENIDO, DESCRICONTENIDO, IDUNIDAD) VALUES (20, 'Climatología - Contenido 1', 20);
INSERT INTO EDUQUIZ.CONTENIDOS (IDCONTENIDO, DESCRICONTENIDO, IDUNIDAD) VALUES (21, 'Nociones básicas de inglés - Contenido 1', 21);
INSERT INTO EDUQUIZ.CONTENIDOS (IDCONTENIDO, DESCRICONTENIDO, IDUNIDAD) VALUES (22, 'Gramática avanzada - Contenido 1', 22);
INSERT INTO EDUQUIZ.CONTENIDOS (IDCONTENIDO, DESCRICONTENIDO, IDUNIDAD) VALUES (23, 'Conversación y comprensión auditiva - Contenido 1', 23);
INSERT INTO EDUQUIZ.CONTENIDOS (IDCONTENIDO, DESCRICONTENIDO, IDUNIDAD) VALUES (24, 'Técnicas de natación - Contenido 1', 24);
INSERT INTO EDUQUIZ.CONTENIDOS (IDCONTENIDO, DESCRICONTENIDO, IDUNIDAD) VALUES (25, 'Estilos de nado - Contenido 1', 25);
INSERT INTO EDUQUIZ.CONTENIDOS (IDCONTENIDO, DESCRICONTENIDO, IDUNIDAD) VALUES (26, 'Actividades acuáticas - Contenido 1', 26);
INSERT INTO EDUQUIZ.CONTENIDOS (IDCONTENIDO, DESCRICONTENIDO, IDUNIDAD) VALUES (27, 'Introducción a la pintura al óleo - Contenido 1', 27);
INSERT INTO EDUQUIZ.CONTENIDOS (IDCONTENIDO, DESCRICONTENIDO, IDUNIDAD) VALUES (28, 'Materiales y herramientas - Contenido 1', 28);
INSERT INTO EDUQUIZ.CONTENIDOS (IDCONTENIDO, DESCRICONTENIDO, IDUNIDAD) VALUES (29, 'Técnicas de aplicación - Contenido 1', 29);
INSERT INTO EDUQUIZ.CONTENIDOS (IDCONTENIDO, DESCRICONTENIDO, IDUNIDAD) VALUES (30, 'Introducción a la apreciación musical - Contenido 1', 30);
INSERT INTO EDUQUIZ.CONTENIDOS (IDCONTENIDO, DESCRICONTENIDO, IDUNIDAD) VALUES (31, 'Géneros musicales - Contenido 1', 31);
INSERT INTO EDUQUIZ.CONTENIDOS (IDCONTENIDO, DESCRICONTENIDO, IDUNIDAD) VALUES (32, 'Análisis de obras - Contenido 1', 32);
INSERT INTO EDUQUIZ.CONTENIDOS (IDCONTENIDO, DESCRICONTENIDO, IDUNIDAD) VALUES (33, 'Fundamentos de la programación web - Contenido 1', 33);
INSERT INTO EDUQUIZ.CONTENIDOS (IDCONTENIDO, DESCRICONTENIDO, IDUNIDAD) VALUES (34, 'Desarrollo frontend - Contenido 1', 34);
INSERT INTO EDUQUIZ.CONTENIDOS (IDCONTENIDO, DESCRICONTENIDO, IDUNIDAD) VALUES (35, 'Desarrollo backend - Contenido 1', 35);
INSERT INTO EDUQUIZ.CONTENIDOS (IDCONTENIDO, DESCRICONTENIDO, IDUNIDAD) VALUES (36, 'Orígenes de la filosofía antigua - Contenido 1', 36);
INSERT INTO EDUQUIZ.CONTENIDOS (IDCONTENIDO, DESCRICONTENIDO, IDUNIDAD) VALUES (37, 'Pensamiento presocrático - Contenido 1', 37);
INSERT INTO EDUQUIZ.CONTENIDOS (IDCONTENIDO, DESCRICONTENIDO, IDUNIDAD) VALUES (38, 'Filosofía clásica - Contenido 1', 38);
INSERT INTO EDUQUIZ.CONTENIDOS (IDCONTENIDO, DESCRICONTENIDO, IDUNIDAD) VALUES (39, 'Principios de la microeconomía - Contenido 1', 39);
INSERT INTO EDUQUIZ.CONTENIDOS (IDCONTENIDO, DESCRICONTENIDO, IDUNIDAD) VALUES (40, 'Oferta y demanda - Contenido 1', 40);
INSERT INTO EDUQUIZ.CONTENIDOS (IDCONTENIDO, DESCRICONTENIDO, IDUNIDAD) VALUES (41, 'Elasticidad y aplicaciones - Contenido 1', 41);
INSERT INTO EDUQUIZ.CONTENIDOS (IDCONTENIDO, DESCRICONTENIDO, IDUNIDAD) VALUES (42, 'Conceptos básicos de contabilidad - Contenido 1', 42);
INSERT INTO EDUQUIZ.CONTENIDOS (IDCONTENIDO, DESCRICONTENIDO, IDUNIDAD) VALUES (43, 'Registro contable - Contenido 1', 43);
INSERT INTO EDUQUIZ.CONTENIDOS (IDCONTENIDO, DESCRICONTENIDO, IDUNIDAD) VALUES (44, 'Análisis financiero - Contenido 1', 44);
INSERT INTO EDUQUIZ.CONTENIDOS (IDCONTENIDO, DESCRICONTENIDO, IDUNIDAD) VALUES (45, 'Fundamentos del derecho penal - Contenido 1', 45);
INSERT INTO EDUQUIZ.CONTENIDOS (IDCONTENIDO, DESCRICONTENIDO, IDUNIDAD) VALUES (46, 'Delitos y sanciones - Contenido 1', 46);
INSERT INTO EDUQUIZ.CONTENIDOS (IDCONTENIDO, DESCRICONTENIDO, IDUNIDAD) VALUES (47, 'Procedimiento penal - Contenido 1', 47);
INSERT INTO EDUQUIZ.CONTENIDOS (IDCONTENIDO, DESCRICONTENIDO, IDUNIDAD) VALUES (48, 'Teorías del desarrollo humano - Contenido 1', 48);
INSERT INTO EDUQUIZ.CONTENIDOS (IDCONTENIDO, DESCRICONTENIDO, IDUNIDAD) VALUES (49, 'Desarrollo prenatal y neonatal - Contenido 1', 49);
INSERT INTO EDUQUIZ.CONTENIDOS (IDCONTENIDO, DESCRICONTENIDO, IDUNIDAD) VALUES (50, 'Desarrollo infantil y adolescente - Contenido 1', 50);

Insert into EDUQUIZ.GRUPOS (IDGRUPO,NOMBREGRUPO,"AÑOACATEMICO",IDDOCENTE_TUTOR) values ('1','01-A',to_date('01/01/24','DD/MM/RR'),'1');
Insert into EDUQUIZ.GRUPOS (IDGRUPO,NOMBREGRUPO,"AÑOACATEMICO",IDDOCENTE_TUTOR) values ('2','02-A',to_date('01/01/24','DD/MM/RR'),'2');
Insert into EDUQUIZ.GRUPOS (IDGRUPO,NOMBREGRUPO,"AÑOACATEMICO",IDDOCENTE_TUTOR) values ('3','03-A',to_date('01/01/24','DD/MM/RR'),'3');
Insert into EDUQUIZ.GRUPOS (IDGRUPO,NOMBREGRUPO,"AÑOACATEMICO",IDDOCENTE_TUTOR) values ('4','01-B',to_date('01/01/24','DD/MM/RR'),'4');
Insert into EDUQUIZ.GRUPOS (IDGRUPO,NOMBREGRUPO,"AÑOACATEMICO",IDDOCENTE_TUTOR) values ('5','02-B',to_date('01/01/24','DD/MM/RR'),'5');
Insert into EDUQUIZ.GRUPOS (IDGRUPO,NOMBREGRUPO,"AÑOACATEMICO",IDDOCENTE_TUTOR) values ('6','03-B',to_date('01/01/24','DD/MM/RR'),'6');
Insert into EDUQUIZ.GRUPOS (IDGRUPO,NOMBREGRUPO,"AÑOACATEMICO",IDDOCENTE_TUTOR) values ('7','01-C',to_date('01/01/24','DD/MM/RR'),'7');
Insert into EDUQUIZ.GRUPOS (IDGRUPO,NOMBREGRUPO,"AÑOACATEMICO",IDDOCENTE_TUTOR) values ('8','02-C',to_date('01/01/24','DD/MM/RR'),'8');
Insert into EDUQUIZ.GRUPOS (IDGRUPO,NOMBREGRUPO,"AÑOACATEMICO",IDDOCENTE_TUTOR) values ('9','03-C',to_date('01/01/24','DD/MM/RR'),'9');
Insert into EDUQUIZ.GRUPOS (IDGRUPO,NOMBREGRUPO,"AÑOACATEMICO",IDDOCENTE_TUTOR) values ('10','01-D',to_date('01/01/24','DD/MM/RR'),'10');
Insert into EDUQUIZ.GRUPOS (IDGRUPO,NOMBREGRUPO,"AÑOACATEMICO",IDDOCENTE_TUTOR) values ('11','02-D',to_date('01/01/24','DD/MM/RR'),'11');
Insert into EDUQUIZ.GRUPOS (IDGRUPO,NOMBREGRUPO,"AÑOACATEMICO",IDDOCENTE_TUTOR) values ('12','03-D',to_date('01/01/24','DD/MM/RR'),'12');
Insert into EDUQUIZ.GRUPOS (IDGRUPO,NOMBREGRUPO,"AÑOACATEMICO",IDDOCENTE_TUTOR) values ('13','01-E',to_date('01/01/24','DD/MM/RR'),'13');
Insert into EDUQUIZ.GRUPOS (IDGRUPO,NOMBREGRUPO,"AÑOACATEMICO",IDDOCENTE_TUTOR) values ('14','02-E',to_date('01/01/24','DD/MM/RR'),'14');
Insert into EDUQUIZ.GRUPOS (IDGRUPO,NOMBREGRUPO,"AÑOACATEMICO",IDDOCENTE_TUTOR) values ('15','03-E',to_date('01/01/24','DD/MM/RR'),'15');
Insert into EDUQUIZ.GRUPOS (IDGRUPO,NOMBREGRUPO,"AÑOACATEMICO",IDDOCENTE_TUTOR) values ('16','01-F',to_date('01/01/24','DD/MM/RR'),'16');
Insert into EDUQUIZ.GRUPOS (IDGRUPO,NOMBREGRUPO,"AÑOACATEMICO",IDDOCENTE_TUTOR) values ('17','02-F',to_date('01/01/24','DD/MM/RR'),'17');
Insert into EDUQUIZ.GRUPOS (IDGRUPO,NOMBREGRUPO,"AÑOACATEMICO",IDDOCENTE_TUTOR) values ('18','03-F',to_date('01/01/24','DD/MM/RR'),'18');
Insert into EDUQUIZ.GRUPOS (IDGRUPO,NOMBREGRUPO,"AÑOACATEMICO",IDDOCENTE_TUTOR) values ('19','01-G',to_date('01/01/24','DD/MM/RR'),'19');
Insert into EDUQUIZ.GRUPOS (IDGRUPO,NOMBREGRUPO,"AÑOACATEMICO",IDDOCENTE_TUTOR) values ('20','02-G',to_date('01/01/24','DD/MM/RR'),'20');
Insert into EDUQUIZ.GRUPOS (IDGRUPO,NOMBREGRUPO,"AÑOACATEMICO",IDDOCENTE_TUTOR) values ('21','03-G',to_date('01/01/24','DD/MM/RR'),'21');
Insert into EDUQUIZ.GRUPOS (IDGRUPO,NOMBREGRUPO,"AÑOACATEMICO",IDDOCENTE_TUTOR) values ('22','01-H',to_date('01/01/24','DD/MM/RR'),'22');
Insert into EDUQUIZ.GRUPOS (IDGRUPO,NOMBREGRUPO,"AÑOACATEMICO",IDDOCENTE_TUTOR) values ('23','02-H',to_date('01/01/24','DD/MM/RR'),'23');
Insert into EDUQUIZ.GRUPOS (IDGRUPO,NOMBREGRUPO,"AÑOACATEMICO",IDDOCENTE_TUTOR) values ('24','03-H',to_date('01/01/24','DD/MM/RR'),'24');
Insert into EDUQUIZ.GRUPOS (IDGRUPO,NOMBREGRUPO,"AÑOACATEMICO",IDDOCENTE_TUTOR) values ('25','01-I',to_date('01/01/24','DD/MM/RR'),'25');
Insert into EDUQUIZ.GRUPOS (IDGRUPO,NOMBREGRUPO,"AÑOACATEMICO",IDDOCENTE_TUTOR) values ('26','02-I',to_date('01/01/24','DD/MM/RR'),'26');
Insert into EDUQUIZ.GRUPOS (IDGRUPO,NOMBREGRUPO,"AÑOACATEMICO",IDDOCENTE_TUTOR) values ('27','03-I',to_date('01/01/24','DD/MM/RR'),'27');
Insert into EDUQUIZ.GRUPOS (IDGRUPO,NOMBREGRUPO,"AÑOACATEMICO",IDDOCENTE_TUTOR) values ('28','01-J',to_date('01/01/24','DD/MM/RR'),'28');
Insert into EDUQUIZ.GRUPOS (IDGRUPO,NOMBREGRUPO,"AÑOACATEMICO",IDDOCENTE_TUTOR) values ('29','02-J',to_date('01/01/24','DD/MM/RR'),'29');
Insert into EDUQUIZ.GRUPOS (IDGRUPO,NOMBREGRUPO,"AÑOACATEMICO",IDDOCENTE_TUTOR) values ('30','03-J',to_date('01/01/24','DD/MM/RR'),'30');
Insert into EDUQUIZ.GRUPOS (IDGRUPO,NOMBREGRUPO,"AÑOACATEMICO",IDDOCENTE_TUTOR) values ('31','01-K',to_date('01/01/24','DD/MM/RR'),'31');
Insert into EDUQUIZ.GRUPOS (IDGRUPO,NOMBREGRUPO,"AÑOACATEMICO",IDDOCENTE_TUTOR) values ('32','02-K',to_date('01/01/24','DD/MM/RR'),'32');
Insert into EDUQUIZ.GRUPOS (IDGRUPO,NOMBREGRUPO,"AÑOACATEMICO",IDDOCENTE_TUTOR) values ('33','03-K',to_date('01/01/24','DD/MM/RR'),'33');
Insert into EDUQUIZ.GRUPOS (IDGRUPO,NOMBREGRUPO,"AÑOACATEMICO",IDDOCENTE_TUTOR) values ('34','01-L',to_date('01/01/24','DD/MM/RR'),'34');
Insert into EDUQUIZ.GRUPOS (IDGRUPO,NOMBREGRUPO,"AÑOACATEMICO",IDDOCENTE_TUTOR) values ('35','02-L',to_date('01/01/24','DD/MM/RR'),'35');
Insert into EDUQUIZ.GRUPOS (IDGRUPO,NOMBREGRUPO,"AÑOACATEMICO",IDDOCENTE_TUTOR) values ('36','03-L',to_date('01/01/24','DD/MM/RR'),'36');
Insert into EDUQUIZ.GRUPOS (IDGRUPO,NOMBREGRUPO,"AÑOACATEMICO",IDDOCENTE_TUTOR) values ('37','01-M',to_date('01/01/24','DD/MM/RR'),'37');
Insert into EDUQUIZ.GRUPOS (IDGRUPO,NOMBREGRUPO,"AÑOACATEMICO",IDDOCENTE_TUTOR) values ('38','02-M',to_date('01/01/24','DD/MM/RR'),'38');
Insert into EDUQUIZ.GRUPOS (IDGRUPO,NOMBREGRUPO,"AÑOACATEMICO",IDDOCENTE_TUTOR) values ('39','03-M',to_date('01/01/24','DD/MM/RR'),'39');
Insert into EDUQUIZ.GRUPOS (IDGRUPO,NOMBREGRUPO,"AÑOACATEMICO",IDDOCENTE_TUTOR) values ('40','01-N',to_date('01/01/24','DD/MM/RR'),'40');
Insert into EDUQUIZ.GRUPOS (IDGRUPO,NOMBREGRUPO,"AÑOACATEMICO",IDDOCENTE_TUTOR) values ('41','02-N',to_date('01/01/24','DD/MM/RR'),'41');
Insert into EDUQUIZ.GRUPOS (IDGRUPO,NOMBREGRUPO,"AÑOACATEMICO",IDDOCENTE_TUTOR) values ('42','03-N',to_date('01/01/24','DD/MM/RR'),'42');
Insert into EDUQUIZ.GRUPOS (IDGRUPO,NOMBREGRUPO,"AÑOACATEMICO",IDDOCENTE_TUTOR) values ('43','01-O',to_date('01/01/24','DD/MM/RR'),'43');
Insert into EDUQUIZ.GRUPOS (IDGRUPO,NOMBREGRUPO,"AÑOACATEMICO",IDDOCENTE_TUTOR) values ('44','02-O',to_date('01/01/24','DD/MM/RR'),'44');
Insert into EDUQUIZ.GRUPOS (IDGRUPO,NOMBREGRUPO,"AÑOACATEMICO",IDDOCENTE_TUTOR) values ('45','03-O',to_date('01/01/24','DD/MM/RR'),'45');
Insert into EDUQUIZ.GRUPOS (IDGRUPO,NOMBREGRUPO,"AÑOACATEMICO",IDDOCENTE_TUTOR) values ('46','01-P',to_date('01/01/24','DD/MM/RR'),'46');
Insert into EDUQUIZ.GRUPOS (IDGRUPO,NOMBREGRUPO,"AÑOACATEMICO",IDDOCENTE_TUTOR) values ('47','02-P',to_date('01/01/24','DD/MM/RR'),'47');
Insert into EDUQUIZ.GRUPOS (IDGRUPO,NOMBREGRUPO,"AÑOACATEMICO",IDDOCENTE_TUTOR) values ('48','03-P',to_date('01/01/24','DD/MM/RR'),'48');
Insert into EDUQUIZ.GRUPOS (IDGRUPO,NOMBREGRUPO,"AÑOACATEMICO",IDDOCENTE_TUTOR) values ('49','01-Q',to_date('01/01/24','DD/MM/RR'),'49');
Insert into EDUQUIZ.GRUPOS (IDGRUPO,NOMBREGRUPO,"AÑOACATEMICO",IDDOCENTE_TUTOR) values ('50','02-Q',to_date('01/01/24','DD/MM/RR'),'50');

Insert into EDUQUIZ.ESTUDIANTES (IDESTUDIANTE,NOMBRE,APELLIDO,USUARIO,EMAIL,PASSWORD,TELEFONO,IDCURSO,IDGRUPO) values ('1','Juan','García','juan.garcia','juangarcia@example.com','juan123',123456789,'1','1');
Insert into EDUQUIZ.ESTUDIANTES (IDESTUDIANTE,NOMBRE,APELLIDO,USUARIO,EMAIL,PASSWORD,TELEFONO,IDCURSO,IDGRUPO) values ('2','María','López','maria.lopez','marialopez@example.com','maria456',123456790,'1','1');
Insert into EDUQUIZ.ESTUDIANTES (IDESTUDIANTE,NOMBRE,APELLIDO,USUARIO,EMAIL,PASSWORD,TELEFONO,IDCURSO,IDGRUPO) values ('3','Carlos','Martínez','carlos.martinez','carlosmartinez@example.com','carlos789',123456791,'1','1');
Insert into EDUQUIZ.ESTUDIANTES (IDESTUDIANTE,NOMBRE,APELLIDO,USUARIO,EMAIL,PASSWORD,TELEFONO,IDCURSO,IDGRUPO) values ('4','Ana','Sánchez','ana.sanchez','anasanchez@example.com','ana123',123456792,'2','1');
Insert into EDUQUIZ.ESTUDIANTES (IDESTUDIANTE,NOMBRE,APELLIDO,USUARIO,EMAIL,PASSWORD,TELEFONO,IDCURSO,IDGRUPO) values ('5','David','Gómez','david.gomez','davidgomez@example.com','david456',123456793,'2','1');
Insert into EDUQUIZ.ESTUDIANTES (IDESTUDIANTE,NOMBRE,APELLIDO,USUARIO,EMAIL,PASSWORD,TELEFONO,IDCURSO,IDGRUPO) values ('6','Laura','Pérez','laura.perez','lauraperez@example.com','laura789',123456794,'2','1');
Insert into EDUQUIZ.ESTUDIANTES (IDESTUDIANTE,NOMBRE,APELLIDO,USUARIO,EMAIL,PASSWORD,TELEFONO,IDCURSO,IDGRUPO) values ('7','Miguel','Fernández','miguel.fernandez','miguelfernandez@example.com','miguel123',123456795,'3','2');
Insert into EDUQUIZ.ESTUDIANTES (IDESTUDIANTE,NOMBRE,APELLIDO,USUARIO,EMAIL,PASSWORD,TELEFONO,IDCURSO,IDGRUPO) values ('8','Carmen','Rodríguez','carmen.rodriguez','carmenrodriguez@example.com','carmen456',123456796,'3','2');
Insert into EDUQUIZ.ESTUDIANTES (IDESTUDIANTE,NOMBRE,APELLIDO,USUARIO,EMAIL,PASSWORD,TELEFONO,IDCURSO,IDGRUPO) values ('9','Pablo','López','pablo.lopez','pablolopez@example.com','pablo789',123456797,'3','2');
Insert into EDUQUIZ.ESTUDIANTES (IDESTUDIANTE,NOMBRE,APELLIDO,USUARIO,EMAIL,PASSWORD,TELEFONO,IDCURSO,IDGRUPO) values ('10','Lucía','Martínez','lucia.martinez','luciamartinez@example.com','lucia123',123456798,'4','2');
Insert into EDUQUIZ.ESTUDIANTES (IDESTUDIANTE,NOMBRE,APELLIDO,USUARIO,EMAIL,PASSWORD,TELEFONO,IDCURSO,IDGRUPO) values ('11','Alejandro','Sánchez','alejandro.sanchez','alejandrosanchez@example.com','alejandro456',123456799,'4','2');
Insert into EDUQUIZ.ESTUDIANTES (IDESTUDIANTE,NOMBRE,APELLIDO,USUARIO,EMAIL,PASSWORD,TELEFONO,IDCURSO,IDGRUPO) values ('12','Sofía','González','sofia.gonzalez','sofiagonzalez@example.com','sofia789',123456800,'4','2');
Insert into EDUQUIZ.ESTUDIANTES (IDESTUDIANTE,NOMBRE,APELLIDO,USUARIO,EMAIL,PASSWORD,TELEFONO,IDCURSO,IDGRUPO) values ('13','Daniel','López','daniel.lopez','danielopez@example.com','daniel123',123456801,'5','3');
Insert into EDUQUIZ.ESTUDIANTES (IDESTUDIANTE,NOMBRE,APELLIDO,USUARIO,EMAIL,PASSWORD,TELEFONO,IDCURSO,IDGRUPO) values ('14','Elena','Martínez','elena.martinez','elenamartinez@example.com','elena456',123456802,'5','3');
Insert into EDUQUIZ.ESTUDIANTES (IDESTUDIANTE,NOMBRE,APELLIDO,USUARIO,EMAIL,PASSWORD,TELEFONO,IDCURSO,IDGRUPO) values ('15','Alejandro','García','alejandro.garcia','alejandrogarcia@example.com','alejandro789',123456803,'5','3');
Insert into EDUQUIZ.ESTUDIANTES (IDESTUDIANTE,NOMBRE,APELLIDO,USUARIO,EMAIL,PASSWORD,TELEFONO,IDCURSO,IDGRUPO) values ('16','Ana','Hernández','ana.hernandez','anahernandez@example.com','ana123',123456804,'6','6');
Insert into EDUQUIZ.ESTUDIANTES (IDESTUDIANTE,NOMBRE,APELLIDO,USUARIO,EMAIL,PASSWORD,TELEFONO,IDCURSO,IDGRUPO) values ('17','Diego','Gómez','diego.gomez','diegogomez@example.com','diego456',123456805,'6','6');
Insert into EDUQUIZ.ESTUDIANTES (IDESTUDIANTE,NOMBRE,APELLIDO,USUARIO,EMAIL,PASSWORD,TELEFONO,IDCURSO,IDGRUPO) values ('18','Cristina','López','cristina.lopez','cristinalopez@example.com','cristina789',123456806,'6','6');
Insert into EDUQUIZ.ESTUDIANTES (IDESTUDIANTE,NOMBRE,APELLIDO,USUARIO,EMAIL,PASSWORD,TELEFONO,IDCURSO,IDGRUPO) values ('19','Javier','Fernández','javier.fernandez','javierfernandez@example.com','javier123',123456807,'7','7');
Insert into EDUQUIZ.ESTUDIANTES (IDESTUDIANTE,NOMBRE,APELLIDO,USUARIO,EMAIL,PASSWORD,TELEFONO,IDCURSO,IDGRUPO) values ('20','Sara','Martínez','sara.martinez','saramartinez@example.com','sara456',123456808,'7','7');
Insert into EDUQUIZ.ESTUDIANTES (IDESTUDIANTE,NOMBRE,APELLIDO,USUARIO,EMAIL,PASSWORD,TELEFONO,IDCURSO,IDGRUPO) values ('21','Ángela','González','angela.gonzalez','angelagonzalez@example.com','angela789',123456809,'7','7');
Insert into EDUQUIZ.ESTUDIANTES (IDESTUDIANTE,NOMBRE,APELLIDO,USUARIO,EMAIL,PASSWORD,TELEFONO,IDCURSO,IDGRUPO) values ('22','Pablo','Rodríguez','pablo.rodriguez','pablorodriguez@example.com','pablo123',123456810,'8','8');
Insert into EDUQUIZ.ESTUDIANTES (IDESTUDIANTE,NOMBRE,APELLIDO,USUARIO,EMAIL,PASSWORD,TELEFONO,IDCURSO,IDGRUPO) values ('23','Lucía','García','lucia.garcia','luciagarcia@example.com','lucia456',123456811,'8','8');
Insert into EDUQUIZ.ESTUDIANTES (IDESTUDIANTE,NOMBRE,APELLIDO,USUARIO,EMAIL,PASSWORD,TELEFONO,IDCURSO,IDGRUPO) values ('24','Pedro','Hernández','pedro.hernandez','pedrohernandez@example.com','pedro789',123456812,'8','8');
Insert into EDUQUIZ.ESTUDIANTES (IDESTUDIANTE,NOMBRE,APELLIDO,USUARIO,EMAIL,PASSWORD,TELEFONO,IDCURSO,IDGRUPO) values ('25','Marta','Sánchez','marta.sanchez','martasanchez@example.com','marta123',123456813,'9','9');
Insert into EDUQUIZ.ESTUDIANTES (IDESTUDIANTE,NOMBRE,APELLIDO,USUARIO,EMAIL,PASSWORD,TELEFONO,IDCURSO,IDGRUPO) values ('26','Jorge','Martínez','jorge.martinez','jorgemartinez@example.com','jorge456',123456814,'9','9');
Insert into EDUQUIZ.ESTUDIANTES (IDESTUDIANTE,NOMBRE,APELLIDO,USUARIO,EMAIL,PASSWORD,TELEFONO,IDCURSO,IDGRUPO) values ('27','Ana','Gómez','ana.gomez','anagomez@example.com','ana789',123456815,'9','9');
Insert into EDUQUIZ.ESTUDIANTES (IDESTUDIANTE,NOMBRE,APELLIDO,USUARIO,EMAIL,PASSWORD,TELEFONO,IDCURSO,IDGRUPO) values ('28','Sergio','Fernández','sergio.fernandez','sergiofernandez@example.com','sergio123',123456816,'10','10');
Insert into EDUQUIZ.ESTUDIANTES (IDESTUDIANTE,NOMBRE,APELLIDO,USUARIO,EMAIL,PASSWORD,TELEFONO,IDCURSO,IDGRUPO) values ('29','Elena','Pérez','elena.perez','elenaperez@example.com','elena456',123456817,'10','10');
Insert into EDUQUIZ.ESTUDIANTES (IDESTUDIANTE,NOMBRE,APELLIDO,USUARIO,EMAIL,PASSWORD,TELEFONO,IDCURSO,IDGRUPO) values ('30','Alejandro','García','alejandro.garcia','alejandrogarcia@example.com','alejandro789',123456818,'10','10');
Insert into EDUQUIZ.ESTUDIANTES (IDESTUDIANTE,NOMBRE,APELLIDO,USUARIO,EMAIL,PASSWORD,TELEFONO,IDCURSO,IDGRUPO) values ('31','Lucía','Martínez','lucia.martinez','luciamartinez@example.com','lucia123',123456819,'11','11');
Insert into EDUQUIZ.ESTUDIANTES (IDESTUDIANTE,NOMBRE,APELLIDO,USUARIO,EMAIL,PASSWORD,TELEFONO,IDCURSO,IDGRUPO) values ('32','Carlos','Gómez','carlos.gomez','carlosgomez@example.com','carlos456',123456820,'11','11');
Insert into EDUQUIZ.ESTUDIANTES (IDESTUDIANTE,NOMBRE,APELLIDO,USUARIO,EMAIL,PASSWORD,TELEFONO,IDCURSO,IDGRUPO) values ('33','Sofía','Fernández','sofia.fernandez','sofiafernandez@example.com','sofia789',123456821,'11','11');
Insert into EDUQUIZ.ESTUDIANTES (IDESTUDIANTE,NOMBRE,APELLIDO,USUARIO,EMAIL,PASSWORD,TELEFONO,IDCURSO,IDGRUPO) values ('34','Juan','Hernández','juan.hernandez','juanhernandez@example.com','juan123',123456822,'12','12');
Insert into EDUQUIZ.ESTUDIANTES (IDESTUDIANTE,NOMBRE,APELLIDO,USUARIO,EMAIL,PASSWORD,TELEFONO,IDCURSO,IDGRUPO) values ('35','Paula','Gómez','paula.gomez','paulagomez@example.com','paula456',123456823,'12','12');
Insert into EDUQUIZ.ESTUDIANTES (IDESTUDIANTE,NOMBRE,APELLIDO,USUARIO,EMAIL,PASSWORD,TELEFONO,IDCURSO,IDGRUPO) values ('36','Daniel','Martínez','daniel.martinez','danielmartinez@example.com','daniel789',123456824,'12','12');
Insert into EDUQUIZ.ESTUDIANTES (IDESTUDIANTE,NOMBRE,APELLIDO,USUARIO,EMAIL,PASSWORD,TELEFONO,IDCURSO,IDGRUPO) values ('37','María','Rodríguez','maria.rodriguez','mariarodriguez@example.com','maria123',123456825,'13','13');
Insert into EDUQUIZ.ESTUDIANTES (IDESTUDIANTE,NOMBRE,APELLIDO,USUARIO,EMAIL,PASSWORD,TELEFONO,IDCURSO,IDGRUPO) values ('38','Javier','Pérez','javier.perez','javierperez@example.com','javier456',123456826,'13','13');
Insert into EDUQUIZ.ESTUDIANTES (IDESTUDIANTE,NOMBRE,APELLIDO,USUARIO,EMAIL,PASSWORD,TELEFONO,IDCURSO,IDGRUPO) values ('39','Laura','González','laura.gonzalez','lauragonzalez@example.com','laura789',123456827,'13','13');
Insert into EDUQUIZ.ESTUDIANTES (IDESTUDIANTE,NOMBRE,APELLIDO,USUARIO,EMAIL,PASSWORD,TELEFONO,IDCURSO,IDGRUPO) values ('40','Marcos','Sánchez','marcos.sanchez','marcossanchez@example.com','marcos123',123456828,'14','14');
Insert into EDUQUIZ.ESTUDIANTES (IDESTUDIANTE,NOMBRE,APELLIDO,USUARIO,EMAIL,PASSWORD,TELEFONO,IDCURSO,IDGRUPO) values ('41','Carmen','Martínez','carmen.martinez','carmenmartinez@example.com','carmen456',123456829,'14','14');
Insert into EDUQUIZ.ESTUDIANTES (IDESTUDIANTE,NOMBRE,APELLIDO,USUARIO,EMAIL,PASSWORD,TELEFONO,IDCURSO,IDGRUPO) values ('42','Hugo','Fernández','hugo.fernandez','hugofernandez@example.com','hugo789',123456830,'14','14');
Insert into EDUQUIZ.ESTUDIANTES (IDESTUDIANTE,NOMBRE,APELLIDO,USUARIO,EMAIL,PASSWORD,TELEFONO,IDCURSO,IDGRUPO) values ('43','Sara','Gómez','sara.gomez','saragomez@example.com','sara123',123456831,'15','15');
Insert into EDUQUIZ.ESTUDIANTES (IDESTUDIANTE,NOMBRE,APELLIDO,USUARIO,EMAIL,PASSWORD,TELEFONO,IDCURSO,IDGRUPO) values ('44','Miguel','Hernández','miguel.hernandez','miguelhernandez@example.com','miguel456',123456832,'15','15');
Insert into EDUQUIZ.ESTUDIANTES (IDESTUDIANTE,NOMBRE,APELLIDO,USUARIO,EMAIL,PASSWORD,TELEFONO,IDCURSO,IDGRUPO) values ('45','Elena','Rodríguez','elena.rodriguez','elenarodriguez@example.com','elena789',123456833,'15','15');
Insert into EDUQUIZ.ESTUDIANTES (IDESTUDIANTE,NOMBRE,APELLIDO,USUARIO,EMAIL,PASSWORD,TELEFONO,IDCURSO,IDGRUPO) values ('46','Diego','Martínez','diego.martinez','diegomartinez@example.com','diego123',123456834,'16','16');
Insert into EDUQUIZ.ESTUDIANTES (IDESTUDIANTE,NOMBRE,APELLIDO,USUARIO,EMAIL,PASSWORD,TELEFONO,IDCURSO,IDGRUPO) values ('47','Paula','Gómez','paula.gomez','paulagomez@example.com','paula456',123456835,'16','16');
Insert into EDUQUIZ.ESTUDIANTES (IDESTUDIANTE,NOMBRE,APELLIDO,USUARIO,EMAIL,PASSWORD,TELEFONO,IDCURSO,IDGRUPO) values ('48','Mario','Fernández','mario.fernandez','mariofernandez@example.com','mario789',123456836,'16','16');
Insert into EDUQUIZ.ESTUDIANTES (IDESTUDIANTE,NOMBRE,APELLIDO,USUARIO,EMAIL,PASSWORD,TELEFONO,IDCURSO,IDGRUPO) values ('49','Lucía','Hernández','lucia.hernandez','luciahernandez@example.com','lucia123',123456837,'17','17');
Insert into EDUQUIZ.ESTUDIANTES (IDESTUDIANTE,NOMBRE,APELLIDO,USUARIO,EMAIL,PASSWORD,TELEFONO,IDCURSO,IDGRUPO) values ('50','Marcos','Gómez','marcos.gomez','marcosgomez@example.com','marcos456',123456838,'17','17');

Insert into EDUQUIZ.SALONES (IDSALON, DESCRIPCION) values (1, 'Sala de Conferencias');
Insert into EDUQUIZ.SALONES (IDSALON, DESCRIPCION) values (2, 'Aula Magna');
Insert into EDUQUIZ.SALONES (IDSALON, DESCRIPCION) values (3, 'Sala de Reuniones');
Insert into EDUQUIZ.SALONES (IDSALON, DESCRIPCION) values (4, 'Sala de Estudio 1');
Insert into EDUQUIZ.SALONES (IDSALON, DESCRIPCION) values (5, 'Laboratorio de Informática');
Insert into EDUQUIZ.SALONES (IDSALON, DESCRIPCION) values (6, 'Aula 101');
Insert into EDUQUIZ.SALONES (IDSALON, DESCRIPCION) values (7, 'Sala de Arte');
Insert into EDUQUIZ.SALONES (IDSALON, DESCRIPCION) values (8, 'Aula 102');
Insert into EDUQUIZ.SALONES (IDSALON, DESCRIPCION) values (9, 'Sala de Presentaciones');
Insert into EDUQUIZ.SALONES (IDSALON, DESCRIPCION) values (10, 'Sala de Lectura');
Insert into EDUQUIZ.SALONES (IDSALON, DESCRIPCION) values (11, 'Aula 103');
Insert into EDUQUIZ.SALONES (IDSALON, DESCRIPCION) values (12, 'Sala de Música');
Insert into EDUQUIZ.SALONES (IDSALON, DESCRIPCION) values (13, 'Aula 104');
Insert into EDUQUIZ.SALONES (IDSALON, DESCRIPCION) values (14, 'Sala de Cine');
Insert into EDUQUIZ.SALONES (IDSALON, DESCRIPCION) values (15, 'Laboratorio de Ciencias');
Insert into EDUQUIZ.SALONES (IDSALON, DESCRIPCION) values (16, 'Aula 105');
Insert into EDUQUIZ.SALONES (IDSALON, DESCRIPCION) values (17, 'Sala de Entrenamiento');
Insert into EDUQUIZ.SALONES (IDSALON, DESCRIPCION) values (18, 'Sala de Proyecciones');
Insert into EDUQUIZ.SALONES (IDSALON, DESCRIPCION) values (19, 'Aula 106');
Insert into EDUQUIZ.SALONES (IDSALON, DESCRIPCION) values (20, 'Sala de Exposiciones');
Insert into EDUQUIZ.SALONES (IDSALON, DESCRIPCION) values (21, 'Aula 107');
Insert into EDUQUIZ.SALONES (IDSALON, DESCRIPCION) values (22, 'Sala de Pruebas');
Insert into EDUQUIZ.SALONES (IDSALON, DESCRIPCION) values (23, 'Sala de Espera');
Insert into EDUQUIZ.SALONES (IDSALON, DESCRIPCION) values (24, 'Aula 108');
Insert into EDUQUIZ.SALONES (IDSALON, DESCRIPCION) values (25, 'Sala de Innovación');
Insert into EDUQUIZ.SALONES (IDSALON, DESCRIPCION) values (26, 'Aula 109');
Insert into EDUQUIZ.SALONES (IDSALON, DESCRIPCION) values (27, 'Sala de Descanso');
Insert into EDUQUIZ.SALONES (IDSALON, DESCRIPCION) values (28, 'Sala de Experimentos');
Insert into EDUQUIZ.SALONES (IDSALON, DESCRIPCION) values (29, 'Aula 110');
Insert into EDUQUIZ.SALONES (IDSALON, DESCRIPCION) values (30, 'Sala de Videoconferencias');
Insert into EDUQUIZ.SALONES (IDSALON, DESCRIPCION) values (31, 'Aula 111');
Insert into EDUQUIZ.SALONES (IDSALON, DESCRIPCION) values (32, 'Sala de Investigación');
Insert into EDUQUIZ.SALONES (IDSALON, DESCRIPCION) values (33, 'Aula 112');
Insert into EDUQUIZ.SALONES (IDSALON, DESCRIPCION) values (34, 'Sala de Recreación');
Insert into EDUQUIZ.SALONES (IDSALON, DESCRIPCION) values (35, 'Aula 113');
Insert into EDUQUIZ.SALONES (IDSALON, DESCRIPCION) values (36, 'Sala de Descubrimiento');
Insert into EDUQUIZ.SALONES (IDSALON, DESCRIPCION) values (37, 'Aula 114');
Insert into EDUQUIZ.SALONES (IDSALON, DESCRIPCION) values (38, 'Sala de Desarrollo');
Insert into EDUQUIZ.SALONES (IDSALON, DESCRIPCION) values (39, 'Aula 115');
Insert into EDUQUIZ.SALONES (IDSALON, DESCRIPCION) values (40, 'Sala de Capacitación');
Insert into EDUQUIZ.SALONES (IDSALON, DESCRIPCION) values (41, 'Aula 116');
Insert into EDUQUIZ.SALONES (IDSALON, DESCRIPCION) values (42, 'Sala de Reuniones Ejecutivas');
Insert into EDUQUIZ.SALONES (IDSALON, DESCRIPCION) values (43, 'Aula 117');
Insert into EDUQUIZ.SALONES (IDSALON, DESCRIPCION) values (44, 'Sala de Juntas');
Insert into EDUQUIZ.SALONES (IDSALON, DESCRIPCION) values (45, 'Aula 118');
Insert into EDUQUIZ.SALONES (IDSALON, DESCRIPCION) values (46, 'Sala de Entrevistas');
Insert into EDUQUIZ.SALONES (IDSALON, DESCRIPCION) values (47, 'Aula 119');
Insert into EDUQUIZ.SALONES (IDSALON, DESCRIPCION) values (48, 'Sala de Videojuegos');
Insert into EDUQUIZ.SALONES (IDSALON, DESCRIPCION) values (49, 'Aula 120');
Insert into EDUQUIZ.SALONES (IDSALON, DESCRIPCION) values (50, 'Sala de Estudio 2');

INSERT INTO EDUQUIZ.EDIFICIOS (IDEDIFICIO, DESCRIPCION) VALUES (1, 'Biblioteca Central');
INSERT INTO EDUQUIZ.EDIFICIOS (IDEDIFICIO, DESCRIPCION) VALUES (2, 'Laboratorio de Ciencias');
INSERT INTO EDUQUIZ.EDIFICIOS (IDEDIFICIO, DESCRIPCION) VALUES (3, 'Centro de Investigación Tecnológica');
INSERT INTO EDUQUIZ.EDIFICIOS (IDEDIFICIO, DESCRIPCION) VALUES (4, 'Centro civico');
INSERT INTO EDUQUIZ.EDIFICIOS (IDEDIFICIO, DESCRIPCION) VALUES (5, 'Edificio de Ingeniería');
INSERT INTO EDUQUIZ.EDIFICIOS (IDEDIFICIO, DESCRIPCION) VALUES (6, 'Facultad de Ciencias Sociales');
INSERT INTO EDUQUIZ.EDIFICIOS (IDEDIFICIO, DESCRIPCION) VALUES (7, 'Edificio de Humanidades');
INSERT INTO EDUQUIZ.EDIFICIOS (IDEDIFICIO, DESCRIPCION) VALUES (8, 'Facultad de Artes');
INSERT INTO EDUQUIZ.EDIFICIOS (IDEDIFICIO, DESCRIPCION) VALUES (9, 'Centro de Idiomas');
INSERT INTO EDUQUIZ.EDIFICIOS (IDEDIFICIO, DESCRIPCION) VALUES (10, 'Facultad de Economía');
INSERT INTO EDUQUIZ.EDIFICIOS (IDEDIFICIO, DESCRIPCION) VALUES (11, 'Centro de Recursos Educativos');
INSERT INTO EDUQUIZ.EDIFICIOS (IDEDIFICIO, DESCRIPCION) VALUES (12, 'Laboratorio de Informática');
INSERT INTO EDUQUIZ.EDIFICIOS (IDEDIFICIO, DESCRIPCION) VALUES (13, 'Facultad de Matemáticas');
INSERT INTO EDUQUIZ.EDIFICIOS (IDEDIFICIO, DESCRIPCION) VALUES (14, 'Centro de Formación Docente');
INSERT INTO EDUQUIZ.EDIFICIOS (IDEDIFICIO, DESCRIPCION) VALUES (15, 'Facultad de Negocios');
INSERT INTO EDUQUIZ.EDIFICIOS (IDEDIFICIO, DESCRIPCION) VALUES (16, 'Centro de Innovación Educativa');
INSERT INTO EDUQUIZ.EDIFICIOS (IDEDIFICIO, DESCRIPCION) VALUES (17, 'Laboratorio de Química Orgánica');
INSERT INTO EDUQUIZ.EDIFICIOS (IDEDIFICIO, DESCRIPCION) VALUES (18, 'Instituto de Investigación Científica');
INSERT INTO EDUQUIZ.EDIFICIOS (IDEDIFICIO, DESCRIPCION) VALUES (19, 'Facultad de Medicina');
INSERT INTO EDUQUIZ.EDIFICIOS (IDEDIFICIO, DESCRIPCION) VALUES (20, 'Centro de Educación Ambiental');
INSERT INTO EDUQUIZ.EDIFICIOS (IDEDIFICIO, DESCRIPCION) VALUES (21, 'Edificio de Psicología');
INSERT INTO EDUQUIZ.EDIFICIOS (IDEDIFICIO, DESCRIPCION) VALUES (22, 'Centro de Tecnología Educativa');
INSERT INTO EDUQUIZ.EDIFICIOS (IDEDIFICIO, DESCRIPCION) VALUES (23, 'Facultad de Derecho');
INSERT INTO EDUQUIZ.EDIFICIOS (IDEDIFICIO, DESCRIPCION) VALUES (24, 'Laboratorio de Biología Molecular');
INSERT INTO EDUQUIZ.EDIFICIOS (IDEDIFICIO, DESCRIPCION) VALUES (25, 'Facultad de Ciencias Aplicadas');
INSERT INTO EDUQUIZ.EDIFICIOS (IDEDIFICIO, DESCRIPCION) VALUES (26, 'Centro de Estudios Avanzados');
INSERT INTO EDUQUIZ.EDIFICIOS (IDEDIFICIO, DESCRIPCION) VALUES (27, 'Facultad de Música');
INSERT INTO EDUQUIZ.EDIFICIOS (IDEDIFICIO, DESCRIPCION) VALUES (28, 'Laboratorio de Física Cuántica');
INSERT INTO EDUQUIZ.EDIFICIOS (IDEDIFICIO, DESCRIPCION) VALUES (29, 'Facultad de Estudios Literarios');
INSERT INTO EDUQUIZ.EDIFICIOS (IDEDIFICIO, DESCRIPCION) VALUES (30, 'Centro de Ciencias de la Salud');
INSERT INTO EDUQUIZ.EDIFICIOS (IDEDIFICIO, DESCRIPCION) VALUES (31, 'Facultad de Comunicación');
INSERT INTO EDUQUIZ.EDIFICIOS (IDEDIFICIO, DESCRIPCION) VALUES (32, 'Centro de Formación Continua');
INSERT INTO EDUQUIZ.EDIFICIOS (IDEDIFICIO, DESCRIPCION) VALUES (33, 'Instituto de Investigación Educativa');
INSERT INTO EDUQUIZ.EDIFICIOS (IDEDIFICIO, DESCRIPCION) VALUES (34, 'Facultad de Medicina');
INSERT INTO EDUQUIZ.EDIFICIOS (IDEDIFICIO, DESCRIPCION) VALUES (35, 'Centro de Recursos Audiovisuales');
INSERT INTO EDUQUIZ.EDIFICIOS (IDEDIFICIO, DESCRIPCION) VALUES (36, 'Facultad de Turismo');
INSERT INTO EDUQUIZ.EDIFICIOS (IDEDIFICIO, DESCRIPCION) VALUES (37, 'Laboratorio de Geología');
INSERT INTO EDUQUIZ.EDIFICIOS (IDEDIFICIO, DESCRIPCION) VALUES (38, 'Centro de Estudios Internacionales');
INSERT INTO EDUQUIZ.EDIFICIOS (IDEDIFICIO, DESCRIPCION) VALUES (39, 'Instituto de Neurociencias');
INSERT INTO EDUQUIZ.EDIFICIOS (IDEDIFICIO, DESCRIPCION) VALUES (40, 'Facultad de Arquitectura');
INSERT INTO EDUQUIZ.EDIFICIOS (IDEDIFICIO, DESCRIPCION) VALUES (41, 'Centro de Educación Inclusiva');
INSERT INTO EDUQUIZ.EDIFICIOS (IDEDIFICIO, DESCRIPCION) VALUES (42, 'Facultad de Robótica');
INSERT INTO EDUQUIZ.EDIFICIOS (IDEDIFICIO, DESCRIPCION) VALUES (43, 'Laboratorio de Energías Renovables');
INSERT INTO EDUQUIZ.EDIFICIOS (IDEDIFICIO, DESCRIPCION) VALUES (44, 'Instituto de Estudios Históricos');
INSERT INTO EDUQUIZ.EDIFICIOS (IDEDIFICIO, DESCRIPCION) VALUES (45, 'Centro de Desarrollo Profesional');
INSERT INTO EDUQUIZ.EDIFICIOS (IDEDIFICIO, DESCRIPCION) VALUES (46, 'Facultad de Filosofía');
INSERT INTO EDUQUIZ.EDIFICIOS (IDEDIFICIO, DESCRIPCION) VALUES (47, 'Facultad de Diseño Gráfico');
INSERT INTO EDUQUIZ.EDIFICIOS (IDEDIFICIO, DESCRIPCION) VALUES (48, 'Laboratorio de Nanotecnología');
INSERT INTO EDUQUIZ.EDIFICIOS (IDEDIFICIO, DESCRIPCION) VALUES (49, 'Facultad de Estudios Sociales');
INSERT INTO EDUQUIZ.EDIFICIOS (IDEDIFICIO, DESCRIPCION) VALUES (50, 'Centro de Educación Primaria');

INSERT INTO EDUQUIZ.TEMAS (IDTEMA, NOMBRE, DESCRIPCION, IDCONTENIDO) VALUES (1, 'El Siglo de Oro Español', 'Explora la época dorada de la literatura española', 4);
INSERT INTO EDUQUIZ.TEMAS (IDTEMA, NOMBRE, DESCRIPCION, IDCONTENIDO) VALUES (2, 'El Modernismo en la Literatura Española', 'Analiza el movimiento literario del modernismo en España', 4);
INSERT INTO EDUQUIZ.TEMAS (IDTEMA, NOMBRE, DESCRIPCION, IDCONTENIDO) VALUES (3, 'Literatura en la Edad Media española', 'Literatura de la Edad Media en España,la influencia de la cultura árabe y judía', 5);
INSERT INTO EDUQUIZ.TEMAS (IDTEMA, NOMBRE, DESCRIPCION, IDCONTENIDO) VALUES (4, 'La prosa del Siglo de Oro', 'Riqueza y diversidad de la prosa en el Siglo de Oro español', 6);
INSERT INTO EDUQUIZ.TEMAS (IDTEMA, NOMBRE, DESCRIPCION, IDCONTENIDO) VALUES (5, 'El teatro del Siglo de Oro', 'Brillantez y la diversidad del teatro español durante el Siglo de Oro', 6);
INSERT INTO EDUQUIZ.TEMAS (IDTEMA, NOMBRE, DESCRIPCION, IDCONTENIDO) VALUES (6, 'Conceptos Fundamentales de la Mecánica Clásica', 'Principios básicos de la mecánica clásica, la cinemática, dinámica y estática', 7);
INSERT INTO EDUQUIZ.TEMAS (IDTEMA, NOMBRE, DESCRIPCION, IDCONTENIDO) VALUES (7, 'Leyes de Newton y sus Aplicaciones', 'Las tres leyes del movimiento de Newton y su relevancia en la descripción de los sistemas físicos', 7);
INSERT INTO EDUQUIZ.TEMAS (IDTEMA, NOMBRE, DESCRIPCION, IDCONTENIDO) VALUES (8, 'Primera Ley de Newton: Ley de la Inercia', 'La primera ley del movimiento de Newton, también conocida como ley de la inercia.', 8);
INSERT INTO EDUQUIZ.TEMAS (IDTEMA, NOMBRE, DESCRIPCION, IDCONTENIDO) VALUES (9, 'Segunda y Tercera Ley de Newton: Fuerza y Acción-Reacción', 'Las dos últimas leyes del movimiento de Newton', 8);
INSERT INTO EDUQUIZ.TEMAS (IDTEMA, NOMBRE, DESCRIPCION, IDCONTENIDO) VALUES (10, 'Concepto de Trabajo en Física', 'Concepto de trabajo en física', 9);
INSERT INTO EDUQUIZ.TEMAS (IDTEMA, NOMBRE, DESCRIPCION, IDCONTENIDO) VALUES (11, 'Tipos de Energía y su Transformación', 'Los diferentes tipos de energía, como la cinética, potencial,etc', 9);
INSERT INTO EDUQUIZ.TEMAS (IDTEMA, NOMBRE, DESCRIPCION, IDCONTENIDO) VALUES (12, 'Estructura y Nomenclatura de Compuestos Orgánicos', 'Fundamentos de la química orgánica', 10);
INSERT INTO EDUQUIZ.TEMAS (IDTEMA, NOMBRE, DESCRIPCION, IDCONTENIDO) VALUES (13, 'Enlace Químico en Compuestos Orgánicos', 'Los diferentes tipos de enlaces químicos presentes en los compuestos orgánicos', 10);
INSERT INTO EDUQUIZ.TEMAS (IDTEMA, NOMBRE, DESCRIPCION, IDCONTENIDO) VALUES (14, 'Clasificación de las Reacciones Orgánicas', 'Clasificación de las reacciones orgánicas según diferentes criterios', 11);
INSERT INTO EDUQUIZ.TEMAS (IDTEMA, NOMBRE, DESCRIPCION, IDCONTENIDO) VALUES (15, 'Mecanismos de Reacción en Química Orgánica', 'Los mecanismos de reacción que gobiernan el curso de las transformaciones químicas', 11);
INSERT INTO EDUQUIZ.TEMAS (IDTEMA, NOMBRE, DESCRIPCION, IDCONTENIDO) VALUES (16, 'Estructura y Función de la Membrana Celular', 'Estructura fundamental en la biología celular', 12);
INSERT INTO EDUQUIZ.TEMAS (IDTEMA, NOMBRE, DESCRIPCION, IDCONTENIDO) VALUES (17, 'Organelos Celulares y sus Funciones', 'Los distintos organelos celulares y sus funciones específicas dentro de la célula', 12);
INSERT INTO EDUQUIZ.TEMAS (IDTEMA, NOMBRE, DESCRIPCION, IDCONTENIDO) VALUES (18, 'Estructura y Función del Núcleo Celular', 'Este tema se enfoca en el núcleo celular', 13);
INSERT INTO EDUQUIZ.TEMAS (IDTEMA, NOMBRE, DESCRIPCION, IDCONTENIDO) VALUES (19, 'Exploración de los Organelos Citoplasmáticos', 'Los organelos citoplasmáticos que se encuentran fuera del núcleo en la célula eucariota', 13);
INSERT INTO EDUQUIZ.TEMAS (IDTEMA, NOMBRE, DESCRIPCION, IDCONTENIDO) VALUES (20, 'Metabolismo Celular: Anabolismo y Catabolismo', 'Procesos metabólicos fundamentales en las células', 14);
INSERT INTO EDUQUIZ.TEMAS (IDTEMA, NOMBRE, DESCRIPCION, IDCONTENIDO) VALUES (21, 'Comunicación Celular: Señalización y Transducción', 'Comunicación entre células y cómo las células perciben y responden a señales', 14);
INSERT INTO EDUQUIZ.TEMAS (IDTEMA, NOMBRE, DESCRIPCION, IDCONTENIDO) VALUES (22, 'Principales Civilizaciones de la Antigüedad', 'Visión general de las principales civilizaciones de la antigüedada', 15);
INSERT INTO EDUQUIZ.TEMAS (IDTEMA, NOMBRE, DESCRIPCION, IDCONTENIDO) VALUES (23, 'Desarrollo y Difusión de la Escritura en la Antigüedad', 'Se analiza el desarrollo y la difusión de la escritura en la antigüedad', 15);
INSERT INTO EDUQUIZ.TEMAS (IDTEMA, NOMBRE, DESCRIPCION, IDCONTENIDO) VALUES (24, 'La Civilización Egipcia: Potencia del Antiguo Mediterráneo', 'La Grecia Antigua: Cuna de la Civilización Mediterránea', 16);
INSERT INTO EDUQUIZ.TEMAS (IDTEMA, NOMBRE, DESCRIPCION, IDCONTENIDO) VALUES (25, 'La Grecia Antigua: Cuna de la Civilización Mediterránea', 'Se examina la civilización griega y su impacto en el Mediterráneo antiguo', 16);
INSERT INTO EDUQUIZ.TEMAS (IDTEMA, NOMBRE, DESCRIPCION, IDCONTENIDO) VALUES (26, 'El Imperio Chino: De la Antigüedad hasta la Dinastía Qing', 'La historia del imperio chino desde sus orígenes hasta la dinastía Qing', 17);
INSERT INTO EDUQUIZ.TEMAS (IDTEMA, NOMBRE, DESCRIPCION, IDCONTENIDO) VALUES (27, 'El Imperio Japonés: Del Período Heian al Shogunato', 'La historia del imperio japonés desde el período Heian hasta el shogunato', 17);
INSERT INTO EDUQUIZ.TEMAS (IDTEMA, NOMBRE, DESCRIPCION, IDCONTENIDO) VALUES (28, 'Los Procesos Geológicos: Tectónica de Placas y relieve', 'los procesos geológicos que dan forma a la superficie terrestre', 18);
INSERT INTO EDUQUIZ.TEMAS (IDTEMA, NOMBRE, DESCRIPCION, IDCONTENIDO) VALUES (29, 'Climatología y Biogeografía: Factores y Zonas Climáticas', 'Literatura de la Edad Media en España,la influencia de la cultura árabe y judía', 18);
INSERT INTO EDUQUIZ.TEMAS (IDTEMA, NOMBRE, DESCRIPCION, IDCONTENIDO) VALUES (30, 'Formas de relieve producidas por agentes endógenos', 'Se centra en las formas de relieve terrestre que son el resultado de procesos endógenos', 19);
INSERT INTO EDUQUIZ.TEMAS (IDTEMA, NOMBRE, DESCRIPCION, IDCONTENIDO) VALUES (31, 'Formas de relieve producidas por agentes exógenos', 'Se estudian las formas de relieve terrestre que son el resultado de procesos exógenos', 19);
INSERT INTO EDUQUIZ.TEMAS (IDTEMA, NOMBRE, DESCRIPCION, IDCONTENIDO) VALUES (32, 'Factores que Influencian el Clima', 'Se centra en los diversos factores que influyen en el clima de una región', 20);
INSERT INTO EDUQUIZ.TEMAS (IDTEMA, NOMBRE, DESCRIPCION, IDCONTENIDO) VALUES (33, 'Saludos y Presentaciones en Inglés', 'Las formas adecuadas de saludar y presentarse en inglés', 21);
INSERT INTO EDUQUIZ.TEMAS (IDTEMA, NOMBRE, DESCRIPCION, IDCONTENIDO) VALUES (34, 'Números y Fechas en Inglés', 'Se exploran los números y las fechas en inglés', 21);
INSERT INTO EDUQUIZ.TEMAS (IDTEMA, NOMBRE, DESCRIPCION, IDCONTENIDO) VALUES (35, 'Uso Avanzado de los Tiempos Verbales', 'Se enfoca en el uso avanzado de los tiempos verbales en inglés', 22);
INSERT INTO EDUQUIZ.TEMAS (IDTEMA, NOMBRE, DESCRIPCION, IDCONTENIDO) VALUES (36, 'Construcción de Oraciones Complejas y Sintaxis', 'Se abordan las técnicas para construir oraciones complejas y estructuras sintácticas avanzadas.', 22);
INSERT INTO EDUQUIZ.TEMAS (IDTEMA, NOMBRE, DESCRIPCION, IDCONTENIDO) VALUES (37, 'Práctica de Conversación en Situaciones Cotidianas', 'Se centra en la práctica de la conversación en inglés en situaciones cotidianas', 23);
INSERT INTO EDUQUIZ.TEMAS (IDTEMA, NOMBRE, DESCRIPCION, IDCONTENIDO) VALUES (38, 'Comprensión Auditiva de Diversos Acentos y Velocidades', 'Comprensión auditiva de diferentes acentos del inglés y variaciones en la velocidad del habla', 23);
INSERT INTO EDUQUIZ.TEMAS (IDTEMA, NOMBRE, DESCRIPCION, IDCONTENIDO) VALUES (39, 'Técnica de Respiración en Natación', 'Se enfoca en la técnica de respiración adecuada durante la natación', 24);
INSERT INTO EDUQUIZ.TEMAS (IDTEMA, NOMBRE, DESCRIPCION, IDCONTENIDO) VALUES (40, 'Perfeccionamiento de los Estilos de Natación', 'Se abordan técnicas avanzadas para perfeccionar los estilos de natación', 24);

Insert into EDUQUIZ.ESTADOS (IDESTADO,DESCRIPCION) values ('1','Publico');
Insert into EDUQUIZ.ESTADOS (IDESTADO,DESCRIPCION) values ('2','Privado');

Insert into EDUQUIZ.TIPOSPREGUNTAS (IDTIPOPREGUNTA,DESCRIPCION) values ('1','Selección múltiple múltiples respuestas');
Insert into EDUQUIZ.TIPOSPREGUNTAS (IDTIPOPREGUNTA,DESCRIPCION) values ('2','Selección múltiple única respuesta');
Insert into EDUQUIZ.TIPOSPREGUNTAS (IDTIPOPREGUNTA,DESCRIPCION) values ('3','Falso y verdadero');
Insert into EDUQUIZ.TIPOSPREGUNTAS (IDTIPOPREGUNTA,DESCRIPCION) values ('4','Ordenar');
Insert into EDUQUIZ.TIPOSPREGUNTAS (IDTIPOPREGUNTA,DESCRIPCION) values ('5','Emparejar');
Insert into EDUQUIZ.TIPOSPREGUNTAS (IDTIPOPREGUNTA,DESCRIPCION) values ('6','Completar');

Insert into EDUQUIZ.LUGARES (IDLUGAR,IDEDIFICIO,IDSALON) values ('1','1','1');
Insert into EDUQUIZ.LUGARES (IDLUGAR,IDEDIFICIO,IDSALON) values ('2','2','2');
Insert into EDUQUIZ.LUGARES (IDLUGAR,IDEDIFICIO,IDSALON) values ('3','3','3');
Insert into EDUQUIZ.LUGARES (IDLUGAR,IDEDIFICIO,IDSALON) values ('4','4','4');
Insert into EDUQUIZ.LUGARES (IDLUGAR,IDEDIFICIO,IDSALON) values ('5','5','5');
Insert into EDUQUIZ.LUGARES (IDLUGAR,IDEDIFICIO,IDSALON) values ('6','6','6');
Insert into EDUQUIZ.LUGARES (IDLUGAR,IDEDIFICIO,IDSALON) values ('7','7','7');
Insert into EDUQUIZ.LUGARES (IDLUGAR,IDEDIFICIO,IDSALON) values ('8','8','8');
Insert into EDUQUIZ.LUGARES (IDLUGAR,IDEDIFICIO,IDSALON) values ('9','9','9');
Insert into EDUQUIZ.LUGARES (IDLUGAR,IDEDIFICIO,IDSALON) values ('10','10','10');
Insert into EDUQUIZ.LUGARES (IDLUGAR,IDEDIFICIO,IDSALON) values ('11','11','11');
Insert into EDUQUIZ.LUGARES (IDLUGAR,IDEDIFICIO,IDSALON) values ('12','12','12');
Insert into EDUQUIZ.LUGARES (IDLUGAR,IDEDIFICIO,IDSALON) values ('13','13','13');
Insert into EDUQUIZ.LUGARES (IDLUGAR,IDEDIFICIO,IDSALON) values ('14','14','14');
Insert into EDUQUIZ.LUGARES (IDLUGAR,IDEDIFICIO,IDSALON) values ('15','15','15');
Insert into EDUQUIZ.LUGARES (IDLUGAR,IDEDIFICIO,IDSALON) values ('16','16','16');
Insert into EDUQUIZ.LUGARES (IDLUGAR,IDEDIFICIO,IDSALON) values ('17','17','17');
Insert into EDUQUIZ.LUGARES (IDLUGAR,IDEDIFICIO,IDSALON) values ('18','18','18');
Insert into EDUQUIZ.LUGARES (IDLUGAR,IDEDIFICIO,IDSALON) values ('19','19','19');
Insert into EDUQUIZ.LUGARES (IDLUGAR,IDEDIFICIO,IDSALON) values ('20','20','20');
Insert into EDUQUIZ.LUGARES (IDLUGAR,IDEDIFICIO,IDSALON) values ('21','21','21');
Insert into EDUQUIZ.LUGARES (IDLUGAR,IDEDIFICIO,IDSALON) values ('22','22','22');
Insert into EDUQUIZ.LUGARES (IDLUGAR,IDEDIFICIO,IDSALON) values ('23','23','23');
Insert into EDUQUIZ.LUGARES (IDLUGAR,IDEDIFICIO,IDSALON) values ('24','24','24');
Insert into EDUQUIZ.LUGARES (IDLUGAR,IDEDIFICIO,IDSALON) values ('25','25','25');
Insert into EDUQUIZ.LUGARES (IDLUGAR,IDEDIFICIO,IDSALON) values ('26','26','26');
Insert into EDUQUIZ.LUGARES (IDLUGAR,IDEDIFICIO,IDSALON) values ('27','27','27');
Insert into EDUQUIZ.LUGARES (IDLUGAR,IDEDIFICIO,IDSALON) values ('28','28','28');
Insert into EDUQUIZ.LUGARES (IDLUGAR,IDEDIFICIO,IDSALON) values ('29','29','29');
Insert into EDUQUIZ.LUGARES (IDLUGAR,IDEDIFICIO,IDSALON) values ('30','30','30');
Insert into EDUQUIZ.LUGARES (IDLUGAR,IDEDIFICIO,IDSALON) values ('31','31','31');
Insert into EDUQUIZ.LUGARES (IDLUGAR,IDEDIFICIO,IDSALON) values ('32','32','32');
Insert into EDUQUIZ.LUGARES (IDLUGAR,IDEDIFICIO,IDSALON) values ('33','33','33');
Insert into EDUQUIZ.LUGARES (IDLUGAR,IDEDIFICIO,IDSALON) values ('34','34','34');
Insert into EDUQUIZ.LUGARES (IDLUGAR,IDEDIFICIO,IDSALON) values ('35','35','35');
Insert into EDUQUIZ.LUGARES (IDLUGAR,IDEDIFICIO,IDSALON) values ('36','36','36');
Insert into EDUQUIZ.LUGARES (IDLUGAR,IDEDIFICIO,IDSALON) values ('37','37','37');
Insert into EDUQUIZ.LUGARES (IDLUGAR,IDEDIFICIO,IDSALON) values ('38','38','38');
Insert into EDUQUIZ.LUGARES (IDLUGAR,IDEDIFICIO,IDSALON) values ('39','39','39');
Insert into EDUQUIZ.LUGARES (IDLUGAR,IDEDIFICIO,IDSALON) values ('40','40','40');
Insert into EDUQUIZ.LUGARES (IDLUGAR,IDEDIFICIO,IDSALON) values ('41','41','41');
Insert into EDUQUIZ.LUGARES (IDLUGAR,IDEDIFICIO,IDSALON) values ('42','42','42');
Insert into EDUQUIZ.LUGARES (IDLUGAR,IDEDIFICIO,IDSALON) values ('43','43','43');
Insert into EDUQUIZ.LUGARES (IDLUGAR,IDEDIFICIO,IDSALON) values ('44','44','44');
Insert into EDUQUIZ.LUGARES (IDLUGAR,IDEDIFICIO,IDSALON) values ('45','45','45');
Insert into EDUQUIZ.LUGARES (IDLUGAR,IDEDIFICIO,IDSALON) values ('46','46','46');
Insert into EDUQUIZ.LUGARES (IDLUGAR,IDEDIFICIO,IDSALON) values ('47','47','47');
Insert into EDUQUIZ.LUGARES (IDLUGAR,IDEDIFICIO,IDSALON) values ('48','48','48');
Insert into EDUQUIZ.LUGARES (IDLUGAR,IDEDIFICIO,IDSALON) values ('49','49','49');
Insert into EDUQUIZ.LUGARES (IDLUGAR,IDEDIFICIO,IDSALON) values ('50','50','50');

Insert into EDUQUIZ.ASIGNACION_DIAS (IDASIGNACIONDIA,IDDIA,IDCURSO,IDLUGAR) values ('1','1','1','1');
Insert into EDUQUIZ.ASIGNACION_DIAS (IDASIGNACIONDIA,IDDIA,IDCURSO,IDLUGAR) values ('2','2','2','2');
Insert into EDUQUIZ.ASIGNACION_DIAS (IDASIGNACIONDIA,IDDIA,IDCURSO,IDLUGAR) values ('3','3','3','3');
Insert into EDUQUIZ.ASIGNACION_DIAS (IDASIGNACIONDIA,IDDIA,IDCURSO,IDLUGAR) values ('4','4','4','4');
Insert into EDUQUIZ.ASIGNACION_DIAS (IDASIGNACIONDIA,IDDIA,IDCURSO,IDLUGAR) values ('5','5','5','5');
Insert into EDUQUIZ.ASIGNACION_DIAS (IDASIGNACIONDIA,IDDIA,IDCURSO,IDLUGAR) values ('6','1','6','6');
Insert into EDUQUIZ.ASIGNACION_DIAS (IDASIGNACIONDIA,IDDIA,IDCURSO,IDLUGAR) values ('7','2','7','7');
Insert into EDUQUIZ.ASIGNACION_DIAS (IDASIGNACIONDIA,IDDIA,IDCURSO,IDLUGAR) values ('8','2','8','8');
Insert into EDUQUIZ.ASIGNACION_DIAS (IDASIGNACIONDIA,IDDIA,IDCURSO,IDLUGAR) values ('9','3','9','9');
Insert into EDUQUIZ.ASIGNACION_DIAS (IDASIGNACIONDIA,IDDIA,IDCURSO,IDLUGAR) values ('10','4','10','10');
Insert into EDUQUIZ.ASIGNACION_DIAS (IDASIGNACIONDIA,IDDIA,IDCURSO,IDLUGAR) values ('11','5','11','11');
Insert into EDUQUIZ.ASIGNACION_DIAS (IDASIGNACIONDIA,IDDIA,IDCURSO,IDLUGAR) values ('12','1','12','12');
Insert into EDUQUIZ.ASIGNACION_DIAS (IDASIGNACIONDIA,IDDIA,IDCURSO,IDLUGAR) values ('13','2','13','13');
Insert into EDUQUIZ.ASIGNACION_DIAS (IDASIGNACIONDIA,IDDIA,IDCURSO,IDLUGAR) values ('14','3','14','14');
Insert into EDUQUIZ.ASIGNACION_DIAS (IDASIGNACIONDIA,IDDIA,IDCURSO,IDLUGAR) values ('15','4','15','15');
Insert into EDUQUIZ.ASIGNACION_DIAS (IDASIGNACIONDIA,IDDIA,IDCURSO,IDLUGAR) values ('16','5','16','16');
Insert into EDUQUIZ.ASIGNACION_DIAS (IDASIGNACIONDIA,IDDIA,IDCURSO,IDLUGAR) values ('17','1','17','17');
Insert into EDUQUIZ.ASIGNACION_DIAS (IDASIGNACIONDIA,IDDIA,IDCURSO,IDLUGAR) values ('18','2','18','18');
Insert into EDUQUIZ.ASIGNACION_DIAS (IDASIGNACIONDIA,IDDIA,IDCURSO,IDLUGAR) values ('19','3','19','19');
Insert into EDUQUIZ.ASIGNACION_DIAS (IDASIGNACIONDIA,IDDIA,IDCURSO,IDLUGAR) values ('20','4','20','20');
Insert into EDUQUIZ.ASIGNACION_DIAS (IDASIGNACIONDIA,IDDIA,IDCURSO,IDLUGAR) values ('21','5','21','21');
Insert into EDUQUIZ.ASIGNACION_DIAS (IDASIGNACIONDIA,IDDIA,IDCURSO,IDLUGAR) values ('22','1','22','22');
Insert into EDUQUIZ.ASIGNACION_DIAS (IDASIGNACIONDIA,IDDIA,IDCURSO,IDLUGAR) values ('23','2','23','23');
Insert into EDUQUIZ.ASIGNACION_DIAS (IDASIGNACIONDIA,IDDIA,IDCURSO,IDLUGAR) values ('24','3','24','24');
Insert into EDUQUIZ.ASIGNACION_DIAS (IDASIGNACIONDIA,IDDIA,IDCURSO,IDLUGAR) values ('25','4','25','25');
Insert into EDUQUIZ.ASIGNACION_DIAS (IDASIGNACIONDIA,IDDIA,IDCURSO,IDLUGAR) values ('26','5','26','26');
Insert into EDUQUIZ.ASIGNACION_DIAS (IDASIGNACIONDIA,IDDIA,IDCURSO,IDLUGAR) values ('27','1','27','27');
Insert into EDUQUIZ.ASIGNACION_DIAS (IDASIGNACIONDIA,IDDIA,IDCURSO,IDLUGAR) values ('28','2','28','28');
Insert into EDUQUIZ.ASIGNACION_DIAS (IDASIGNACIONDIA,IDDIA,IDCURSO,IDLUGAR) values ('29','3','29','29');
Insert into EDUQUIZ.ASIGNACION_DIAS (IDASIGNACIONDIA,IDDIA,IDCURSO,IDLUGAR) values ('30','4','30','31');
Insert into EDUQUIZ.ASIGNACION_DIAS (IDASIGNACIONDIA,IDDIA,IDCURSO,IDLUGAR) values ('31','5','31','31');
Insert into EDUQUIZ.ASIGNACION_DIAS (IDASIGNACIONDIA,IDDIA,IDCURSO,IDLUGAR) values ('32','1','32','32');
Insert into EDUQUIZ.ASIGNACION_DIAS (IDASIGNACIONDIA,IDDIA,IDCURSO,IDLUGAR) values ('33','2','33','33');
Insert into EDUQUIZ.ASIGNACION_DIAS (IDASIGNACIONDIA,IDDIA,IDCURSO,IDLUGAR) values ('34','3','34','34');
Insert into EDUQUIZ.ASIGNACION_DIAS (IDASIGNACIONDIA,IDDIA,IDCURSO,IDLUGAR) values ('35','4','35','35');
Insert into EDUQUIZ.ASIGNACION_DIAS (IDASIGNACIONDIA,IDDIA,IDCURSO,IDLUGAR) values ('36','5','36','36');
Insert into EDUQUIZ.ASIGNACION_DIAS (IDASIGNACIONDIA,IDDIA,IDCURSO,IDLUGAR) values ('37','1','37','37');
Insert into EDUQUIZ.ASIGNACION_DIAS (IDASIGNACIONDIA,IDDIA,IDCURSO,IDLUGAR) values ('38','2','38','38');
Insert into EDUQUIZ.ASIGNACION_DIAS (IDASIGNACIONDIA,IDDIA,IDCURSO,IDLUGAR) values ('39','3','39','39');
Insert into EDUQUIZ.ASIGNACION_DIAS (IDASIGNACIONDIA,IDDIA,IDCURSO,IDLUGAR) values ('40','4','40','40');

INSERT INTO EDUQUIZ.HORARIOS (IDHORARIO, HORA_INICIO, HORA_FIN, IDASIGNACIONDIA) VALUES (1, TO_DATE('2024-04-01 08:00:00', 'YYYY-MM-DD HH24:MI:SS'), TO_DATE('2024-04-01 10:00:00', 'YYYY-MM-DD HH24:MI:SS'), 1);
INSERT INTO EDUQUIZ.HORARIOS (IDHORARIO, HORA_INICIO, HORA_FIN, IDASIGNACIONDIA) VALUES (2, TO_DATE('2024-04-01 10:15:00', 'YYYY-MM-DD HH24:MI:SS'), TO_DATE('2024-04-01 12:15:00', 'YYYY-MM-DD HH24:MI:SS'), 2);
INSERT INTO EDUQUIZ.HORARIOS (IDHORARIO, HORA_INICIO, HORA_FIN, IDASIGNACIONDIA) VALUES (3, TO_DATE('2024-04-01 14:00:00', 'YYYY-MM-DD HH24:MI:SS'), TO_DATE('2024-04-01 16:00:00', 'YYYY-MM-DD HH24:MI:SS'), 3);
INSERT INTO EDUQUIZ.HORARIOS (IDHORARIO, HORA_INICIO, HORA_FIN, IDASIGNACIONDIA) VALUES (4, TO_DATE('2024-04-02 08:00:00', 'YYYY-MM-DD HH24:MI:SS'), TO_DATE('2024-04-02 10:00:00', 'YYYY-MM-DD HH24:MI:SS'), 4);
INSERT INTO EDUQUIZ.HORARIOS (IDHORARIO, HORA_INICIO, HORA_FIN, IDASIGNACIONDIA) VALUES (5, TO_DATE('2024-04-02 10:15:00', 'YYYY-MM-DD HH24:MI:SS'), TO_DATE('2024-04-02 12:15:00', 'YYYY-MM-DD HH24:MI:SS'), 5);
INSERT INTO EDUQUIZ.HORARIOS (IDHORARIO, HORA_INICIO, HORA_FIN, IDASIGNACIONDIA) VALUES (6, TO_DATE('2024-04-02 14:00:00', 'YYYY-MM-DD HH24:MI:SS'), TO_DATE('2024-04-02 16:00:00', 'YYYY-MM-DD HH24:MI:SS'), 6);
INSERT INTO EDUQUIZ.HORARIOS (IDHORARIO, HORA_INICIO, HORA_FIN, IDASIGNACIONDIA) VALUES (7, TO_DATE('2024-04-03 08:00:00', 'YYYY-MM-DD HH24:MI:SS'), TO_DATE('2024-04-03 10:00:00', 'YYYY-MM-DD HH24:MI:SS'), 7);
INSERT INTO EDUQUIZ.HORARIOS (IDHORARIO, HORA_INICIO, HORA_FIN, IDASIGNACIONDIA) VALUES (8, TO_DATE('2024-04-03 10:15:00', 'YYYY-MM-DD HH24:MI:SS'), TO_DATE('2024-04-03 12:15:00', 'YYYY-MM-DD HH24:MI:SS'), 8);
INSERT INTO EDUQUIZ.HORARIOS (IDHORARIO, HORA_INICIO, HORA_FIN, IDASIGNACIONDIA) VALUES (9, TO_DATE('2024-04-03 14:00:00', 'YYYY-MM-DD HH24:MI:SS'), TO_DATE('2024-04-03 16:00:00', 'YYYY-MM-DD HH24:MI:SS'), 9);
INSERT INTO EDUQUIZ.HORARIOS (IDHORARIO, HORA_INICIO, HORA_FIN, IDASIGNACIONDIA) VALUES (10, TO_DATE('2024-04-04 08:00:00', 'YYYY-MM-DD HH24:MI:SS'), TO_DATE('2024-04-04 10:00:00', 'YYYY-MM-DD HH24:MI:SS'), 10);
INSERT INTO EDUQUIZ.HORARIOS (IDHORARIO, HORA_INICIO, HORA_FIN, IDASIGNACIONDIA) VALUES (11, TO_DATE('2024-04-04 10:15:00', 'YYYY-MM-DD HH24:MI:SS'), TO_DATE('2024-04-04 12:15:00', 'YYYY-MM-DD HH24:MI:SS'), 11);
INSERT INTO EDUQUIZ.HORARIOS (IDHORARIO, HORA_INICIO, HORA_FIN, IDASIGNACIONDIA) VALUES (12, TO_DATE('2024-04-04 14:00:00', 'YYYY-MM-DD HH24:MI:SS'), TO_DATE('2024-04-04 16:00:00', 'YYYY-MM-DD HH24:MI:SS'), 12);
INSERT INTO EDUQUIZ.HORARIOS (IDHORARIO, HORA_INICIO, HORA_FIN, IDASIGNACIONDIA) VALUES (13, TO_DATE('2024-04-05 08:00:00', 'YYYY-MM-DD HH24:MI:SS'), TO_DATE('2024-04-05 10:00:00', 'YYYY-MM-DD HH24:MI:SS'), 13);
INSERT INTO EDUQUIZ.HORARIOS (IDHORARIO, HORA_INICIO, HORA_FIN, IDASIGNACIONDIA) VALUES (14, TO_DATE('2024-04-05 10:15:00', 'YYYY-MM-DD HH24:MI:SS'), TO_DATE('2024-04-05 12:15:00', 'YYYY-MM-DD HH24:MI:SS'), 14);
INSERT INTO EDUQUIZ.HORARIOS (IDHORARIO, HORA_INICIO, HORA_FIN, IDASIGNACIONDIA) VALUES (15, TO_DATE('2024-04-05 14:00:00', 'YYYY-MM-DD HH24:MI:SS'), TO_DATE('2024-04-05 16:00:00', 'YYYY-MM-DD HH24:MI:SS'), 15);
INSERT INTO EDUQUIZ.HORARIOS (IDHORARIO, HORA_INICIO, HORA_FIN, IDASIGNACIONDIA) VALUES (16, TO_DATE('2024-04-06 08:00:00', 'YYYY-MM-DD HH24:MI:SS'), TO_DATE('2024-04-06 10:00:00', 'YYYY-MM-DD HH24:MI:SS'), 16);
INSERT INTO EDUQUIZ.HORARIOS (IDHORARIO, HORA_INICIO, HORA_FIN, IDASIGNACIONDIA) VALUES (17, TO_DATE('2024-04-06 10:15:00', 'YYYY-MM-DD HH24:MI:SS'), TO_DATE('2024-04-06 12:15:00', 'YYYY-MM-DD HH24:MI:SS'), 17);
INSERT INTO EDUQUIZ.HORARIOS (IDHORARIO, HORA_INICIO, HORA_FIN, IDASIGNACIONDIA) VALUES (18, TO_DATE('2024-04-06 14:00:00', 'YYYY-MM-DD HH24:MI:SS'), TO_DATE('2024-04-06 16:00:00', 'YYYY-MM-DD HH24:MI:SS'), 18);
INSERT INTO EDUQUIZ.HORARIOS (IDHORARIO, HORA_INICIO, HORA_FIN, IDASIGNACIONDIA) VALUES (19, TO_DATE('2024-04-07 08:00:00', 'YYYY-MM-DD HH24:MI:SS'), TO_DATE('2024-04-07 10:00:00', 'YYYY-MM-DD HH24:MI:SS'), 19);
INSERT INTO EDUQUIZ.HORARIOS (IDHORARIO, HORA_INICIO, HORA_FIN, IDASIGNACIONDIA) VALUES (20, TO_DATE('2024-04-07 10:15:00', 'YYYY-MM-DD HH24:MI:SS'), TO_DATE('2024-04-07 12:15:00', 'YYYY-MM-DD HH24:MI:SS'), 20);
INSERT INTO EDUQUIZ.HORARIOS (IDHORARIO, HORA_INICIO, HORA_FIN, IDASIGNACIONDIA) VALUES (21, TO_DATE('2024-04-07 14:00:00', 'YYYY-MM-DD HH24:MI:SS'), TO_DATE('2024-04-07 16:00:00', 'YYYY-MM-DD HH24:MI:SS'), 21);
INSERT INTO EDUQUIZ.HORARIOS (IDHORARIO, HORA_INICIO, HORA_FIN, IDASIGNACIONDIA) VALUES (22, TO_DATE('2024-04-08 08:00:00', 'YYYY-MM-DD HH24:MI:SS'), TO_DATE('2024-04-08 10:00:00', 'YYYY-MM-DD HH24:MI:SS'), 22);
INSERT INTO EDUQUIZ.HORARIOS (IDHORARIO, HORA_INICIO, HORA_FIN, IDASIGNACIONDIA) VALUES (23, TO_DATE('2024-04-08 10:15:00', 'YYYY-MM-DD HH24:MI:SS'), TO_DATE('2024-04-08 12:15:00', 'YYYY-MM-DD HH24:MI:SS'), 23);
INSERT INTO EDUQUIZ.HORARIOS (IDHORARIO, HORA_INICIO, HORA_FIN, IDASIGNACIONDIA) VALUES (24, TO_DATE('2024-04-08 14:00:00', 'YYYY-MM-DD HH24:MI:SS'), TO_DATE('2024-04-08 16:00:00', 'YYYY-MM-DD HH24:MI:SS'), 24);
INSERT INTO EDUQUIZ.HORARIOS (IDHORARIO, HORA_INICIO, HORA_FIN, IDASIGNACIONDIA) VALUES (25, TO_DATE('2024-04-09 08:00:00', 'YYYY-MM-DD HH24:MI:SS'), TO_DATE('2024-04-09 10:00:00', 'YYYY-MM-DD HH24:MI:SS'), 25);
INSERT INTO EDUQUIZ.HORARIOS (IDHORARIO, HORA_INICIO, HORA_FIN, IDASIGNACIONDIA) VALUES (26, TO_DATE('2024-04-09 10:15:00', 'YYYY-MM-DD HH24:MI:SS'), TO_DATE('2024-04-09 12:15:00', 'YYYY-MM-DD HH24:MI:SS'), 26);
INSERT INTO EDUQUIZ.HORARIOS (IDHORARIO, HORA_INICIO, HORA_FIN, IDASIGNACIONDIA) VALUES (27, TO_DATE('2024-04-09 14:00:00', 'YYYY-MM-DD HH24:MI:SS'), TO_DATE('2024-04-09 16:00:00', 'YYYY-MM-DD HH24:MI:SS'), 27);
INSERT INTO EDUQUIZ.HORARIOS (IDHORARIO, HORA_INICIO, HORA_FIN, IDASIGNACIONDIA) VALUES (28, TO_DATE('2024-04-10 08:00:00', 'YYYY-MM-DD HH24:MI:SS'), TO_DATE('2024-04-10 10:00:00', 'YYYY-MM-DD HH24:MI:SS'), 28);
INSERT INTO EDUQUIZ.HORARIOS (IDHORARIO, HORA_INICIO, HORA_FIN, IDASIGNACIONDIA) VALUES (29, TO_DATE('2024-04-10 10:15:00', 'YYYY-MM-DD HH24:MI:SS'), TO_DATE('2024-04-10 12:15:00', 'YYYY-MM-DD HH24:MI:SS'), 29);
INSERT INTO EDUQUIZ.HORARIOS (IDHORARIO, HORA_INICIO, HORA_FIN, IDASIGNACIONDIA) VALUES (30, TO_DATE('2024-04-10 14:00:00', 'YYYY-MM-DD HH24:MI:SS'), TO_DATE('2024-04-10 16:00:00', 'YYYY-MM-DD HH24:MI:SS'), 30);
INSERT INTO EDUQUIZ.HORARIOS (IDHORARIO, HORA_INICIO, HORA_FIN, IDASIGNACIONDIA) VALUES (31, TO_DATE('2024-04-11 08:00:00', 'YYYY-MM-DD HH24:MI:SS'), TO_DATE('2024-04-11 10:00:00', 'YYYY-MM-DD HH24:MI:SS'), 31);
INSERT INTO EDUQUIZ.HORARIOS (IDHORARIO, HORA_INICIO, HORA_FIN, IDASIGNACIONDIA) VALUES (32, TO_DATE('2024-04-11 10:15:00', 'YYYY-MM-DD HH24:MI:SS'), TO_DATE('2024-04-11 12:15:00', 'YYYY-MM-DD HH24:MI:SS'), 32);
INSERT INTO EDUQUIZ.HORARIOS (IDHORARIO, HORA_INICIO, HORA_FIN, IDASIGNACIONDIA) VALUES (33, TO_DATE('2024-04-11 14:00:00', 'YYYY-MM-DD HH24:MI:SS'), TO_DATE('2024-04-11 16:00:00', 'YYYY-MM-DD HH24:MI:SS'), 33);
INSERT INTO EDUQUIZ.HORARIOS (IDHORARIO, HORA_INICIO, HORA_FIN, IDASIGNACIONDIA) VALUES (34, TO_DATE('2024-04-12 08:00:00', 'YYYY-MM-DD HH24:MI:SS'), TO_DATE('2024-04-12 10:00:00', 'YYYY-MM-DD HH24:MI:SS'), 34);
INSERT INTO EDUQUIZ.HORARIOS (IDHORARIO, HORA_INICIO, HORA_FIN, IDASIGNACIONDIA) VALUES (35, TO_DATE('2024-04-12 10:15:00', 'YYYY-MM-DD HH24:MI:SS'), TO_DATE('2024-04-12 12:15:00', 'YYYY-MM-DD HH24:MI:SS'), 35);
INSERT INTO EDUQUIZ.HORARIOS (IDHORARIO, HORA_INICIO, HORA_FIN, IDASIGNACIONDIA) VALUES (36, TO_DATE('2024-04-12 14:00:00', 'YYYY-MM-DD HH24:MI:SS'), TO_DATE('2024-04-12 16:00:00', 'YYYY-MM-DD HH24:MI:SS'), 36);
INSERT INTO EDUQUIZ.HORARIOS (IDHORARIO, HORA_INICIO, HORA_FIN, IDASIGNACIONDIA) VALUES (37, TO_DATE('2024-04-13 08:00:00', 'YYYY-MM-DD HH24:MI:SS'), TO_DATE('2024-04-13 10:00:00', 'YYYY-MM-DD HH24:MI:SS'), 37);
INSERT INTO EDUQUIZ.HORARIOS (IDHORARIO, HORA_INICIO, HORA_FIN, IDASIGNACIONDIA) VALUES (38, TO_DATE('2024-04-13 10:15:00', 'YYYY-MM-DD HH24:MI:SS'), TO_DATE('2024-04-13 12:15:00', 'YYYY-MM-DD HH24:MI:SS'), 38);
INSERT INTO EDUQUIZ.HORARIOS (IDHORARIO, HORA_INICIO, HORA_FIN, IDASIGNACIONDIA) VALUES (39, TO_DATE('2024-04-13 14:00:00', 'YYYY-MM-DD HH24:MI:SS'), TO_DATE('2024-04-13 16:00:00', 'YYYY-MM-DD HH24:MI:SS'), 39);
INSERT INTO EDUQUIZ.HORARIOS (IDHORARIO, HORA_INICIO, HORA_FIN, IDASIGNACIONDIA) VALUES (40, TO_DATE('2024-04-14 08:00:00', 'YYYY-MM-DD HH24:MI:SS'), TO_DATE('2024-04-14 10:00:00', 'YYYY-MM-DD HH24:MI:SS'), 40);

Insert into EDUQUIZ.EXAMENES (IDEXAMENEN,TITULO,FECHAYHORACREACION,DURACIONEXAMEN,CANTIDADPREGUNTAS,CALIFICACION,IDHORARIO,IDCURSO) values ('1','El Siglo de Oro Español: Explorando la Cumbre Literaria',to_date('01/04/24','DD/MM/RR'),'120','5','5','1','2');
Insert into EDUQUIZ.EXAMENES (IDEXAMENEN,TITULO,FECHAYHORACREACION,DURACIONEXAMEN,CANTIDADPREGUNTAS,CALIFICACION,IDHORARIO,IDCURSO) values ('3','Travesía por la Literatura Medieval Española',to_date('01/04/24','DD/MM/RR'),'120','5','5','3','2');
Insert into EDUQUIZ.EXAMENES (IDEXAMENEN,TITULO,FECHAYHORACREACION,DURACIONEXAMEN,CANTIDADPREGUNTAS,CALIFICACION,IDHORARIO,IDCURSO) values ('5','Entre Luces y Sombras: El Teatro del Siglo de Oro',to_date('01/04/24','DD/MM/RR'),'110','5','5','5','2');
Insert into EDUQUIZ.EXAMENES (IDEXAMENEN,TITULO,FECHAYHORACREACION,DURACIONEXAMEN,CANTIDADPREGUNTAS,CALIFICACION,IDHORARIO,IDCURSO) values ('6','Desentrañando los Principios de la Mecánica Clásica',to_date('01/04/24','DD/MM/RR'),'90','5','5','6','3');
Insert into EDUQUIZ.EXAMENES (IDEXAMENEN,TITULO,FECHAYHORACREACION,DURACIONEXAMEN,CANTIDADPREGUNTAS,CALIFICACION,IDHORARIO,IDCURSO) values ('7','Las Leyes de Newton en Acción: Aplicaciones y Consecuencias',to_date('01/04/24','DD/MM/RR'),'120','5','5','7','3');
Insert into EDUQUIZ.EXAMENES (IDEXAMENEN,TITULO,FECHAYHORACREACION,DURACIONEXAMEN,CANTIDADPREGUNTAS,CALIFICACION,IDHORARIO,IDCURSO) values ('9','Fuerza en Acción: Explorando las Leyes de Newton',to_date('01/04/24','DD/MM/RR'),'100','5','5','9','3');
Insert into EDUQUIZ.EXAMENES (IDEXAMENEN,TITULO,FECHAYHORACREACION,DURACIONEXAMEN,CANTIDADPREGUNTAS,CALIFICACION,IDHORARIO,IDCURSO) values ('14','Reacciones Orgánicas: Clasificación y Características',to_date('01/04/24','DD/MM/RR'),'110','5','5','14','4');
Insert into EDUQUIZ.EXAMENES (IDEXAMENEN,TITULO,FECHAYHORACREACION,DURACIONEXAMEN,CANTIDADPREGUNTAS,CALIFICACION,IDHORARIO,IDCURSO) values ('16','La Membrana Celular: Estructura y Función en Detalle',to_date('01/04/24','DD/MM/RR'),'90','5','5','16','5');
Insert into EDUQUIZ.EXAMENES (IDEXAMENEN,TITULO,FECHAYHORACREACION,DURACIONEXAMEN,CANTIDADPREGUNTAS,CALIFICACION,IDHORARIO,IDCURSO) values ('17','Organelos Celulares: Los Guardianes de la Funcionalidad',to_date('01/04/24','DD/MM/RR'),'100','5','5','17','5');
Insert into EDUQUIZ.EXAMENES (IDEXAMENEN,TITULO,FECHAYHORACREACION,DURACIONEXAMEN,CANTIDADPREGUNTAS,CALIFICACION,IDHORARIO,IDCURSO) values ('18','Núcleo Celular: El Centro de Control de la Vida',to_date('01/04/24','DD/MM/RR'),'110','5','5','18','5');
Insert into EDUQUIZ.EXAMENES (IDEXAMENEN,TITULO,FECHAYHORACREACION,DURACIONEXAMEN,CANTIDADPREGUNTAS,CALIFICACION,IDHORARIO,IDCURSO) values ('19','Exploración Profunda de los Organelos Citoplasmáticos',to_date('01/04/24','DD/MM/RR'),'120','5','5','19','5');
Insert into EDUQUIZ.EXAMENES (IDEXAMENEN,TITULO,FECHAYHORACREACION,DURACIONEXAMEN,CANTIDADPREGUNTAS,CALIFICACION,IDHORARIO,IDCURSO) values ('20','Metabolismo Celular: Anabolismo vs. Catabolismo',to_date('01/04/24','DD/MM/RR'),'90','5','5','20','5');
Insert into EDUQUIZ.EXAMENES (IDEXAMENEN,TITULO,FECHAYHORACREACION,DURACIONEXAMEN,CANTIDADPREGUNTAS,CALIFICACION,IDHORARIO,IDCURSO) values ('22','Travesía por las Grandes Civilizaciones de la Antigüedad',to_date('01/04/24','DD/MM/RR'),'120','5','5','22','6');
Insert into EDUQUIZ.EXAMENES (IDEXAMENEN,TITULO,FECHAYHORACREACION,DURACIONEXAMEN,CANTIDADPREGUNTAS,CALIFICACION,IDHORARIO,IDCURSO) values ('24','La Magnificencia de la Grecia Antigua: Una Visión Profunda',to_date('01/04/24','DD/MM/RR'),'100','5','5','24','6');
Insert into EDUQUIZ.EXAMENES (IDEXAMENEN,TITULO,FECHAYHORACREACION,DURACIONEXAMEN,CANTIDADPREGUNTAS,CALIFICACION,IDHORARIO,IDCURSO) values ('25','Egipto Antiguo: Misterios y Grandeza en el Nilo',to_date('01/04/24','DD/MM/RR'),'110','5','5','25','6');
Insert into EDUQUIZ.EXAMENES (IDEXAMENEN,TITULO,FECHAYHORACREACION,DURACIONEXAMEN,CANTIDADPREGUNTAS,CALIFICACION,IDHORARIO,IDCURSO) values ('26','El Imperio Chino: Una Saga Milenaria desde la Antigüedad',to_date('01/04/24','DD/MM/RR'),'120','5','5','26','6');
Insert into EDUQUIZ.EXAMENES (IDEXAMENEN,TITULO,FECHAYHORACREACION,DURACIONEXAMEN,CANTIDADPREGUNTAS,CALIFICACION,IDHORARIO,IDCURSO) values ('27','El Japón de Antaño: Desde el Período Heian al Shogunato',to_date('01/04/24','DD/MM/RR'),'90','5','5','27','6');
Insert into EDUQUIZ.EXAMENES (IDEXAMENEN,TITULO,FECHAYHORACREACION,DURACIONEXAMEN,CANTIDADPREGUNTAS,CALIFICACION,IDHORARIO,IDCURSO) values ('28','Modelando la Tierra: Tectónica de Placas y Relieve',to_date('01/04/24','DD/MM/RR'),'100','5','5','28','7');
Insert into EDUQUIZ.EXAMENES (IDEXAMENEN,TITULO,FECHAYHORACREACION,DURACIONEXAMEN,CANTIDADPREGUNTAS,CALIFICACION,IDHORARIO,IDCURSO) values ('31','Shaping the Earth''s Surface: Agentes Exógenos y su Impacto',to_date('01/04/24','DD/MM/RR'),'90','5','5','31','7');
Insert into EDUQUIZ.EXAMENES (IDEXAMENEN,TITULO,FECHAYHORACREACION,DURACIONEXAMEN,CANTIDADPREGUNTAS,CALIFICACION,IDHORARIO,IDCURSO) values ('32','Entendiendo los Factores que Configuran el Clima',to_date('01/04/24','DD/MM/RR'),'100','5','5','32','7');
Insert into EDUQUIZ.EXAMENES (IDEXAMENEN,TITULO,FECHAYHORACREACION,DURACIONEXAMEN,CANTIDADPREGUNTAS,CALIFICACION,IDHORARIO,IDCURSO) values ('34','Numbers and Dates in English: Mastering the Basics',to_date('01/04/24','DD/MM/RR'),'120','5','5','34','8');
Insert into EDUQUIZ.EXAMENES (IDEXAMENEN,TITULO,FECHAYHORACREACION,DURACIONEXAMEN,CANTIDADPREGUNTAS,CALIFICACION,IDHORARIO,IDCURSO) values ('35','Mastering Advanced Verb Tenses: A Journey through Time',to_date('01/04/24','DD/MM/RR'),'90','5','5','35','8');
Insert into EDUQUIZ.EXAMENES (IDEXAMENEN,TITULO,FECHAYHORACREACION,DURACIONEXAMEN,CANTIDADPREGUNTAS,CALIFICACION,IDHORARIO,IDCURSO) values ('36','Crafting Complex Sentences and Syntax: The Art of Expression',to_date('01/04/24','DD/MM/RR'),'100','5','5','36','8');
Insert into EDUQUIZ.EXAMENES (IDEXAMENEN,TITULO,FECHAYHORACREACION,DURACIONEXAMEN,CANTIDADPREGUNTAS,CALIFICACION,IDHORARIO,IDCURSO) values ('38','Listening Comprehension across Various Accents and Speeds',to_date('01/04/24','DD/MM/RR'),'120','5','5','38','8');
Insert into EDUQUIZ.EXAMENES (IDEXAMENEN,TITULO,FECHAYHORACREACION,DURACIONEXAMEN,CANTIDADPREGUNTAS,CALIFICACION,IDHORARIO,IDCURSO) values ('40','Perfecting Swimming Strokes: Techniques for Mastery',to_date('01/04/24','DD/MM/RR'),'100','5','5','40','8');
Insert into EDUQUIZ.EXAMENES (IDEXAMENEN,TITULO,FECHAYHORACREACION,DURACIONEXAMEN,CANTIDADPREGUNTAS,CALIFICACION,IDHORARIO,IDCURSO) values ('2','La Era Dorada de la Literatura Española: El Modernismo en Foco',to_date('01/04/24','DD/MM/RR'),'90','5','5','2','2');
Insert into EDUQUIZ.EXAMENES (IDEXAMENEN,TITULO,FECHAYHORACREACION,DURACIONEXAMEN,CANTIDADPREGUNTAS,CALIFICACION,IDHORARIO,IDCURSO) values ('4','La Prosa en su Máxima Expresión: El Siglo de Oro en Detalle',to_date('01/04/24','DD/MM/RR'),'100','5','5','4','2');
Insert into EDUQUIZ.EXAMENES (IDEXAMENEN,TITULO,FECHAYHORACREACION,DURACIONEXAMEN,CANTIDADPREGUNTAS,CALIFICACION,IDHORARIO,IDCURSO) values ('8','La Primera Ley de Newton al Descubierto: Inercia en Movimiento',to_date('01/04/24','DD/MM/RR'),'80','5','5','8','3');
Insert into EDUQUIZ.EXAMENES (IDEXAMENEN,TITULO,FECHAYHORACREACION,DURACIONEXAMEN,CANTIDADPREGUNTAS,CALIFICACION,IDHORARIO,IDCURSO) values ('10','Trabajando en el Mundo de la Física: Conceptos y Aplicaciones',to_date('01/04/24','DD/MM/RR'),'110','5','5','10','3');
Insert into EDUQUIZ.EXAMENES (IDEXAMENEN,TITULO,FECHAYHORACREACION,DURACIONEXAMEN,CANTIDADPREGUNTAS,CALIFICACION,IDHORARIO,IDCURSO) values ('11','De la Potencialidad a la Cinética: Un Viaje por los Tipos de Energía',to_date('01/04/24','DD/MM/RR'),'120','5','5','11','3');
Insert into EDUQUIZ.EXAMENES (IDEXAMENEN,TITULO,FECHAYHORACREACION,DURACIONEXAMEN,CANTIDADPREGUNTAS,CALIFICACION,IDHORARIO,IDCURSO) values ('12','Nomenclatura y Estructura: Aventurándose en los Compuestos Orgánicos',to_date('01/04/24','DD/MM/RR'),'90','5','5','12','4');
Insert into EDUQUIZ.EXAMENES (IDEXAMENEN,TITULO,FECHAYHORACREACION,DURACIONEXAMEN,CANTIDADPREGUNTAS,CALIFICACION,IDHORARIO,IDCURSO) values ('13','Enlaces que Marcan la Diferencia: Explorando el Enlace Químico Orgánico',to_date('01/04/24','DD/MM/RR'),'100','5','5','13','4');
Insert into EDUQUIZ.EXAMENES (IDEXAMENEN,TITULO,FECHAYHORACREACION,DURACIONEXAMEN,CANTIDADPREGUNTAS,CALIFICACION,IDHORARIO,IDCURSO) values ('15','Descifrando los Mecanismos de Reacción en Química Orgánica',to_date('01/04/24','DD/MM/RR'),'120','5','5','15','4');
Insert into EDUQUIZ.EXAMENES (IDEXAMENEN,TITULO,FECHAYHORACREACION,DURACIONEXAMEN,CANTIDADPREGUNTAS,CALIFICACION,IDHORARIO,IDCURSO) values ('21','Comunicación Celular: Señalización y Transducción de Mensajes',to_date('01/04/24','DD/MM/RR'),'100','5','5','21','5');
Insert into EDUQUIZ.EXAMENES (IDEXAMENEN,TITULO,FECHAYHORACREACION,DURACIONEXAMEN,CANTIDADPREGUNTAS,CALIFICACION,IDHORARIO,IDCURSO) values ('23','El Camino de la Escritura: Desarrollo y Difusión en la Antigüedad',to_date('01/04/24','DD/MM/RR'),'90','5','5','23','6');
Insert into EDUQUIZ.EXAMENES (IDEXAMENEN,TITULO,FECHAYHORACREACION,DURACIONEXAMEN,CANTIDADPREGUNTAS,CALIFICACION,IDHORARIO,IDCURSO) values ('29','Climas y Ecosistemas: Factores Determinantes y Zonas de Influencia',to_date('01/04/24','DD/MM/RR'),'110','5','5','29','7');
Insert into EDUQUIZ.EXAMENES (IDEXAMENEN,TITULO,FECHAYHORACREACION,DURACIONEXAMEN,CANTIDADPREGUNTAS,CALIFICACION,IDHORARIO,IDCURSO) values ('30','Sculpting the Earth: Agentes Endógenos y sus Formas de Relieve',to_date('01/04/24','DD/MM/RR'),'120','5','5','30','7');
Insert into EDUQUIZ.EXAMENES (IDEXAMENEN,TITULO,FECHAYHORACREACION,DURACIONEXAMEN,CANTIDADPREGUNTAS,CALIFICACION,IDHORARIO,IDCURSO) values ('33','Greetings and Introductions in English: Navigating Social Interactions',to_date('01/04/24','DD/MM/RR'),'110','5','5','33','8');
Insert into EDUQUIZ.EXAMENES (IDEXAMENEN,TITULO,FECHAYHORACREACION,DURACIONEXAMEN,CANTIDADPREGUNTAS,CALIFICACION,IDHORARIO,IDCURSO) values ('37','Conversational Practice in Everyday Situations: Building Fluency',to_date('01/04/24','DD/MM/RR'),'110','5','5','37','8');
Insert into EDUQUIZ.EXAMENES (IDEXAMENEN,TITULO,FECHAYHORACREACION,DURACIONEXAMEN,CANTIDADPREGUNTAS,CALIFICACION,IDHORARIO,IDCURSO) values ('39','Breathing Techniques in Swimming: Achieving Efficiency and Performance',to_date('01/04/24','DD/MM/RR'),'90','5','5','39','8');

Insert into EDUQUIZ.TEMAS_EXAMENES (IDTEMA_EXAMEN,IDEXAMENES,IDTEMA) values ('1','1','1');
Insert into EDUQUIZ.TEMAS_EXAMENES (IDTEMA_EXAMEN,IDEXAMENES,IDTEMA) values ('2','2','2');
Insert into EDUQUIZ.TEMAS_EXAMENES (IDTEMA_EXAMEN,IDEXAMENES,IDTEMA) values ('3','3','3');
Insert into EDUQUIZ.TEMAS_EXAMENES (IDTEMA_EXAMEN,IDEXAMENES,IDTEMA) values ('4','4','4');
Insert into EDUQUIZ.TEMAS_EXAMENES (IDTEMA_EXAMEN,IDEXAMENES,IDTEMA) values ('5','5','5');
Insert into EDUQUIZ.TEMAS_EXAMENES (IDTEMA_EXAMEN,IDEXAMENES,IDTEMA) values ('6','6','6');
Insert into EDUQUIZ.TEMAS_EXAMENES (IDTEMA_EXAMEN,IDEXAMENES,IDTEMA) values ('7','7','7');
Insert into EDUQUIZ.TEMAS_EXAMENES (IDTEMA_EXAMEN,IDEXAMENES,IDTEMA) values ('8','8','8');
Insert into EDUQUIZ.TEMAS_EXAMENES (IDTEMA_EXAMEN,IDEXAMENES,IDTEMA) values ('9','9','7');
Insert into EDUQUIZ.TEMAS_EXAMENES (IDTEMA_EXAMEN,IDEXAMENES,IDTEMA) values ('10','10','10');
Insert into EDUQUIZ.TEMAS_EXAMENES (IDTEMA_EXAMEN,IDEXAMENES,IDTEMA) values ('11','11','11');
Insert into EDUQUIZ.TEMAS_EXAMENES (IDTEMA_EXAMEN,IDEXAMENES,IDTEMA) values ('12','12','12');
Insert into EDUQUIZ.TEMAS_EXAMENES (IDTEMA_EXAMEN,IDEXAMENES,IDTEMA) values ('13','13','13');
Insert into EDUQUIZ.TEMAS_EXAMENES (IDTEMA_EXAMEN,IDEXAMENES,IDTEMA) values ('14','14','14');
Insert into EDUQUIZ.TEMAS_EXAMENES (IDTEMA_EXAMEN,IDEXAMENES,IDTEMA) values ('15','15','15');
Insert into EDUQUIZ.TEMAS_EXAMENES (IDTEMA_EXAMEN,IDEXAMENES,IDTEMA) values ('16','16','16');
Insert into EDUQUIZ.TEMAS_EXAMENES (IDTEMA_EXAMEN,IDEXAMENES,IDTEMA) values ('17','17','17');
Insert into EDUQUIZ.TEMAS_EXAMENES (IDTEMA_EXAMEN,IDEXAMENES,IDTEMA) values ('18','18','18');
Insert into EDUQUIZ.TEMAS_EXAMENES (IDTEMA_EXAMEN,IDEXAMENES,IDTEMA) values ('19','19','19');
Insert into EDUQUIZ.TEMAS_EXAMENES (IDTEMA_EXAMEN,IDEXAMENES,IDTEMA) values ('20','20','20');
Insert into EDUQUIZ.TEMAS_EXAMENES (IDTEMA_EXAMEN,IDEXAMENES,IDTEMA) values ('21','21','21');
Insert into EDUQUIZ.TEMAS_EXAMENES (IDTEMA_EXAMEN,IDEXAMENES,IDTEMA) values ('22','22','22');
Insert into EDUQUIZ.TEMAS_EXAMENES (IDTEMA_EXAMEN,IDEXAMENES,IDTEMA) values ('23','23','23');
Insert into EDUQUIZ.TEMAS_EXAMENES (IDTEMA_EXAMEN,IDEXAMENES,IDTEMA) values ('24','24','24');
Insert into EDUQUIZ.TEMAS_EXAMENES (IDTEMA_EXAMEN,IDEXAMENES,IDTEMA) values ('25','25','25');
Insert into EDUQUIZ.TEMAS_EXAMENES (IDTEMA_EXAMEN,IDEXAMENES,IDTEMA) values ('26','26','26');
Insert into EDUQUIZ.TEMAS_EXAMENES (IDTEMA_EXAMEN,IDEXAMENES,IDTEMA) values ('27','27','27');
Insert into EDUQUIZ.TEMAS_EXAMENES (IDTEMA_EXAMEN,IDEXAMENES,IDTEMA) values ('28','28','28');
Insert into EDUQUIZ.TEMAS_EXAMENES (IDTEMA_EXAMEN,IDEXAMENES,IDTEMA) values ('29','29','29');
Insert into EDUQUIZ.TEMAS_EXAMENES (IDTEMA_EXAMEN,IDEXAMENES,IDTEMA) values ('30','30','30');
Insert into EDUQUIZ.TEMAS_EXAMENES (IDTEMA_EXAMEN,IDEXAMENES,IDTEMA) values ('31','31','31');
Insert into EDUQUIZ.TEMAS_EXAMENES (IDTEMA_EXAMEN,IDEXAMENES,IDTEMA) values ('32','32','32');
Insert into EDUQUIZ.TEMAS_EXAMENES (IDTEMA_EXAMEN,IDEXAMENES,IDTEMA) values ('33','33','33');
Insert into EDUQUIZ.TEMAS_EXAMENES (IDTEMA_EXAMEN,IDEXAMENES,IDTEMA) values ('34','34','34');
Insert into EDUQUIZ.TEMAS_EXAMENES (IDTEMA_EXAMEN,IDEXAMENES,IDTEMA) values ('35','35','35');
Insert into EDUQUIZ.TEMAS_EXAMENES (IDTEMA_EXAMEN,IDEXAMENES,IDTEMA) values ('36','36','36');
Insert into EDUQUIZ.TEMAS_EXAMENES (IDTEMA_EXAMEN,IDEXAMENES,IDTEMA) values ('37','37','37');
Insert into EDUQUIZ.TEMAS_EXAMENES (IDTEMA_EXAMEN,IDEXAMENES,IDTEMA) values ('38','38','38');
Insert into EDUQUIZ.TEMAS_EXAMENES (IDTEMA_EXAMEN,IDEXAMENES,IDTEMA) values ('39','39','39');
Insert into EDUQUIZ.TEMAS_EXAMENES (IDTEMA_EXAMEN,IDEXAMENES,IDTEMA) values ('40','40','40');

INSERT INTO "EDUQUIZ"."ASIGNACIONES_ESTUDIANTES" (IDASIGNACION, IDESTUDIANTE, IDEXAMENES, HORA_INICIO, HORA_FIN, FECHA_ASIGNACION, NOTA) 
VALUES ('1', '1', '1', TO_DATE('2024-04-01 13:00:00', 'YYYY-MM-DD HH24:MI:SS'), TO_DATE('2024-04-01 15:00:00', 'YYYY-MM-DD HH24:MI:SS'), TO_DATE('2024-04-01 15:26:32', 'YYYY-MM-DD HH24:MI:SS'), '2');
INSERT INTO "EDUQUIZ"."ASIGNACIONES_ESTUDIANTES" (IDASIGNACION, IDESTUDIANTE, IDEXAMENES, HORA_INICIO, HORA_FIN, FECHA_ASIGNACION, NOTA) 
VALUES ('2', '2', '1', TO_DATE('2024-04-01 13:00:00', 'YYYY-MM-DD HH24:MI:SS'), TO_DATE('2024-04-01 15:00:00', 'YYYY-MM-DD HH24:MI:SS'), TO_DATE('2024-04-01 00:00:00', 'YYYY-MM-DD HH24:MI:SS'), '3,5');
INSERT INTO "EDUQUIZ"."ASIGNACIONES_ESTUDIANTES" (IDASIGNACION, IDESTUDIANTE, IDEXAMENES, HORA_INICIO, HORA_FIN, FECHA_ASIGNACION, NOTA) 
VALUES ('3', '3', '1', TO_DATE('2024-04-01 13:00:00', 'YYYY-MM-DD HH24:MI:SS'), TO_DATE('2024-04-01 15:00:00', 'YYYY-MM-DD HH24:MI:SS'), TO_DATE('2024-04-01 00:00:00', 'YYYY-MM-DD HH24:MI:SS'), '3');
INSERT INTO "EDUQUIZ"."ASIGNACIONES_ESTUDIANTES" (IDASIGNACION, IDESTUDIANTE, IDEXAMENES, HORA_INICIO, HORA_FIN, FECHA_ASIGNACION, NOTA) 
VALUES ('4', '4', '2', TO_DATE('2024-04-01 13:00:00', 'YYYY-MM-DD HH24:MI:SS'), TO_DATE('2024-04-01 15:00:00', 'YYYY-MM-DD HH24:MI:SS'), TO_DATE('2024-04-25 15:32:37', 'YYYY-MM-DD HH24:MI:SS'), '4');
INSERT INTO "EDUQUIZ"."ASIGNACIONES_ESTUDIANTES" (IDASIGNACION, IDESTUDIANTE, IDEXAMENES, HORA_INICIO, HORA_FIN, FECHA_ASIGNACION, NOTA) 
VALUES ('5', '5', '2', TO_DATE('2024-04-01 13:00:00', 'YYYY-MM-DD HH24:MI:SS'), TO_DATE('2024-04-01 15:00:00', 'YYYY-MM-DD HH24:MI:SS'), TO_DATE('2024-04-25 00:00:00', 'YYYY-MM-DD HH24:MI:SS'), '3,5');
INSERT INTO "EDUQUIZ"."ASIGNACIONES_ESTUDIANTES" (IDASIGNACION, IDESTUDIANTE, IDEXAMENES, HORA_INICIO, HORA_FIN, FECHA_ASIGNACION, NOTA) 
VALUES ('6', '6', '2', TO_DATE('2024-04-01 13:00:00', 'YYYY-MM-DD HH24:MI:SS'), TO_DATE('2024-04-01 15:00:00', 'YYYY-MM-DD HH24:MI:SS'), TO_DATE('2024-04-25 00:00:00', 'YYYY-MM-DD HH24:MI:SS'), '4,5');
INSERT INTO "EDUQUIZ"."ASIGNACIONES_ESTUDIANTES" (IDASIGNACION, IDESTUDIANTE, IDEXAMENES, HORA_INICIO, HORA_FIN, FECHA_ASIGNACION, NOTA) 
VALUES ('7', '7', '3', TO_DATE('2024-04-01 13:00:00', 'YYYY-MM-DD HH24:MI:SS'), TO_DATE('2024-04-01 15:00:00', 'YYYY-MM-DD HH24:MI:SS'), TO_DATE('2024-04-14 15:32:54', 'YYYY-MM-DD HH24:MI:SS'), '4');
INSERT INTO "EDUQUIZ"."ASIGNACIONES_ESTUDIANTES" (IDASIGNACION, IDESTUDIANTE, IDEXAMENES, HORA_INICIO, HORA_FIN, FECHA_ASIGNACION, NOTA) 
VALUES ('8', '8', '3', TO_DATE('2024-04-01 13:00:00', 'YYYY-MM-DD HH24:MI:SS'), TO_DATE('2024-04-01 15:00:00', 'YYYY-MM-DD HH24:MI:SS'), TO_DATE('2024-04-14 00:00:00', 'YYYY-MM-DD HH24:MI:SS'), '4');
INSERT INTO "EDUQUIZ"."ASIGNACIONES_ESTUDIANTES" (IDASIGNACION, IDESTUDIANTE, IDEXAMENES, HORA_INICIO, HORA_FIN, FECHA_ASIGNACION, NOTA) 
VALUES ('9', '9', '3', TO_DATE('2024-04-01 13:00:00', 'YYYY-MM-DD HH24:MI:SS'), TO_DATE('2024-04-01 15:00:00', 'YYYY-MM-DD HH24:MI:SS'), TO_DATE('2024-04-14 00:00:00', 'YYYY-MM-DD HH24:MI:SS'), '2');
INSERT INTO "EDUQUIZ"."ASIGNACIONES_ESTUDIANTES" (IDASIGNACION, IDESTUDIANTE, IDEXAMENES, HORA_INICIO, HORA_FIN, FECHA_ASIGNACION, NOTA) 
VALUES ('10', '10', '3', TO_DATE('2024-04-01 13:00:00', 'YYYY-MM-DD HH24:MI:SS'), TO_DATE('2024-04-01 15:00:00', 'YYYY-MM-DD HH24:MI:SS'), TO_DATE('2024-04-14 00:00:00', 'YYYY-MM-DD HH24:MI:SS'), '3');
INSERT INTO "EDUQUIZ"."ASIGNACIONES_ESTUDIANTES" (IDASIGNACION, IDESTUDIANTE, IDEXAMENES, HORA_INICIO, HORA_FIN, FECHA_ASIGNACION, NOTA) 
VALUES ('11', '11', '4', TO_DATE('2024-04-01 13:00:00', 'YYYY-MM-DD HH24:MI:SS'), TO_DATE('2024-04-01 15:00:00', 'YYYY-MM-DD HH24:MI:SS'), TO_DATE('2024-04-22 15:33:11', 'YYYY-MM-DD HH24:MI:SS'), '3');
INSERT INTO "EDUQUIZ"."ASIGNACIONES_ESTUDIANTES" (IDASIGNACION, IDESTUDIANTE, IDEXAMENES, HORA_INICIO, HORA_FIN, FECHA_ASIGNACION, NOTA) 
VALUES ('12', '12', '4', TO_DATE('2024-04-01 13:00:00', 'YYYY-MM-DD HH24:MI:SS'), TO_DATE('2024-04-01 15:00:00', 'YYYY-MM-DD HH24:MI:SS'), TO_DATE('2024-04-22 00:00:00', 'YYYY-MM-DD HH24:MI:SS'), '4');
INSERT INTO "EDUQUIZ"."ASIGNACIONES_ESTUDIANTES" (IDASIGNACION, IDESTUDIANTE, IDEXAMENES, HORA_INICIO, HORA_FIN, FECHA_ASIGNACION, NOTA) 
VALUES ('13', '13', '4', TO_DATE('2024-04-01 13:00:00', 'YYYY-MM-DD HH24:MI:SS'), TO_DATE('2024-04-01 15:00:00', 'YYYY-MM-DD HH24:MI:SS'), TO_DATE('2024-04-22 00:00:00', 'YYYY-MM-DD HH24:MI:SS'), '3');
INSERT INTO "EDUQUIZ"."ASIGNACIONES_ESTUDIANTES" (IDASIGNACION, IDESTUDIANTE, IDEXAMENES, HORA_INICIO, HORA_FIN, FECHA_ASIGNACION, NOTA) 
VALUES ('14', '14', '5', TO_DATE('2024-04-01 13:00:00', 'YYYY-MM-DD HH24:MI:SS'), TO_DATE('2024-04-01 15:00:00', 'YYYY-MM-DD HH24:MI:SS'), TO_DATE('2024-04-15 15:33:26', 'YYYY-MM-DD HH24:MI:SS'), '4,5');
INSERT INTO "EDUQUIZ"."ASIGNACIONES_ESTUDIANTES" (IDASIGNACION, IDESTUDIANTE, IDEXAMENES, HORA_INICIO, HORA_FIN, FECHA_ASIGNACION, NOTA) 
VALUES ('15', '15', '5', TO_DATE('2024-04-01 13:00:00', 'YYYY-MM-DD HH24:MI:SS'), TO_DATE('2024-04-01 15:00:00', 'YYYY-MM-DD HH24:MI:SS'), TO_DATE('2024-04-15 00:00:00', 'YYYY-MM-DD HH24:MI:SS'), '3,5');
INSERT INTO "EDUQUIZ"."ASIGNACIONES_ESTUDIANTES" (IDASIGNACION, IDESTUDIANTE, IDEXAMENES, HORA_INICIO, HORA_FIN, FECHA_ASIGNACION, NOTA) 
VALUES ('16', '16', '5', TO_DATE('2024-04-01 13:00:00', 'YYYY-MM-DD HH24:MI:SS'), TO_DATE('2024-04-01 15:00:00', 'YYYY-MM-DD HH24:MI:SS'), TO_DATE('2024-04-15 00:00:00', 'YYYY-MM-DD HH24:MI:SS'), '4');
INSERT INTO "EDUQUIZ"."ASIGNACIONES_ESTUDIANTES" (IDASIGNACION, IDESTUDIANTE, IDEXAMENES, HORA_INICIO, HORA_FIN, FECHA_ASIGNACION, NOTA) 
VALUES ('17', '17', '6', TO_DATE('2024-04-01 13:00:00', 'YYYY-MM-DD HH24:MI:SS'), TO_DATE('2024-04-01 15:00:00', 'YYYY-MM-DD HH24:MI:SS'), TO_DATE('2024-04-22 15:33:41', 'YYYY-MM-DD HH24:MI:SS'), '3');
INSERT INTO "EDUQUIZ"."ASIGNACIONES_ESTUDIANTES" (IDASIGNACION, IDESTUDIANTE, IDEXAMENES, HORA_INICIO, HORA_FIN, FECHA_ASIGNACION, NOTA) 
VALUES ('18', '18', '6', TO_DATE('2024-04-01 13:00:00', 'YYYY-MM-DD HH24:MI:SS'), TO_DATE('2024-04-01 15:00:00', 'YYYY-MM-DD HH24:MI:SS'), TO_DATE('2024-04-22 00:00:00', 'YYYY-MM-DD HH24:MI:SS'), '4,5');
INSERT INTO "EDUQUIZ"."ASIGNACIONES_ESTUDIANTES" (IDASIGNACION, IDESTUDIANTE, IDEXAMENES, HORA_INICIO, HORA_FIN, FECHA_ASIGNACION, NOTA) 
VALUES ('19', '19', '6', TO_DATE('2024-04-01 13:00:00', 'YYYY-MM-DD HH24:MI:SS'), TO_DATE('2024-04-01 15:00:00', 'YYYY-MM-DD HH24:MI:SS'), TO_DATE('2024-04-22 00:00:00', 'YYYY-MM-DD HH24:MI:SS'), '3,5');
INSERT INTO "EDUQUIZ"."ASIGNACIONES_ESTUDIANTES" (IDASIGNACION, IDESTUDIANTE, IDEXAMENES, HORA_INICIO, HORA_FIN, FECHA_ASIGNACION, NOTA) 
VALUES ('20', '20', '7', TO_DATE('2024-04-01 13:00:00', 'YYYY-MM-DD HH24:MI:SS'), TO_DATE('2024-04-01 15:00:00', 'YYYY-MM-DD HH24:MI:SS'), TO_DATE('2024-04-15 15:34:01', 'YYYY-MM-DD HH24:MI:SS'), '4');
INSERT INTO "EDUQUIZ"."ASIGNACIONES_ESTUDIANTES" (IDASIGNACION, IDESTUDIANTE, IDEXAMENES, HORA_INICIO, HORA_FIN, FECHA_ASIGNACION, NOTA) 
VALUES ('21', '21', '7', TO_DATE('2024-04-01 13:00:00', 'YYYY-MM-DD HH24:MI:SS'), TO_DATE('2024-04-01 15:00:00', 'YYYY-MM-DD HH24:MI:SS'), TO_DATE('2024-04-15 00:00:00', 'YYYY-MM-DD HH24:MI:SS'), '4,5');
INSERT INTO "EDUQUIZ"."ASIGNACIONES_ESTUDIANTES" (IDASIGNACION, IDESTUDIANTE, IDEXAMENES, HORA_INICIO, HORA_FIN, FECHA_ASIGNACION, NOTA) 
VALUES ('22', '22', '7', TO_DATE('2024-04-01 13:00:00', 'YYYY-MM-DD HH24:MI:SS'), TO_DATE('2024-04-01 15:00:00', 'YYYY-MM-DD HH24:MI:SS'), TO_DATE('2024-04-15 00:00:00', 'YYYY-MM-DD HH24:MI:SS'), '5');
INSERT INTO "EDUQUIZ"."ASIGNACIONES_ESTUDIANTES" (IDASIGNACION, IDESTUDIANTE, IDEXAMENES, HORA_INICIO, HORA_FIN, FECHA_ASIGNACION, NOTA) 
VALUES ('23', '23', '8', TO_DATE('2024-04-01 13:00:00', 'YYYY-MM-DD HH24:MI:SS'), TO_DATE('2024-04-01 15:00:00', 'YYYY-MM-DD HH24:MI:SS'), TO_DATE('2024-04-29 15:34:21', 'YYYY-MM-DD HH24:MI:SS'), '4');
INSERT INTO "EDUQUIZ"."ASIGNACIONES_ESTUDIANTES" (IDASIGNACION, IDESTUDIANTE, IDEXAMENES, HORA_INICIO, HORA_FIN, FECHA_ASIGNACION, NOTA) 
VALUES ('24', '24', '8', TO_DATE('2024-04-01 13:00:00', 'YYYY-MM-DD HH24:MI:SS'), TO_DATE('2024-04-01 15:00:00', 'YYYY-MM-DD HH24:MI:SS'), TO_DATE('2024-04-29 00:00:00', 'YYYY-MM-DD HH24:MI:SS'), '5');
INSERT INTO "EDUQUIZ"."ASIGNACIONES_ESTUDIANTES" (IDASIGNACION, IDESTUDIANTE, IDEXAMENES, HORA_INICIO, HORA_FIN, FECHA_ASIGNACION, NOTA) 
VALUES ('25', '25', '8', TO_DATE('2024-04-01 13:00:00', 'YYYY-MM-DD HH24:MI:SS'), TO_DATE('2024-04-01 15:00:00', 'YYYY-MM-DD HH24:MI:SS'), TO_DATE('2024-04-29 00:00:00', 'YYYY-MM-DD HH24:MI:SS'), '4,5');
INSERT INTO "EDUQUIZ"."ASIGNACIONES_ESTUDIANTES" (IDASIGNACION, IDESTUDIANTE, IDEXAMENES, HORA_INICIO, HORA_FIN, FECHA_ASIGNACION, NOTA) 
VALUES ('26', '26', '9', TO_DATE('2024-04-01 13:00:00', 'YYYY-MM-DD HH24:MI:SS'), TO_DATE('2024-04-01 15:00:00', 'YYYY-MM-DD HH24:MI:SS'), TO_DATE('2024-05-06 00:00:00', 'YYYY-MM-DD HH24:MI:SS'), '3');
INSERT INTO "EDUQUIZ"."ASIGNACIONES_ESTUDIANTES" (IDASIGNACION, IDESTUDIANTE, IDEXAMENES, HORA_INICIO, HORA_FIN, FECHA_ASIGNACION, NOTA) 
VALUES ('27', '27', '9', TO_DATE('2024-04-01 13:00:00', 'YYYY-MM-DD HH24:MI:SS'), TO_DATE('2024-04-01 15:00:00', 'YYYY-MM-DD HH24:MI:SS'), TO_DATE('2024-05-06 00:00:00', 'YYYY-MM-DD HH24:MI:SS'), '4');
INSERT INTO "EDUQUIZ"."ASIGNACIONES_ESTUDIANTES" (IDASIGNACION, IDESTUDIANTE, IDEXAMENES, HORA_INICIO, HORA_FIN, FECHA_ASIGNACION, NOTA) 
VALUES ('28', '28', '10', TO_DATE('2024-04-01 13:00:00', 'YYYY-MM-DD HH24:MI:SS'), TO_DATE('2024-04-01 15:00:00', 'YYYY-MM-DD HH24:MI:SS'), TO_DATE('2024-05-06 00:00:00', 'YYYY-MM-DD HH24:MI:SS'), '4');
INSERT INTO "EDUQUIZ"."ASIGNACIONES_ESTUDIANTES" (IDASIGNACION, IDESTUDIANTE, IDEXAMENES, HORA_INICIO, HORA_FIN, FECHA_ASIGNACION, NOTA) 
VALUES ('29', '29', '10', TO_DATE('2024-04-01 13:00:00', 'YYYY-MM-DD HH24:MI:SS'), TO_DATE('2024-04-01 15:00:00', 'YYYY-MM-DD HH24:MI:SS'), TO_DATE('2024-05-06 00:00:00', 'YYYY-MM-DD HH24:MI:SS'), '4,5');
INSERT INTO "EDUQUIZ"."ASIGNACIONES_ESTUDIANTES" (IDASIGNACION, IDESTUDIANTE, IDEXAMENES, HORA_INICIO, HORA_FIN, FECHA_ASIGNACION, NOTA) 
VALUES ('30', '30', '11', TO_DATE('2024-04-01 13:00:00', 'YYYY-MM-DD HH24:MI:SS'), TO_DATE('2024-04-01 15:00:00', 'YYYY-MM-DD HH24:MI:SS'), TO_DATE('2024-05-06 00:00:00', 'YYYY-MM-DD HH24:MI:SS'), '5');
INSERT INTO "EDUQUIZ"."ASIGNACIONES_ESTUDIANTES" (IDASIGNACION, IDESTUDIANTE, IDEXAMENES, HORA_INICIO, HORA_FIN, FECHA_ASIGNACION, NOTA) 
VALUES ('31', '31', '11', TO_DATE('2024-04-01 13:00:00', 'YYYY-MM-DD HH24:MI:SS'), TO_DATE('2024-04-01 15:00:00', 'YYYY-MM-DD HH24:MI:SS'), TO_DATE('2024-05-06 00:00:00', 'YYYY-MM-DD HH24:MI:SS'), '4');
INSERT INTO "EDUQUIZ"."ASIGNACIONES_ESTUDIANTES" (IDASIGNACION, IDESTUDIANTE, IDEXAMENES, HORA_INICIO, HORA_FIN, FECHA_ASIGNACION, NOTA) 
VALUES ('32', '32', '12', TO_DATE('2024-04-01 13:00:00', 'YYYY-MM-DD HH24:MI:SS'), TO_DATE('2024-04-01 15:00:00', 'YYYY-MM-DD HH24:MI:SS'), TO_DATE('2024-04-15 00:00:00', 'YYYY-MM-DD HH24:MI:SS'), '3');
INSERT INTO "EDUQUIZ"."ASIGNACIONES_ESTUDIANTES" (IDASIGNACION, IDESTUDIANTE, IDEXAMENES, HORA_INICIO, HORA_FIN, FECHA_ASIGNACION, NOTA) 
VALUES ('33', '33', '12', TO_DATE('2024-04-01 13:00:00', 'YYYY-MM-DD HH24:MI:SS'), TO_DATE('2024-04-01 15:00:00', 'YYYY-MM-DD HH24:MI:SS'), TO_DATE('2024-04-15 00:00:00', 'YYYY-MM-DD HH24:MI:SS'), '2');
INSERT INTO "EDUQUIZ"."ASIGNACIONES_ESTUDIANTES" (IDASIGNACION, IDESTUDIANTE, IDEXAMENES, HORA_INICIO, HORA_FIN, FECHA_ASIGNACION, NOTA) 
VALUES ('34', '34', '12', TO_DATE('2024-04-01 13:00:00', 'YYYY-MM-DD HH24:MI:SS'), TO_DATE('2024-04-01 15:00:00', 'YYYY-MM-DD HH24:MI:SS'), TO_DATE('2024-04-15 00:00:00', 'YYYY-MM-DD HH24:MI:SS'), '4');
INSERT INTO "EDUQUIZ"."ASIGNACIONES_ESTUDIANTES" (IDASIGNACION, IDESTUDIANTE, IDEXAMENES, HORA_INICIO, HORA_FIN, FECHA_ASIGNACION, NOTA) 
VALUES ('35', '35', '13', TO_DATE('2024-04-01 13:00:00', 'YYYY-MM-DD HH24:MI:SS'), TO_DATE('2024-04-01 15:00:00', 'YYYY-MM-DD HH24:MI:SS'), TO_DATE('2024-04-22 00:00:00', 'YYYY-MM-DD HH24:MI:SS'), '3,5');
INSERT INTO "EDUQUIZ"."ASIGNACIONES_ESTUDIANTES" (IDASIGNACION, IDESTUDIANTE, IDEXAMENES, HORA_INICIO, HORA_FIN, FECHA_ASIGNACION, NOTA) 
VALUES ('36', '36', '13', TO_DATE('2024-04-01 13:00:00', 'YYYY-MM-DD HH24:MI:SS'), TO_DATE('2024-04-01 15:00:00', 'YYYY-MM-DD HH24:MI:SS'), TO_DATE('2024-04-22 00:00:00', 'YYYY-MM-DD HH24:MI:SS'), '4');
INSERT INTO "EDUQUIZ"."ASIGNACIONES_ESTUDIANTES" (IDASIGNACION, IDESTUDIANTE, IDEXAMENES, HORA_INICIO, HORA_FIN, FECHA_ASIGNACION, NOTA) 
VALUES ('37', '37', '13', TO_DATE('2024-04-01 13:00:00', 'YYYY-MM-DD HH24:MI:SS'), TO_DATE('2024-04-01 15:00:00', 'YYYY-MM-DD HH24:MI:SS'), TO_DATE('2024-04-22 00:00:00', 'YYYY-MM-DD HH24:MI:SS'), '3');
INSERT INTO "EDUQUIZ"."ASIGNACIONES_ESTUDIANTES" (IDASIGNACION, IDESTUDIANTE, IDEXAMENES, HORA_INICIO, HORA_FIN, FECHA_ASIGNACION, NOTA) 
VALUES ('38', '38', '14', TO_DATE('2024-04-01 13:00:00', 'YYYY-MM-DD HH24:MI:SS'), TO_DATE('2024-04-01 15:00:00', 'YYYY-MM-DD HH24:MI:SS'), TO_DATE('2024-04-29 00:00:00', 'YYYY-MM-DD HH24:MI:SS'), '4,5');
INSERT INTO "EDUQUIZ"."ASIGNACIONES_ESTUDIANTES" (IDASIGNACION, IDESTUDIANTE, IDEXAMENES, HORA_INICIO, HORA_FIN, FECHA_ASIGNACION, NOTA) 
VALUES ('39', '39', '14', TO_DATE('2024-04-01 13:00:00', 'YYYY-MM-DD HH24:MI:SS'), TO_DATE('2024-04-01 15:00:00', 'YYYY-MM-DD HH24:MI:SS'), TO_DATE('2024-04-29 00:00:00', 'YYYY-MM-DD HH24:MI:SS'), '3,5');
INSERT INTO "EDUQUIZ"."ASIGNACIONES_ESTUDIANTES" (IDASIGNACION, IDESTUDIANTE, IDEXAMENES, HORA_INICIO, HORA_FIN, FECHA_ASIGNACION, NOTA) 
VALUES ('40', '40', '14', TO_DATE('2024-04-01 13:00:00', 'YYYY-MM-DD HH24:MI:SS'), TO_DATE('2024-04-01 15:00:00', 'YYYY-MM-DD HH24:MI:SS'), TO_DATE('2024-04-29 00:00:00', 'YYYY-MM-DD HH24:MI:SS'), '4');
